deployment_id,timestamp,service,commit_hash,author,summary,description,status,environment
DEP-fed4dd55,2025-08-29T00:00:00,cart-microservice,a6f1db86c5514d14bc6ab7da37e321c6,dev_5@enterprise.com,Deploy cart-microservice v1.2.1,PR #6514 - Routine deployment. Dependency updates.,COMPLETED,production-apac
DEP-d21e32d9,2025-08-29T01:00:00,api-gateway,ac8d5ce6fbe444a781b8e3e972fb1ede,dev_34@enterprise.com,Deploy api-gateway v5.6.8,PR #9627 - Routine deployment. Dependency updates.,COMPLETED,production-na
DEP-bd283cb2,2025-08-29T10:00:00,cart-microservice,4e8cb65754ef4fa3a87599bf34486c4a,dev_72@enterprise.com,Deploy cart-microservice v6.1.4,PR #4125 - Routine deployment. Dependency updates.,COMPLETED,production-eu
DEP-7b880b53,2025-08-30T06:00:00,api-gateway,14e9975d428e4fac8e6a2ad00ba7878c,dev_71@enterprise.com,Deploy api-gateway v1.2.4,PR #5281 - Routine deployment. Dependency updates.,COMPLETED,production-na
DEP-8588ca86,2025-08-30T07:00:00,cart-microservice,6a1449667b144b469736e91e618f0290,dev_90@enterprise.com,Deploy cart-microservice v6.1.7,PR #2704 - Routine deployment. Dependency updates.,ROLLED_BACK,canary
DEP-179fe955,2025-08-30T07:00:00,cdn-edge-service,85b0abb03e004eef96d516b9a1080b9d,dev_47@enterprise.com,Deploy cdn-edge-service v4.3.0,PR #2112 - Routine deployment. Dependency updates.,COMPLETED,production-apac
DEP-23f4b4c3,2025-08-31T01:00:00,cdn-edge-service,9e8a85b80c0b491a8eedd992df8961e0,dev_46@enterprise.com,Deploy cdn-edge-service v9.6.9,PR #3509 - Routine deployment. Dependency updates.,COMPLETED,production-apac
DEP-33f9bcda,2025-08-31T10:00:00,api-gateway,724ed045377a4947b6f31742d99d8b31,dev_15@enterprise.com,Deploy api-gateway v2.2.4,PR #1952 - Routine deployment. Dependency updates.,COMPLETED,production-eu
DEP-80c51ffe,2025-08-31T17:00:00,order-fulfillment-service,83153525d1af41358597d77e6eb321c6,dev_2@enterprise.com,Deploy order-fulfillment-service v5.7.2,PR #5902 - Routine deployment. Dependency updates.,ROLLED_BACK,production-emea
DEP-0ecd2b6a,2025-09-01T22:00:00,cdn-edge-service,42ac483a76d144aa830710a90ba572e3,dev_26@enterprise.com,Deploy cdn-edge-service v6.8.7,PR #1812 - Routine deployment. Dependency updates.,FAILED,production-na
DEP-a76d2706,2025-09-01T23:00:00,search-service,b6e3d0f6dc4e4d0d956a9d636e9401ac,dev_19@enterprise.com,Deploy search-service v2.0.9,PR #6813 - Routine deployment. Dependency updates.,COMPLETED,production-emea
DEP-e69796c6,2025-09-02T02:00:00,api-gateway,42d3bc616cd3426bb74af4521681afdd,dev_32@enterprise.com,Deploy api-gateway v10.6.9,PR #9453 - Routine deployment. Dependency updates.,COMPLETED,production-eu
DEP-bb12f1a3,2025-09-02T05:00:00,inventory-service,bce1c0712cf844fdaeb49475a4515a8b,dev_75@enterprise.com,Deploy inventory-service v6.8.7,PR #6809 - Routine deployment. Dependency updates.,COMPLETED,production-eu
DEP-386d59a3,2025-09-02T09:00:00,checkout-auth-service,b58c43e0b1c74aea93a3bb2c06dc450a,dev_43@enterprise.com,Deploy checkout-auth-service v4.8.4,PR #1669 - Routine deployment. Dependency updates.,ROLLED_BACK,production-eu
DEP-b4c8edb3,2025-09-03T08:00:00,notification-service,5420f772635b4e22a1113886c8c60d50,dev_82@enterprise.com,Deploy notification-service v7.5.6,PR #4602 - Routine deployment. Dependency updates.,COMPLETED,staging
DEP-56b9c47f,2025-09-04T17:00:00,user-auth-service,f985b54d2bea4c6cbcfe7f1d282f9b09,dev_94@enterprise.com,Deploy user-auth-service v9.9.1,PR #3078 - Routine deployment. Dependency updates.,COMPLETED,canary
DEP-1cecfd64,2025-09-05T00:00:00,checkout-auth-service,de65c4a7a6394d93a19796b924452eb4,dev_15@enterprise.com,Deploy checkout-auth-service v9.7.3,PR #6683 - Routine deployment. Dependency updates.,COMPLETED,production-emea
DEP-a0773db8,2025-09-06T08:00:00,cdn-edge-service,31b27591cdf74a988a395ab0cc11cd39,dev_24@enterprise.com,Deploy cdn-edge-service v7.9.1,PR #3068 - Routine deployment. Dependency updates.,COMPLETED,production-latam
DEP-6c4078bc,2025-09-07T03:00:00,user-auth-service,20e387772a1d4dac96ecfff91199f50d,dev_31@enterprise.com,Deploy user-auth-service v5.1.8,PR #9069 - Routine deployment. Dependency updates.,COMPLETED,production-latam
DEP-7252f08f,2025-09-07T13:00:00,api-gateway,32c0cf2e420a4ac294d35c7061dfa86d,dev_17@enterprise.com,Deploy api-gateway v7.6.5,PR #2896 - Routine deployment. Dependency updates.,COMPLETED,production-na
DEP-c0cf95b3,2025-09-07T20:00:00,notification-service,aeb2735332f94e37b21d5ae9f11a67ba,dev_47@enterprise.com,Deploy notification-service v2.2.9,PR #9082 - Routine deployment. Dependency updates.,COMPLETED,canary
DEP-f25e7899,2025-09-08T08:00:00,recommendation-engine,8226876e96a647a2b3a5536fd743ee65,dev_65@enterprise.com,Deploy recommendation-engine v6.6.8,PR #1858 - Routine deployment. Dependency updates.,COMPLETED,production-eu
DEP-cf0331df,2025-09-08T13:00:00,notification-service,b8da65897131424faeef70bec9f2c8b6,dev_85@enterprise.com,Deploy notification-service v9.2.7,PR #1683 - Routine deployment. Dependency updates.,COMPLETED,canary
DEP-742ed2b5,2025-09-08T23:00:00,notification-service,b7b115d1e03d4745be23170fc692cdc8,dev_31@enterprise.com,Deploy notification-service v8.8.0,PR #6626 - Routine deployment. Dependency updates.,COMPLETED,production-latam
DEP-f7479920,2025-09-09T02:00:00,cart-microservice,890f9bd8e3f14f23b8d5361e6326d993,dev_99@enterprise.com,Deploy cart-microservice v5.3.8,PR #8614 - Routine deployment. Dependency updates.,COMPLETED,canary
DEP-926d650c,2025-09-10T09:00:00,inventory-service,70c7867c311b4d5480a52f9cd6902953,dev_90@enterprise.com,Deploy inventory-service v10.1.4,PR #2578 - Routine deployment. Dependency updates.,COMPLETED,staging
DEP-96c4bc1e,2025-09-10T18:00:00,api-gateway,194b2b53ad0e4728973223824f1cb70d,dev_82@enterprise.com,Deploy api-gateway v5.8.1,PR #9947 - Routine deployment. Dependency updates.,COMPLETED,canary
DEP-dd0e3098,2025-09-10T20:00:00,recommendation-engine,1e2129f3345948d1849d5bf0336256c7,dev_87@enterprise.com,Deploy recommendation-engine v2.3.1,PR #9314 - Routine deployment. Dependency updates.,COMPLETED,production-emea
DEP-b313b1c6,2025-09-11T08:00:00,api-gateway,d63785500cd64d729e3771f40696a194,dev_70@enterprise.com,Deploy api-gateway v4.8.8,PR #2239 - Routine deployment. Dependency updates.,COMPLETED,canary
DEP-824ff8b2,2025-09-11T20:00:00,checkout-auth-service,e4bda5e6b8a24d0786451e1d679f6c07,dev_18@enterprise.com,Deploy checkout-auth-service v7.4.1,PR #2684 - Routine deployment. Dependency updates.,COMPLETED,staging
DEP-232670cd,2025-09-12T06:00:00,payment-gateway-service,1bfb3e6d268248b3842b4ccb61f29452,dev_28@enterprise.com,Deploy payment-gateway-service v1.3.5,PR #9291 - Routine deployment. Dependency updates.,COMPLETED,production-emea
DEP-1bc25029,2025-09-12T13:00:00,api-gateway,1bfb66e1a9aa41299a2f296eeca6a4f7,dev_45@enterprise.com,Deploy api-gateway v3.2.5,PR #4462 - Routine deployment. Dependency updates.,COMPLETED,production-emea
DEP-68ec8664,2025-09-12T20:00:00,payment-gateway-service,d1cdfca8f7e04718900a5a4fc2322f57,dev_97@enterprise.com,Deploy payment-gateway-service v9.2.2,PR #7716 - Routine deployment. Dependency updates.,ROLLED_BACK,production-na
DEP-f2f1f783,2025-09-13T21:00:00,notification-service,7310e86a93b64f0e9dbc187d2088847d,dev_1@enterprise.com,Deploy notification-service v1.0.6,PR #9608 - Routine deployment. Dependency updates.,COMPLETED,production-emea
DEP-e2e2e4d7,2025-09-14T03:00:00,search-service,749e0c40909448e68ee9ead41279cb0f,dev_95@enterprise.com,Deploy search-service v6.1.2,PR #4253 - Routine deployment. Dependency updates.,COMPLETED,production-latam
DEP-b43124c3,2025-09-14T09:00:00,cdn-edge-service,7a4adbd6d808490c87f0291394623595,dev_11@enterprise.com,Deploy cdn-edge-service v5.8.2,PR #8706 - Routine deployment. Dependency updates.,COMPLETED,production-latam
DEP-9ec3661a,2025-09-15T14:00:00,database-migration-service,95e71e3324cb492ba3e871c7cf4648ea,dev_49@enterprise.com,Deploy database-migration-service v4.4.6,PR #8773 - Routine deployment. Dependency updates.,COMPLETED,production-apac
DEP-d54a87a4,2025-09-15T20:00:00,inventory-service,8b753ceffb9b4d81939517a268226672,dev_27@enterprise.com,Deploy inventory-service v5.3.9,PR #1409 - Routine deployment. Dependency updates.,COMPLETED,production-eu
DEP-30eb1d9a,2025-09-16T11:00:00,payment-gateway-service,63d71e93406e4d5297ea69e368d363a8,dev_78@enterprise.com,Deploy payment-gateway-service v3.7.2,PR #2637 - Routine deployment. Dependency updates.,COMPLETED,production-eu
DEP-8828d60f,2025-09-17T18:00:00,recommendation-engine,daa0ef599c0d4f7da3fc2a7a80882733,dev_51@enterprise.com,Deploy recommendation-engine v9.8.7,PR #7065 - Routine deployment. Dependency updates.,COMPLETED,production-emea
DEP-657d1cc5,2025-09-17T23:00:00,inventory-service,41602b75a5f84105a87ff5a98dd21190,dev_26@enterprise.com,Deploy inventory-service v9.0.3,PR #5635 - Routine deployment. Dependency updates.,COMPLETED,production-eu
DEP-224c7712,2025-09-18T02:00:00,cart-microservice,bc4d9045301c4cf68fee66e109d99f64,dev_89@enterprise.com,Deploy cart-microservice v3.7.1,PR #7286 - Routine deployment. Dependency updates.,COMPLETED,production-eu
DEP-3a4bacf0,2025-09-18T18:00:00,api-gateway,ef63f300b2d547e2a47cbb534cf28910,dev_32@enterprise.com,Deploy api-gateway v7.0.7,PR #4282 - Routine deployment. Dependency updates.,FAILED,canary
DEP-fcb324ea,2025-09-18T21:00:00,inventory-service,294c42c112354f36a6896046648fee25,dev_68@enterprise.com,Deploy inventory-service v5.1.9,PR #8067 - Routine deployment. Dependency updates.,COMPLETED,staging
DEP-0520adcd,2025-09-19T20:00:00,search-service,4648d8fb07fb4a43bd4e4f12451dc710,dev_6@enterprise.com,Deploy search-service v7.6.5,PR #6367 - Routine deployment. Dependency updates.,COMPLETED,production-na
DEP-039ccc00,2025-09-19T21:00:00,search-service,bcc4847e88384999be09e61261f35fb8,dev_37@enterprise.com,Deploy search-service v4.1.6,PR #2873 - Routine deployment. Dependency updates.,COMPLETED,staging
DEP-fc096ec2,2025-09-20T07:00:00,database-migration-service,df7c7c99affb44f09c5f9c90de2e4b9f,dev_4@enterprise.com,Deploy database-migration-service v3.9.9,PR #1803 - Routine deployment. Dependency updates.,COMPLETED,staging
DEP-c3adeacc,2025-09-20T17:00:00,search-service,72d55942f4414cd384c27cc1551c2214,dev_63@enterprise.com,Deploy search-service v5.6.7,PR #6500 - Routine deployment. Dependency updates.,COMPLETED,production-apac
DEP-e2b40453,2025-09-20T19:00:00,checkout-auth-service,c6ce0c1b8225439ebf19d45206e55bab,dev_14@enterprise.com,Deploy checkout-auth-service v8.7.7,PR #5975 - Routine deployment. Dependency updates.,COMPLETED,production-na
DEP-35a0318c,2025-09-21T10:00:00,inventory-service,4496c492b52d4b08bb888116fe11a0ca,dev_47@enterprise.com,Deploy inventory-service v3.0.4,PR #4565 - Routine deployment. Dependency updates.,COMPLETED,staging
DEP-4db447e2,2025-09-21T12:00:00,inventory-service,e41b0f4d276c4c5bbd3938029cadb1e7,dev_35@enterprise.com,Deploy inventory-service v1.4.4,PR #5306 - Routine deployment. Dependency updates.,COMPLETED,production-eu
DEP-302f5610,2025-09-22T02:00:00,recommendation-engine,83f9475459794d75a1b8d3bcea186f20,dev_31@enterprise.com,Deploy recommendation-engine v7.5.3,PR #1270 - Routine deployment. Dependency updates.,COMPLETED,production-na
DEP-c4b1d715,2025-09-22T23:00:00,inventory-service,2933e239298340d9854a7a7dba64184f,dev_47@enterprise.com,Deploy inventory-service v1.2.5,PR #8994 - Routine deployment. Dependency updates.,COMPLETED,production-latam
DEP-ab5b067d,2025-09-23T01:00:00,cart-microservice,5527653b742b4470b981a311fbfbbc68,dev_40@enterprise.com,Deploy cart-microservice v4.0.6,PR #4235 - Routine deployment. Dependency updates.,COMPLETED,production-emea
DEP-a3995b25,2025-09-23T05:00:00,order-fulfillment-service,8449edc114244c5a948f0aa3b01cfc72,dev_42@enterprise.com,Deploy order-fulfillment-service v2.4.2,PR #4568 - Routine deployment. Dependency updates.,FAILED,staging
DEP-844fbb2a,2025-09-23T05:00:00,database-migration-service,ab7a4b6173ed4cfb8c9841a7aad577fc,dev_44@enterprise.com,Deploy database-migration-service v3.3.6,PR #3834 - Routine deployment. Dependency updates.,COMPLETED,staging
DEP-d3285152,2025-09-24T16:00:00,notification-service,913172660d1948afb82e186ace0b7bd0,dev_46@enterprise.com,Deploy notification-service v8.7.0,PR #7561 - Routine deployment. Dependency updates.,COMPLETED,production-na
DEP-c0a96add,2025-09-25T12:00:00,cdn-edge-service,36a42861c4684373bd4af7a16333dc68,dev_87@enterprise.com,Deploy cdn-edge-service v8.7.9,PR #5151 - Routine deployment. Dependency updates.,ROLLED_BACK,production-latam
DEP-c1412c37,2025-09-25T16:00:00,checkout-auth-service,bb0d9bb6990e42e18a8df441ff028740,dev_92@enterprise.com,Deploy checkout-auth-service v4.8.7,PR #5839 - Routine deployment. Dependency updates.,FAILED,production-eu
DEP-1b24be94,2025-09-26T00:00:00,api-gateway,e463e669fe3e46e9a1c0e96d970b0862,dev_4@enterprise.com,Deploy api-gateway v6.2.2,PR #7429 - Routine deployment. Dependency updates.,COMPLETED,production-apac
DEP-bb2f23dc,2025-09-27T10:00:00,order-fulfillment-service,fa4d97b79fd64ee4bbeeec47f7d00907,dev_44@enterprise.com,Deploy order-fulfillment-service v1.4.1,PR #5251 - Routine deployment. Dependency updates.,COMPLETED,production-na
DEP-5b7dfb70,2025-09-28T03:00:00,api-gateway,c6fa4bcd100f4a5892b5ac3f27c36dd0,dev_58@enterprise.com,Deploy api-gateway v8.1.1,PR #4637 - Routine deployment. Dependency updates.,COMPLETED,canary
DEP-95095baf,2025-09-28T05:00:00,order-fulfillment-service,bc87cdfb423b4f7880b69e20681e143f,dev_61@enterprise.com,Deploy order-fulfillment-service v4.2.3,PR #2752 - Routine deployment. Dependency updates.,COMPLETED,production-eu
DEP-7c79a3fc,2025-09-28T22:00:00,inventory-service,4ae7d0b8f99d4ba6b6738443c6d1b8ff,dev_45@enterprise.com,Deploy inventory-service v9.4.3,PR #7877 - Routine deployment. Dependency updates.,COMPLETED,production-apac
DEP-66c5fd4c,2025-09-29T01:00:00,notification-service,74990859ee0b4bb2b66bc50db579648e,dev_63@enterprise.com,Deploy notification-service v8.4.6,PR #9785 - Routine deployment. Dependency updates.,COMPLETED,canary
DEP-718d57b0,2025-09-29T17:00:00,cart-microservice,943bea599f4b420fbb6fd9842f8d0f71,dev_39@enterprise.com,Deploy cart-microservice v5.8.4,PR #8873 - Routine deployment. Dependency updates.,COMPLETED,production-apac
DEP-28e57f1a,2025-09-29T18:00:00,payment-gateway-service,6cd3f373f03f4ccbaef121065b7707b7,dev_64@enterprise.com,Deploy payment-gateway-service v5.2.5,PR #6404 - Routine deployment. Dependency updates.,COMPLETED,production-latam
DEP-8fe90b47,2025-09-30T06:00:00,recommendation-engine,8c95b6dabf334ce2b5bd7c2a88cc2083,dev_48@enterprise.com,Deploy recommendation-engine v4.4.7,PR #4584 - Routine deployment. Dependency updates.,ROLLED_BACK,production-na
DEP-4905891b,2025-09-30T07:00:00,api-gateway,bab5e13971d44b9fac28703e5189e260,dev_3@enterprise.com,Deploy api-gateway v5.9.3,PR #3898 - Routine deployment. Dependency updates.,COMPLETED,staging
DEP-3eb4b05c,2025-09-30T10:00:00,checkout-auth-service,8e1c5b75bc8345d0938d4ff13e9536d8,dev_90@enterprise.com,Deploy checkout-auth-service v2.4.7,PR #1573 - Routine deployment. Dependency updates.,ROLLED_BACK,canary
DEP-222aa553,2025-10-01T13:00:00,checkout-auth-service,45199c4b908647b19ac5e810f69ed7e0,dev_84@enterprise.com,Deploy checkout-auth-service v1.4.4,PR #5753 - Routine deployment. Dependency updates.,FAILED,staging
DEP-2fb54b30,2025-10-01T15:00:00,checkout-auth-service,b3af7f11332c4d539f5189fa0c762d84,dev_53@enterprise.com,Deploy checkout-auth-service v1.7.6,PR #4044 - Routine deployment. Dependency updates.,COMPLETED,production-emea
DEP-cf599a95,2025-10-01T21:00:00,search-service,4d3cd1296bfb486da193698b7c48d2be,dev_63@enterprise.com,Deploy search-service v7.5.9,PR #5025 - Routine deployment. Dependency updates.,COMPLETED,production-na
DEP-a6b02a2e,2025-10-02T00:00:00,inventory-service,8c57af5cb2fa4923b37e1aa35d7bb011,dev_12@enterprise.com,Deploy inventory-service v8.4.2,PR #8118 - Routine deployment. Dependency updates.,COMPLETED,production-na
DEP-273530d2,2025-10-02T11:00:00,order-fulfillment-service,3415e3a1aceb46c6a9ae4cddd3f5f77e,dev_9@enterprise.com,Deploy order-fulfillment-service v2.5.2,PR #9230 - Routine deployment. Dependency updates.,COMPLETED,canary
DEP-94f6f73a,2025-10-02T22:00:00,search-service,e4567497cef6427796e3e96fc6aea622,dev_21@enterprise.com,Deploy search-service v2.1.0,PR #2043 - Routine deployment. Dependency updates.,COMPLETED,canary
DEP-2f9cd48d,2025-10-03T07:00:00,recommendation-engine,07d9b8a3c31246e2b14862f5db0817f1,dev_51@enterprise.com,Deploy recommendation-engine v7.5.8,PR #2368 - Routine deployment. Dependency updates.,COMPLETED,production-eu
DEP-33f96b27,2025-10-03T16:00:00,api-gateway,fe45dae882f14208b8f42003c269f3d5,dev_88@enterprise.com,Deploy api-gateway v2.1.7,PR #4927 - Routine deployment. Dependency updates.,FAILED,production-eu
DEP-85463378,2025-10-03T17:00:00,payment-gateway-service,9f904f3133564e44b3beac716ca0b473,dev_30@enterprise.com,Deploy payment-gateway-service v5.4.9,PR #2414 - Routine deployment. Dependency updates.,COMPLETED,production-emea
DEP-df83bf35,2025-10-04T13:00:00,cdn-edge-service,0806bdde82824e13a928ff10bab736ab,dev_15@enterprise.com,Deploy cdn-edge-service v4.3.1,PR #9549 - Routine deployment. Dependency updates.,COMPLETED,production-latam
DEP-57740d6d,2025-10-04T19:00:00,checkout-auth-service,852c1b0db43f4c1d9a1c96fc12b02d24,dev_70@enterprise.com,Deploy checkout-auth-service v5.0.8,PR #1673 - Routine deployment. Dependency updates.,COMPLETED,production-latam
DEP-a46916e7,2025-10-04T21:00:00,api-gateway,21b0099fddc34564bd236ccfebf30cfb,dev_52@enterprise.com,Deploy api-gateway v3.5.3,PR #9163 - Routine deployment. Dependency updates.,COMPLETED,production-latam
DEP-39676e88,2025-10-05T20:00:00,api-gateway,ac857dedea724fda8fc0fc88646991f5,dev_89@enterprise.com,Deploy api-gateway v4.0.7,PR #3467 - Routine deployment. Dependency updates.,COMPLETED,production-na
DEP-e274d8da,2025-10-06T08:00:00,inventory-service,a23033862e854d448527797f9c80828b,dev_21@enterprise.com,Deploy inventory-service v10.6.3,PR #8218 - Routine deployment. Dependency updates.,COMPLETED,production-eu
DEP-4c102816,2025-10-06T19:00:00,recommendation-engine,f98e1be8f2e54945ad00e9a26130204e,dev_80@enterprise.com,Deploy recommendation-engine v5.9.4,PR #1649 - Routine deployment. Dependency updates.,COMPLETED,production-na
DEP-4a92731a,2025-10-07T23:00:00,database-migration-service,9eeb0a4599a24f8699cd0a3273baef05,dev_70@enterprise.com,Deploy database-migration-service v9.7.4,PR #1955 - Routine deployment. Dependency updates.,COMPLETED,staging
DEP-ff958919,2025-10-08T06:00:00,recommendation-engine,4de25e33459d4227b76ba1ea00b235d5,dev_30@enterprise.com,Deploy recommendation-engine v3.4.3,PR #8887 - Routine deployment. Dependency updates.,ROLLED_BACK,production-eu
DEP-171d9066,2025-10-08T07:00:00,database-migration-service,ecf0bed47e0044fd99f98c69566ea335,dev_79@enterprise.com,Deploy database-migration-service v7.0.9,PR #2981 - Routine deployment. Dependency updates.,COMPLETED,staging
DEP-b331f831,2025-10-08T17:00:00,recommendation-engine,fb444f07567a4ef5bcba4e61c29d5ac4,dev_31@enterprise.com,Deploy recommendation-engine v8.4.8,PR #1593 - Routine deployment. Dependency updates.,COMPLETED,production-na
DEP-e08692da,2025-10-09T16:00:00,search-service,41a8796d3b834274ae39bd34e4526fc7,dev_79@enterprise.com,Deploy search-service v5.2.2,PR #6823 - Routine deployment. Dependency updates.,COMPLETED,staging
DEP-31dec9fd,2025-10-10T10:00:00,notification-service,98ecba83ceaa4ed39924fc92e1cef1d0,dev_53@enterprise.com,Deploy notification-service v7.5.2,PR #1193 - Routine deployment. Dependency updates.,COMPLETED,production-apac
DEP-ea9c0aec,2025-10-10T20:00:00,inventory-service,e659555aaaad4c2fa4084ece5542560a,dev_49@enterprise.com,Deploy inventory-service v7.0.2,PR #9307 - Routine deployment. Dependency updates.,COMPLETED,production-emea
DEP-dab2298b,2025-10-11T02:00:00,payment-gateway-service,6020b0c88fd94d8497eeb2d2b033b322,dev_55@enterprise.com,Deploy payment-gateway-service v7.7.7,PR #3251 - Routine deployment. Dependency updates.,COMPLETED,production-latam
DEP-ff2938e8,2025-10-11T23:00:00,cdn-edge-service,0397cf8591894269893b01c6b9b99144,dev_64@enterprise.com,Deploy cdn-edge-service v10.8.5,PR #9914 - Routine deployment. Dependency updates.,FAILED,staging
DEP-ad46f8a4,2025-10-12T06:00:00,cart-microservice,5ecdd84edab84802ae9fb177071c3e51,dev_19@enterprise.com,Deploy cart-microservice v9.4.7,PR #3320 - Routine deployment. Dependency updates.,ROLLED_BACK,production-emea
DEP-a40618c3,2025-10-12T11:00:00,notification-service,99a550e6bfa74eadac3e28455c063bfb,dev_24@enterprise.com,Deploy notification-service v7.9.1,PR #7234 - Routine deployment. Dependency updates.,COMPLETED,production-latam
DEP-91e19845,2025-10-12T21:00:00,inventory-service,2c31d39099824eb68573992f6120084e,dev_72@enterprise.com,Deploy inventory-service v2.6.5,PR #5159 - Routine deployment. Dependency updates.,COMPLETED,production-na
DEP-aeb40065,2025-10-13T04:00:00,payment-gateway-service,7ee9baa8b9a74f4b9447a89958b05a08,dev_19@enterprise.com,Deploy payment-gateway-service v9.5.0,PR #6345 - Routine deployment. Dependency updates.,COMPLETED,production-na
DEP-b33a0c47,2025-10-13T08:00:00,api-gateway,f6b120be6690469888f4822ee2c2fd11,dev_87@enterprise.com,Deploy api-gateway v1.3.6,PR #7845 - Routine deployment. Dependency updates.,COMPLETED,production-emea
DEP-c269792d,2025-10-14T03:00:00,database-migration-service,8259e76f700946c797d432535e765e15,dev_13@enterprise.com,Deploy database-migration-service v1.1.6,PR #4221 - Routine deployment. Dependency updates.,COMPLETED,production-na
DEP-e207d496,2025-10-14T07:00:00,api-gateway,04bcf5d0aae04851bdc5d9e8befabbbd,dev_84@enterprise.com,Deploy api-gateway v9.7.7,PR #2362 - Routine deployment. Dependency updates.,COMPLETED,staging
DEP-930e09f8,2025-10-15T14:00:00,cart-microservice,5dc40e8e06f54f4696cab67e6f3bf198,dev_26@enterprise.com,Deploy cart-microservice v9.2.6,PR #5575 - Routine deployment. Dependency updates.,COMPLETED,canary
DEP-c19341a3,2025-10-16T01:00:00,recommendation-engine,e445ce30d91a42fbafce0de406c04061,dev_68@enterprise.com,Deploy recommendation-engine v3.9.8,PR #4424 - Routine deployment. Dependency updates.,COMPLETED,staging
DEP-dfae7fc7,2025-10-16T03:00:00,inventory-service,6818cb4bd0674063990d51e6006c2fc2,dev_63@enterprise.com,Deploy inventory-service v8.0.3,PR #5738 - Routine deployment. Dependency updates.,COMPLETED,production-latam
DEP-06583448,2025-10-16T11:00:00,payment-gateway-service,0cab2e4612ff435282c3414034546397,dev_28@enterprise.com,Deploy payment-gateway-service v5.6.7,PR #7837 - Routine deployment. Dependency updates.,COMPLETED,production-apac
DEP-5eee661c,2025-10-17T08:00:00,api-gateway,cc98834bc9fd43edaa5ad3785b01456e,dev_59@enterprise.com,Deploy api-gateway v8.7.6,PR #7346 - Routine deployment. Dependency updates.,COMPLETED,production-latam
DEP-3ee5de4e,2025-10-17T18:00:00,user-auth-service,4f55358c30d2495a8dda82e5b8001acf,dev_78@enterprise.com,Deploy user-auth-service v10.7.2,PR #9023 - Routine deployment. Dependency updates.,COMPLETED,production-latam
DEP-1cd66027,2025-10-17T22:00:00,database-migration-service,a30cc4a6e55f464da37d3dd84dcbc19f,dev_18@enterprise.com,Deploy database-migration-service v10.0.1,PR #1445 - Routine deployment. Dependency updates.,COMPLETED,production-na
DEP-0286c19c,2025-10-18T18:00:00,notification-service,6e7bd22cf21844ae9deb952a62626c00,dev_55@enterprise.com,Deploy notification-service v8.2.3,PR #3827 - Routine deployment. Dependency updates.,COMPLETED,production-na
DEP-79fbc4f1,2025-10-19T04:00:00,search-service,415b62180eec4253afb20a3badc3e9fd,dev_65@enterprise.com,Deploy search-service v10.6.3,PR #3260 - Routine deployment. Dependency updates.,FAILED,production-na
DEP-8f265b9b,2025-10-19T21:00:00,notification-service,4e58909c09e348719658c96d97338b4b,dev_57@enterprise.com,Deploy notification-service v6.6.3,PR #9523 - Routine deployment. Dependency updates.,COMPLETED,canary
DEP-a718290e,2025-10-20T15:00:00,order-fulfillment-service,f4949e1ee3714b218eaacc5bf7593e17,dev_31@enterprise.com,Deploy order-fulfillment-service v7.9.7,PR #4646 - Routine deployment. Dependency updates.,COMPLETED,production-na
DEP-8f051a1f,2025-10-20T20:00:00,cdn-edge-service,d9c3c5a109634277affd868becb7c8ed,dev_41@enterprise.com,Deploy cdn-edge-service v8.7.5,PR #3306 - Routine deployment. Dependency updates.,COMPLETED,canary
DEP-d4d8172e,2025-10-21T06:00:00,cart-microservice,b536f27a5619461384b172234bb83eff,dev_21@enterprise.com,Deploy cart-microservice v10.6.6,PR #4656 - Routine deployment. Dependency updates.,COMPLETED,production-eu
DEP-0aa0b115,2025-10-21T15:00:00,inventory-service,f0664aaad3684e85887f05636e12fb41,dev_47@enterprise.com,Deploy inventory-service v1.7.5,PR #9142 - Routine deployment. Dependency updates.,FAILED,production-emea
DEP-cb7cfb40,2025-10-21T20:00:00,cdn-edge-service,0c7217821c2945cb97f5450c43bf23f2,dev_53@enterprise.com,Deploy cdn-edge-service v5.4.4,PR #8216 - Routine deployment. Dependency updates.,COMPLETED,production-na
DEP-1de236d7,2025-10-22T15:00:00,payment-gateway-service,bc9389365e7a4443844026155b341e45,dev_67@enterprise.com,Deploy payment-gateway-service v4.2.4,PR #5198 - Routine deployment. Dependency updates.,COMPLETED,production-apac
DEP-80653281,2025-10-22T17:00:00,notification-service,4dad4c81dffb468da9cb9620a34f82a6,dev_61@enterprise.com,Deploy notification-service v3.1.3,PR #4518 - Routine deployment. Dependency updates.,COMPLETED,canary
DEP-d61af2e2,2025-10-23T04:00:00,inventory-service,2876b2f0be4f4598b37dac5aa5b76375,dev_73@enterprise.com,Deploy inventory-service v7.4.5,PR #2684 - Routine deployment. Dependency updates.,COMPLETED,production-emea
DEP-ea577b25,2025-10-23T07:00:00,checkout-auth-service,f48b1f7e89de4e7da51d4931dd6c18c7,dev_66@enterprise.com,Deploy checkout-auth-service v3.1.6,PR #1783 - Routine deployment. Dependency updates.,COMPLETED,staging
DEP-21a5b645,2025-10-23T15:00:00,cdn-edge-service,0637a31956854ff988741236bf336dc7,dev_84@enterprise.com,Deploy cdn-edge-service v3.4.6,PR #7187 - Routine deployment. Dependency updates.,COMPLETED,production-eu
DEP-6d931064,2025-10-24T08:00:00,order-fulfillment-service,047ffb596bb74b4181f40d18ca1ba299,dev_96@enterprise.com,Deploy order-fulfillment-service v9.5.9,PR #8070 - Routine deployment. Dependency updates.,COMPLETED,production-eu
DEP-dee5c15e,2025-10-25T03:00:00,user-auth-service,86a8516dfb754405a3200437642d3466,dev_11@enterprise.com,Deploy user-auth-service v6.8.5,PR #2553 - Routine deployment. Dependency updates.,FAILED,production-emea
DEP-db376504,2025-10-26T04:00:00,checkout-auth-service,b7c7286841ff424f8aeb94622a3080a3,dev_83@enterprise.com,Deploy checkout-auth-service v1.7.2,PR #2660 - Routine deployment. Dependency updates.,FAILED,production-apac
DEP-6af382e5,2025-10-26T20:00:00,checkout-auth-service,33fac866ed974b14974046297a66f3aa,dev_64@enterprise.com,Deploy checkout-auth-service v8.0.4,PR #1851 - Routine deployment. Dependency updates.,COMPLETED,production-eu
DEP-dbdb5067,2025-10-27T09:00:00,cdn-edge-service,0c4e0f212b8a4b29a918c7ca6079d89c,dev_42@enterprise.com,Deploy cdn-edge-service v4.0.5,PR #7161 - Routine deployment. Dependency updates.,COMPLETED,staging
DEP-ffe5b1f0,2025-10-28T19:00:00,notification-service,96089ced7e364a1eb286a70abacea062,dev_38@enterprise.com,Deploy notification-service v7.7.5,PR #6400 - Routine deployment. Dependency updates.,FAILED,production-emea
DEP-a1982584,2025-10-29T05:00:00,inventory-service,18b8696a9795455982e19cb8980ad249,dev_70@enterprise.com,Deploy inventory-service v1.2.5,PR #1664 - Routine deployment. Dependency updates.,COMPLETED,staging
DEP-47b3b86b,2025-10-29T07:00:00,recommendation-engine,0bea26841d32413d9bd1e129c730ef05,dev_26@enterprise.com,Deploy recommendation-engine v4.6.1,PR #2510 - Routine deployment. Dependency updates.,COMPLETED,canary
DEP-4e0f599b,2025-10-29T13:00:00,order-fulfillment-service,df00f69160fc4b5497881d52403ecef7,dev_10@enterprise.com,Deploy order-fulfillment-service v4.5.4,PR #6978 - Routine deployment. Dependency updates.,COMPLETED,canary
DEP-25096660,2025-10-30T15:00:00,database-migration-service,201abb8dd6534524b3c214851f0abd40,dev_63@enterprise.com,Deploy database-migration-service v4.3.4,PR #9217 - Routine deployment. Dependency updates.,COMPLETED,staging
DEP-30d0de19,2025-10-31T15:00:00,cart-microservice,fb58c03a5dbb4e6cb85357414fbe6580,dev_19@enterprise.com,Deploy cart-microservice v6.3.3,PR #6444 - Routine deployment. Dependency updates.,COMPLETED,production-emea
DEP-faddcf9c,2025-10-31T17:00:00,search-service,8601266b6a8044969330030f30e3e775,dev_24@enterprise.com,Deploy search-service v8.6.6,PR #1873 - Routine deployment. Dependency updates.,COMPLETED,production-latam
DEP-2350aa81,2025-10-31T19:00:00,recommendation-engine,8f9e2789ad78456a927c98cd1d228054,dev_1@enterprise.com,Deploy recommendation-engine v4.1.4,PR #2765 - Routine deployment. Dependency updates.,COMPLETED,production-apac
DEP-a97f48b2,2025-11-01T06:00:00,api-gateway,f61ece275f0f486c98089750143b9e24,dev_10@enterprise.com,Deploy api-gateway v2.7.8,PR #1866 - Routine deployment. Dependency updates.,FAILED,production-na
DEP-4e70f285,2025-11-01T15:00:00,order-fulfillment-service,fedcc5d8df4848bfbdd7b4dfde7c0627,dev_97@enterprise.com,Deploy order-fulfillment-service v2.3.9,PR #2180 - Routine deployment. Dependency updates.,COMPLETED,production-na
DEP-7ea9d3a4,2025-11-01T20:00:00,payment-gateway-service,926761c84e244e5eae1d0adbea9c6fab,dev_49@enterprise.com,Deploy payment-gateway-service v4.6.0,PR #6185 - Routine deployment. Dependency updates.,COMPLETED,production-eu
DEP-a09d395c,2025-11-02T08:00:00,payment-gateway-service,2aece7491d1d41c1bc37ca5ca29dd575,dev_27@enterprise.com,Deploy payment-gateway-service v6.1.3,PR #9820 - Routine deployment. Dependency updates.,COMPLETED,production-eu
DEP-707b7e1d,2025-11-03T02:00:00,order-fulfillment-service,eb2c24cb0f1e4b2e9882d117dee34544,dev_43@enterprise.com,Deploy order-fulfillment-service v1.7.8,PR #6372 - Routine deployment. Dependency updates.,COMPLETED,canary
DEP-14b117c4,2025-11-03T03:00:00,payment-gateway-service,b3c2ee0be0e14d23856db203b4438d3c,dev_99@enterprise.com,Deploy payment-gateway-service v2.9.6,PR #8730 - Routine deployment. Dependency updates.,COMPLETED,canary
DEP-6172a67e,2025-11-03T14:00:00,checkout-auth-service,b288eb1cdcea45eeb90dedc4736c930c,dev_16@enterprise.com,Deploy checkout-auth-service v4.7.3,PR #4284 - Routine deployment. Dependency updates.,COMPLETED,production-eu
DEP-29470562,2025-11-04T09:00:00,order-fulfillment-service,dbb02eb2ef7c4adc9dfd3cccde1d34c6,dev_92@enterprise.com,Deploy order-fulfillment-service v4.7.7,PR #5035 - Routine deployment. Dependency updates.,COMPLETED,canary
DEP-dcb29258,2025-11-05T10:00:00,search-service,e2245b35f406421c8611d80a8833acfa,dev_26@enterprise.com,Deploy search-service v8.4.7,PR #6861 - Routine deployment. Dependency updates.,COMPLETED,production-latam
DEP-2ea26fef,2025-11-05T15:00:00,checkout-auth-service,ea34d90d48b84eb89bc5acadc556f50f,dev_100@enterprise.com,Deploy checkout-auth-service v9.4.4,PR #5604 - Routine deployment. Dependency updates.,COMPLETED,production-eu
DEP-9beb0345,2025-11-06T04:00:00,search-service,b9bbd6f1466a47669d99af527c78901f,dev_86@enterprise.com,Deploy search-service v6.4.2,PR #1687 - Routine deployment. Dependency updates.,COMPLETED,production-emea
DEP-483dc243,2025-11-06T17:00:00,notification-service,b1f90201d0ed4da0b2ba1c6fb60a5b42,dev_89@enterprise.com,Deploy notification-service v4.9.3,PR #4845 - Routine deployment. Dependency updates.,COMPLETED,production-eu
DEP-5c8d5818,2025-11-06T17:00:00,database-migration-service,be8f7b60486d43eabdea348a963c6f1f,dev_5@enterprise.com,Deploy database-migration-service v10.8.2,PR #7348 - Routine deployment. Dependency updates.,COMPLETED,production-na
DEP-1800de31,2025-11-07T10:00:00,user-auth-service,aba74abf43ed448999cddc6a5eb64aa1,dev_34@enterprise.com,Deploy user-auth-service v10.3.5,PR #9639 - Routine deployment. Dependency updates.,FAILED,production-apac
DEP-344dd326,2025-11-07T18:00:00,recommendation-engine,01c27a2e7a714515a3ebb6cadfd05438,dev_58@enterprise.com,Deploy recommendation-engine v3.7.7,PR #6140 - Routine deployment. Dependency updates.,COMPLETED,production-na
DEP-8d5fa742,2025-11-08T10:00:00,recommendation-engine,b2bec50118324d78b3b3b19c6f46e336,dev_30@enterprise.com,Deploy recommendation-engine v4.7.4,PR #9449 - Routine deployment. Dependency updates.,COMPLETED,staging
DEP-351b695c,2025-11-08T12:00:00,api-gateway,c7aa3f1cc10c48fd9a9cb6c009cf43ac,dev_74@enterprise.com,Deploy api-gateway v2.7.9,PR #3778 - Routine deployment. Dependency updates.,COMPLETED,production-emea
DEP-4a8cd9b5,2025-11-08T16:00:00,inventory-service,edd819d8984d4482bef0c9c85b2e8b5a,dev_48@enterprise.com,Deploy inventory-service v6.2.8,PR #1049 - Routine deployment. Dependency updates.,COMPLETED,production-latam
DEP-3a0f511d,2025-11-09T00:00:00,cdn-edge-service,69ae2ffd35f44ae18213426f85b86b09,dev_20@enterprise.com,Deploy cdn-edge-service v9.7.2,PR #6213 - Routine deployment. Dependency updates.,COMPLETED,production-na
DEP-c782ec80,2025-11-09T15:00:00,user-auth-service,37ee78e8f13a40e9aff9c371eea588c2,dev_51@enterprise.com,Deploy user-auth-service v5.4.5,PR #5929 - Routine deployment. Dependency updates.,COMPLETED,canary
DEP-92a8da46,2025-11-10T00:00:00,recommendation-engine,32fe2c3de1974ca5b7031972f3254c75,dev_86@enterprise.com,Deploy recommendation-engine v3.5.0,PR #5857 - Routine deployment. Dependency updates.,COMPLETED,staging
DEP-382acbd0,2025-11-10T12:00:00,search-service,9b19051af435448e963b2861621e6b71,dev_63@enterprise.com,Deploy search-service v4.3.0,PR #4242 - Routine deployment. Dependency updates.,ROLLED_BACK,production-latam
DEP-cd457be3,2025-11-10T20:00:00,notification-service,c96d1e82b17f40c89ffd3e94165262e6,dev_57@enterprise.com,Deploy notification-service v6.5.4,PR #2991 - Routine deployment. Dependency updates.,COMPLETED,production-apac
DEP-58583727,2025-11-11T00:00:00,order-fulfillment-service,43675ad9cd0e46928c80f36132ba6514,dev_4@enterprise.com,Deploy order-fulfillment-service v3.2.9,PR #4437 - Routine deployment. Dependency updates.,COMPLETED,production-latam
DEP-62016e36,2025-11-11T07:00:00,payment-gateway-service,260c39c092c948c8a12c3f8c9a12db91,dev_85@enterprise.com,Deploy payment-gateway-service v3.1.1,PR #8450 - Routine deployment. Dependency updates.,COMPLETED,production-latam
DEP-8b6aa193,2025-11-12T07:00:00,recommendation-engine,89c1bb07c1c8480fbaca60a38e1dba17,dev_65@enterprise.com,Deploy recommendation-engine v1.1.4,PR #9920 - Routine deployment. Dependency updates.,COMPLETED,production-na
DEP-dbe69ab1,2025-11-12T10:00:00,checkout-auth-service,4721a8ecb7f246798023e39624319467,dev_36@enterprise.com,Deploy checkout-auth-service v3.6.2,PR #2621 - Routine deployment. Dependency updates.,ROLLED_BACK,production-eu
DEP-27d318e9,2025-11-12T20:00:00,recommendation-engine,a57a55f23660422985d2f555e9f9173c,dev_100@enterprise.com,Deploy recommendation-engine v4.4.4,PR #7079 - Routine deployment. Dependency updates.,COMPLETED,production-na
DEP-b7c917e9,2025-11-13T21:00:00,api-gateway,cc533c7fbd4a4f3eb7cc67c0f5d40d28,dev_63@enterprise.com,Deploy api-gateway v5.1.1,PR #6215 - Routine deployment. Dependency updates.,COMPLETED,production-latam
DEP-5b480095,2025-11-14T10:00:00,inventory-service,19c86a27c0c44798adefb116a5aa3f88,dev_42@enterprise.com,Deploy inventory-service v6.7.5,PR #1874 - Routine deployment. Dependency updates.,COMPLETED,staging
DEP-8bb686e7,2025-11-14T14:00:00,cdn-edge-service,e6618cd416114bf6808b94444e95ddfd,dev_45@enterprise.com,Deploy cdn-edge-service v2.7.5,PR #9363 - Routine deployment. Dependency updates.,COMPLETED,production-eu
DEP-45a7d54e,2025-11-14T19:00:00,notification-service,94b4e6dad98e4cd5bea53771d7eabc03,dev_66@enterprise.com,Deploy notification-service v5.6.6,PR #6518 - Routine deployment. Dependency updates.,COMPLETED,production-eu
DEP-80b85ee1,2025-11-15T19:00:00,notification-service,af0c13478369468a804def7e81136ae5,dev_48@enterprise.com,Deploy notification-service v3.3.6,PR #4936 - Routine deployment. Dependency updates.,COMPLETED,production-emea
DEP-bad3c4ea,2025-11-16T13:00:00,cdn-edge-service,fa7967fb02bb4ca692560714345df63c,dev_15@enterprise.com,Deploy cdn-edge-service v5.2.9,PR #2572 - Routine deployment. Dependency updates.,COMPLETED,production-emea
DEP-09d2a141,2025-11-17T01:00:00,database-migration-service,571fbe32a9d344b482c93f1229241fbd,dev_60@enterprise.com,Deploy database-migration-service v3.3.3,PR #4176 - Routine deployment. Dependency updates.,ROLLED_BACK,production-apac
DEP-3bcfd766,2025-11-17T22:00:00,database-migration-service,2e5bb9bbe82445fe992893e26cb22cf3,dev_63@enterprise.com,Deploy database-migration-service v1.3.6,PR #9408 - Routine deployment. Dependency updates.,COMPLETED,production-eu
DEP-9325d99c,2025-11-18T22:00:00,user-auth-service,192825f1bf2142119c06df80d8c01a4a,dev_69@enterprise.com,Deploy user-auth-service v6.4.1,PR #1823 - Routine deployment. Dependency updates.,FAILED,production-apac
DEP-b9bd80f3,2025-11-19T05:00:00,recommendation-engine,a3ec5e7411c64a689d4cb12fa376eb26,dev_30@enterprise.com,Deploy recommendation-engine v9.9.5,PR #1298 - Routine deployment. Dependency updates.,COMPLETED,production-apac
DEP-3bfc8619,2025-11-19T12:00:00,cart-microservice,d98e3fa887f54e169c3af3fb25b1bb14,dev_28@enterprise.com,Deploy cart-microservice v9.8.7,PR #1146 - Routine deployment. Dependency updates.,COMPLETED,production-eu
DEP-27ce80d3,2025-11-19T13:00:00,database-migration-service,2b40f65e1c8a4ceb99d54a837495fef2,dev_30@enterprise.com,Deploy database-migration-service v4.6.3,PR #8478 - Routine deployment. Dependency updates.,ROLLED_BACK,staging
DEP-39645027,2025-11-20T09:00:00,user-auth-service,21ebe0882f5744eb8def19848130b451,dev_8@enterprise.com,Deploy user-auth-service v9.9.1,PR #6432 - Routine deployment. Dependency updates.,COMPLETED,canary
DEP-54294f03,2025-11-21T05:00:00,cart-microservice,012da6d865e44215a218ddf349f1bc9c,dev_73@enterprise.com,Deploy cart-microservice v10.5.9,PR #4361 - Routine deployment. Dependency updates.,COMPLETED,production-emea
DEP-6cc854a5,2025-11-22T07:00:00,api-gateway,04be89ef483f475e9bb9b49fa896020f,dev_15@enterprise.com,Deploy api-gateway v9.5.5,PR #6702 - Routine deployment. Dependency updates.,COMPLETED,production-apac
DEP-33a5636f,2025-11-22T12:00:00,cart-microservice,070076b2cb9545de90268cd9884785e1,dev_33@enterprise.com,Deploy cart-microservice v9.0.5,PR #6992 - Routine deployment. Dependency updates.,ROLLED_BACK,production-latam
DEP-6bfb650e,2025-11-22T22:00:00,payment-gateway-service,5a78454ce02f45daa3d7502291bbed44,dev_37@enterprise.com,Deploy payment-gateway-service v2.3.5,PR #9400 - Routine deployment. Dependency updates.,COMPLETED,production-eu
DEP-a37f4a6d,2025-11-23T09:00:00,inventory-service,e9e8968e5b794581a15a388affd530be,dev_23@enterprise.com,Deploy inventory-service v7.1.2,PR #7920 - Routine deployment. Dependency updates.,COMPLETED,production-latam
DEP-d7a38d97,2025-11-23T11:00:00,search-service,e9a956fee7b944aea63ceddd27a5f8b8,dev_31@enterprise.com,Deploy search-service v7.6.9,PR #1093 - Routine deployment. Dependency updates.,ROLLED_BACK,production-emea
DEP-9dc2d460,2025-11-23T20:00:00,checkout-auth-service,7613f81118ac4d6a86b89243236c4935,dev_25@enterprise.com,Deploy checkout-auth-service v2.7.9,PR #3432 - Routine deployment. Dependency updates.,COMPLETED,production-na
DEP-cf70f614,2025-11-24T10:00:00,inventory-service,180c8c2145a242e1ac2529294358872d,dev_93@enterprise.com,Deploy inventory-service v4.2.5,PR #8472 - Routine deployment. Dependency updates.,FAILED,production-na
DEP-3b1cd673,2025-11-24T14:00:00,notification-service,deb3a1d46c2c4e7493d2751cea736a7f,dev_25@enterprise.com,Deploy notification-service v5.2.4,PR #2654 - Routine deployment. Dependency updates.,COMPLETED,production-emea
DEP-6b765b28,2025-11-24T20:00:00,api-gateway,f9b13b8279114c53aaaa7481d7fb6625,dev_48@enterprise.com,Deploy api-gateway v6.2.5,PR #8329 - Routine deployment. Dependency updates.,COMPLETED,production-emea
DEP-0d6e1cc1,2025-11-25T16:00:00,database-migration-service,fba0c77f66364ea0a80158e801da26df,dev_67@enterprise.com,Deploy database-migration-service v3.7.1,PR #8747 - Routine deployment. Dependency updates.,COMPLETED,production-na
DEP-299e4ca0,2025-11-26T06:00:00,recommendation-engine,fb876803fe2846e48b57c8437f5419d3,dev_85@enterprise.com,Deploy recommendation-engine v10.3.5,PR #8517 - Routine deployment. Dependency updates.,COMPLETED,production-na
DEP-2f77341c,2025-11-26T20:00:00,user-auth-service,a6eed9adf248401595f151ed27eb48c9,dev_19@enterprise.com,Deploy user-auth-service v5.0.2,PR #7954 - Routine deployment. Dependency updates.,COMPLETED,staging
DEP-396a9e1e,2025-11-26T23:00:00,user-auth-service,09e4819c11394db99875ed44f3babdb6,dev_35@enterprise.com,Deploy user-auth-service v4.3.0,PR #1337 - Routine deployment. Dependency updates.,COMPLETED,production-apac
DEP-cdf0ad98,2025-11-27T14:00:00,notification-service,758a23615c304180ae9c898cd20f13ff,dev_56@enterprise.com,Deploy notification-service v7.3.2,PR #9205 - Routine deployment. Dependency updates.,ROLLED_BACK,production-emea
DEP-a2bf7c3f,2025-11-27T15:00:00,api-gateway,75df182cb3ff43029a973206252d1585,dev_41@enterprise.com,Deploy api-gateway v9.7.5,PR #2871 - Routine deployment. Dependency updates.,COMPLETED,canary
DEP-cfaaedf1,2025-11-28T00:00:00,database-migration-service,fc038a85b2194fe19d7738c41057dcd5,dev_42@enterprise.com,Deploy database-migration-service v10.5.5,PR #4984 - Routine deployment. Dependency updates.,COMPLETED,production-emea
DEP-7a4aea01,2025-11-28T03:00:00,payment-gateway-service,f60ea1424bff425ebbeff726b6c84ce7,dev_79@enterprise.com,Deploy payment-gateway-service v2.5.8,PR #6590 - Routine deployment. Dependency updates.,ROLLED_BACK,production-latam
DEP-863b6c83,2025-11-29T19:00:00,api-gateway,ff4cdf3bf5164b1484c65e7f5b5452a9,dev_36@enterprise.com,Deploy api-gateway v2.4.4,PR #1623 - Routine deployment. Dependency updates.,ROLLED_BACK,production-eu
DEP-94c51aeb,2025-11-30T09:00:00,cart-microservice,152e2cdb5c7247a0bfe8aa81e6c9d64b,dev_71@enterprise.com,Deploy cart-microservice v5.9.1,PR #1398 - Routine deployment. Dependency updates.,ROLLED_BACK,production-apac
DEP-e4acbef0,2025-12-01T02:00:00,cart-microservice,168a26df3325431e8046d583a563f082,dev_64@enterprise.com,Deploy cart-microservice v1.4.2,PR #5145 - Routine deployment. Dependency updates.,COMPLETED,production-eu
DEP-b0ca503d,2025-12-01T05:00:00,cart-microservice,f7321fc040a64e0d9189f80f9d015a20,dev_27@enterprise.com,Deploy cart-microservice v3.3.7,PR #7348 - Routine deployment. Dependency updates.,COMPLETED,production-eu
DEP-18c933a3,2025-12-02T03:00:00,inventory-service,eb1183f572e745cab5565410255b1758,dev_72@enterprise.com,Deploy inventory-service v7.7.0,PR #9675 - Routine deployment. Dependency updates.,COMPLETED,production-na
DEP-73bf9963,2025-12-02T14:00:00,recommendation-engine,7cc49b6ff6614c91851bff9b4c6ade13,dev_74@enterprise.com,Deploy recommendation-engine v6.5.1,PR #2503 - Routine deployment. Dependency updates.,COMPLETED,production-latam
DEP-c3098c7c,2025-12-03T09:00:00,recommendation-engine,3e93ddaf2cfa4918be4dd8ee059c8422,dev_89@enterprise.com,Deploy recommendation-engine v4.2.5,PR #6055 - Routine deployment. Dependency updates.,COMPLETED,canary
DEP-86118d63,2025-12-04T18:00:00,order-fulfillment-service,b70671c4f3cc4336bb202cce6fbff084,dev_84@enterprise.com,Deploy order-fulfillment-service v8.3.0,PR #8686 - Routine deployment. Dependency updates.,COMPLETED,production-eu
DEP-1f468bc7,2025-12-05T04:00:00,checkout-auth-service,03fc1be99bca4f31af5c633f271c4364,dev_35@enterprise.com,Deploy checkout-auth-service v8.7.1,PR #2678 - Routine deployment. Dependency updates.,FAILED,canary
DEP-83aaac53,2025-12-05T17:00:00,inventory-service,2f50763702764da2980cd688c6190631,dev_19@enterprise.com,Deploy inventory-service v1.9.6,PR #9185 - Routine deployment. Dependency updates.,COMPLETED,production-apac
DEP-cb35f355,2025-12-06T21:00:00,payment-gateway-service,bf225458a1554cefa6ddd327248fc88a,dev_79@enterprise.com,Deploy payment-gateway-service v9.9.5,PR #3675 - Routine deployment. Dependency updates.,FAILED,production-apac
DEP-0a0c30b0,2025-12-07T16:00:00,notification-service,53db886caeff4800b744cb0dab3b2564,dev_31@enterprise.com,Deploy notification-service v9.6.1,PR #9855 - Routine deployment. Dependency updates.,COMPLETED,production-apac
DEP-6170cbdf,2025-12-07T16:00:00,order-fulfillment-service,2f5c1258ac4d4f3c9043aa00b4c97408,dev_18@enterprise.com,Deploy order-fulfillment-service v9.8.1,PR #1546 - Routine deployment. Dependency updates.,COMPLETED,production-apac
DEP-544b9a60,2025-12-07T21:00:00,database-migration-service,169d1b07eca848fda51483e600dcb541,dev_55@enterprise.com,Deploy database-migration-service v9.7.3,PR #7318 - Routine deployment. Dependency updates.,ROLLED_BACK,production-apac
DEP-e37175c8,2025-12-08T07:00:00,order-fulfillment-service,acbf2a0b3c7641b4af52c6ced0d2e41b,dev_96@enterprise.com,Deploy order-fulfillment-service v8.1.5,PR #1885 - Routine deployment. Dependency updates.,COMPLETED,production-latam
DEP-88519f29,2025-12-08T10:00:00,database-migration-service,db4f930ecca148c9ac4679a7ff6b62bd,dev_48@enterprise.com,Deploy database-migration-service v10.2.2,PR #3273 - Routine deployment. Dependency updates.,COMPLETED,production-eu
DEP-8813c0cc,2025-12-08T21:00:00,order-fulfillment-service,b8c2c3a0ed354159a09c1a01764f96f1,dev_68@enterprise.com,Deploy order-fulfillment-service v5.8.3,PR #8247 - Routine deployment. Dependency updates.,COMPLETED,production-emea
DEP-d01f923a,2025-12-09T13:00:00,recommendation-engine,1710307643ee4b918053e38b2a792480,dev_55@enterprise.com,Deploy recommendation-engine v5.0.4,PR #9909 - Routine deployment. Dependency updates.,ROLLED_BACK,production-apac
DEP-528737c1,2025-12-09T19:00:00,inventory-service,34451a746386466487778644349f3711,dev_20@enterprise.com,Deploy inventory-service v2.2.9,PR #9593 - Routine deployment. Dependency updates.,COMPLETED,production-emea
DEP-e524056d,2025-12-10T04:00:00,database-migration-service,fdf8de49d4a541e6886c7c85640dfcbd,dev_45@enterprise.com,Deploy database-migration-service v6.0.8,PR #8643 - Routine deployment. Dependency updates.,FAILED,canary
DEP-6e4c5611,2025-12-10T08:00:00,cart-microservice,d18c3a3c05754ed6ab285cc5de542664,dev_26@enterprise.com,Deploy cart-microservice v3.4.5,PR #2529 - Routine deployment. Dependency updates.,COMPLETED,production-na
DEP-3d359772,2025-12-11T03:00:00,cart-microservice,362807752f8243959ed9df858acde214,dev_25@enterprise.com,Deploy cart-microservice v3.8.6,PR #6444 - Routine deployment. Dependency updates.,COMPLETED,canary
DEP-e2abb810,2025-12-12T15:00:00,cart-microservice,8d94bbcc35d245eba74d553a57b41260,dev_89@enterprise.com,Deploy cart-microservice v1.9.7,PR #4399 - Routine deployment. Dependency updates.,COMPLETED,staging
DEP-a999dc45,2025-12-13T05:00:00,database-migration-service,3dd379de3d1e4b2fbeff6e43ed37d97b,dev_72@enterprise.com,Deploy database-migration-service v1.9.8,PR #5241 - Routine deployment. Dependency updates.,COMPLETED,production-latam
DEP-c042bc7c,2025-12-13T08:00:00,notification-service,18d2a96ec7834d0a80e99f473c135b1d,dev_14@enterprise.com,Deploy notification-service v5.5.2,PR #1075 - Routine deployment. Dependency updates.,COMPLETED,canary
DEP-e9eb9864,2025-12-14T14:00:00,search-service,0dab94ca127f4eea8d1453c3c9513141,dev_47@enterprise.com,Deploy search-service v1.1.7,PR #4985 - Routine deployment. Dependency updates.,COMPLETED,production-latam
DEP-474858e0,2025-12-14T17:00:00,recommendation-engine,90fbcb00f37249b7b5e1b1602c0bda95,dev_11@enterprise.com,Deploy recommendation-engine v3.5.6,PR #9314 - Routine deployment. Dependency updates.,COMPLETED,canary
DEP-a4530cc4,2025-12-14T18:00:00,api-gateway,3830133946974b85ac7ebd7dc1815a20,dev_42@enterprise.com,Deploy api-gateway v5.4.4,PR #7867 - Routine deployment. Dependency updates.,COMPLETED,production-eu
DEP-4d01802d,2025-12-15T14:00:00,recommendation-engine,667b055d2a6647198c49cd615433c412,dev_37@enterprise.com,Deploy recommendation-engine v7.2.0,PR #2511 - Routine deployment. Dependency updates.,COMPLETED,production-emea
DEP-fdc09d5c,2025-12-16T03:00:00,checkout-auth-service,139647bbb58f4c9cb110abfcbf74b13f,dev_19@enterprise.com,Deploy checkout-auth-service v5.1.6,PR #9562 - Routine deployment. Dependency updates.,COMPLETED,production-emea
DEP-64e87bfc,2025-12-17T20:00:00,cart-microservice,86356674aa964bdcaa8c13deaf16cbdf,dev_38@enterprise.com,Deploy cart-microservice v4.2.2,PR #2641 - Routine deployment. Dependency updates.,ROLLED_BACK,staging
DEP-0be08f68,2025-12-18T08:00:00,notification-service,cf955a9678214396bcc87aaf6e026870,dev_10@enterprise.com,Deploy notification-service v5.4.6,PR #2813 - Routine deployment. Dependency updates.,FAILED,production-na
DEP-74cb7013,2025-12-18T10:00:00,api-gateway,2cc1cfb9050a4363b712f20a80a23cf2,dev_19@enterprise.com,Deploy api-gateway v10.2.8,PR #1273 - Routine deployment. Dependency updates.,ROLLED_BACK,production-eu
DEP-3e45d60a,2025-12-18T15:00:00,notification-service,8319703d75b34391bea0191abaddd253,dev_36@enterprise.com,Deploy notification-service v10.4.4,PR #7441 - Routine deployment. Dependency updates.,FAILED,canary
DEP-f5ef4f17,2025-12-19T03:00:00,cart-microservice,b18918996754485785a36beb271ae4c8,dev_77@enterprise.com,Deploy cart-microservice v1.3.6,PR #9094 - Routine deployment. Dependency updates.,COMPLETED,production-emea
DEP-315e4723,2025-12-19T15:00:00,api-gateway,ed5fd3ab8f314e77923f51a7f81a1ed3,dev_31@enterprise.com,Deploy api-gateway v9.6.3,PR #7064 - Routine deployment. Dependency updates.,ROLLED_BACK,production-apac
DEP-4986b9d3,2025-12-19T16:00:00,checkout-auth-service,06d7126a5bb54cfa91c71d155f6b403b,dev_44@enterprise.com,Deploy checkout-auth-service v6.1.5,PR #2661 - Routine deployment. Dependency updates.,COMPLETED,production-eu
DEP-c09f91f4,2025-12-20T01:00:00,cdn-edge-service,8612eb34ba96463bb9f8090003a7ef03,dev_8@enterprise.com,Deploy cdn-edge-service v7.0.1,PR #7607 - Routine deployment. Dependency updates.,COMPLETED,production-na
DEP-132f262a,2025-12-20T17:00:00,database-migration-service,184b3332a4444dffa75b2be9a6076260,dev_84@enterprise.com,Deploy database-migration-service v9.2.0,PR #4915 - Routine deployment. Dependency updates.,COMPLETED,staging
DEP-dd54c393,2025-12-20T18:00:00,cart-microservice,ed6adb5b69684c6a9bd741b5b5757185,dev_90@enterprise.com,Deploy cart-microservice v6.8.7,PR #5625 - Routine deployment. Dependency updates.,COMPLETED,production-apac
DEP-bd1e91a6,2025-12-21T07:00:00,checkout-auth-service,4655b5bcab034a26893393c45221819e,dev_53@enterprise.com,Deploy checkout-auth-service v9.2.9,PR #5220 - Routine deployment. Dependency updates.,COMPLETED,production-apac
DEP-99466506,2025-12-21T15:00:00,inventory-service,2e48ec4d5d4f4f089ac13b6a026701bf,dev_55@enterprise.com,Deploy inventory-service v7.8.6,PR #8771 - Routine deployment. Dependency updates.,COMPLETED,production-emea
DEP-94f6010b,2025-12-21T23:00:00,cdn-edge-service,fa415cbecbb94b79a08c0b150bb1ad62,dev_10@enterprise.com,Deploy cdn-edge-service v10.0.6,PR #1702 - Routine deployment. Dependency updates.,COMPLETED,staging
DEP-50b70c2f,2025-12-22T16:00:00,payment-gateway-service,172cdd3611de446ab9bbf5c9da073a28,dev_90@enterprise.com,Deploy payment-gateway-service v4.0.4,PR #9511 - Routine deployment. Dependency updates.,COMPLETED,production-latam
DEP-08452acb,2025-12-22T16:00:00,api-gateway,b8df9c141f134645b439fe2a1f1ef3c2,dev_95@enterprise.com,Deploy api-gateway v2.6.4,PR #8887 - Routine deployment. Dependency updates.,COMPLETED,production-apac
DEP-66d20083,2025-12-23T04:00:00,notification-service,6e6d516070a64ebbaea044deeb6261b9,dev_23@enterprise.com,Deploy notification-service v8.4.1,PR #6175 - Routine deployment. Dependency updates.,COMPLETED,production-na
DEP-9c0c2fda,2025-12-24T13:00:00,user-auth-service,cfc5c1cef81248d29674864e2c91d513,dev_67@enterprise.com,Deploy user-auth-service v3.5.1,PR #8718 - Routine deployment. Dependency updates.,FAILED,canary
DEP-de9fdf0d,2025-12-25T02:00:00,payment-gateway-service,944753d436b94bf0a17b1534263b5f61,dev_25@enterprise.com,Deploy payment-gateway-service v10.6.1,PR #8321 - Routine deployment. Dependency updates.,COMPLETED,canary
DEP-7c1d936f,2025-12-26T19:00:00,cdn-edge-service,c78412656e174a9fa0f34c34f7843393,dev_79@enterprise.com,Deploy cdn-edge-service v7.8.0,PR #2942 - Routine deployment. Dependency updates.,COMPLETED,staging
DEP-85f131da,2025-12-27T03:00:00,inventory-service,a1840e2415074926897474dd855479d8,dev_91@enterprise.com,Deploy inventory-service v3.4.5,PR #3812 - Routine deployment. Dependency updates.,COMPLETED,staging
DEP-6b3a568e,2025-12-28T10:00:00,recommendation-engine,5d22e300e7db48a1b80af40da5d4ad1e,dev_95@enterprise.com,Deploy recommendation-engine v5.4.5,PR #8933 - Routine deployment. Dependency updates.,COMPLETED,canary
DEP-0aeb0a1c,2025-12-28T19:00:00,cdn-edge-service,560040b104b14b2098cd11d887a8a4a7,dev_61@enterprise.com,Deploy cdn-edge-service v8.9.5,PR #4562 - Routine deployment. Dependency updates.,COMPLETED,staging
DEP-c8f20abe,2025-12-29T09:00:00,search-service,c2e2daac5e4342d6ac3dd3dd8a9bdda4,dev_97@enterprise.com,Deploy search-service v8.4.1,PR #4603 - Routine deployment. Dependency updates.,COMPLETED,staging
DEP-459c57b0,2025-12-29T16:00:00,payment-gateway-service,c121a2d0f63c4acb9268ff52dd5b1ce1,dev_87@enterprise.com,Deploy payment-gateway-service v8.1.8,PR #2408 - Routine deployment. Dependency updates.,FAILED,staging
DEP-01cbbf13,2025-12-30T03:00:00,checkout-auth-service,4d967dcd9f934af897e3848c752c5b82,dev_5@enterprise.com,Deploy checkout-auth-service v2.6.9,PR #2092 - Routine deployment. Dependency updates.,COMPLETED,production-na
DEP-075b185c,2025-12-30T08:00:00,recommendation-engine,6d73f02583d0493d96d60e933a69f12a,dev_88@enterprise.com,Deploy recommendation-engine v5.5.8,PR #4882 - Routine deployment. Dependency updates.,COMPLETED,production-na
DEP-3d96231c,2025-12-30T17:00:00,api-gateway,4d859da932544dff9a8182717d549126,dev_78@enterprise.com,Deploy api-gateway v7.3.7,PR #8182 - Routine deployment. Dependency updates.,COMPLETED,production-na
DEP-6067e199,2025-12-31T19:00:00,database-migration-service,44c1ce09dc154b0a8bc6acdc9d5472ac,dev_38@enterprise.com,Deploy database-migration-service v1.2.8,PR #9421 - Routine deployment. Dependency updates.,COMPLETED,canary
DEP-578ed7b6,2026-01-01T04:00:00,cart-microservice,b1d1d2d84b9f4bb1aab334f8fe3fd3c5,dev_18@enterprise.com,Deploy cart-microservice v5.1.2,PR #9690 - Routine deployment. Dependency updates.,COMPLETED,production-eu
DEP-1f64feaf,2026-01-01T17:00:00,inventory-service,44212218c6bd4fd58c5846934827ea52,dev_28@enterprise.com,Deploy inventory-service v7.1.4,PR #6950 - Routine deployment. Dependency updates.,COMPLETED,production-latam
DEP-c958d728,2026-01-01T18:00:00,checkout-auth-service,515d622ada1a42d6bdb728ecbe72bbab,dev_24@enterprise.com,Deploy checkout-auth-service v6.8.8,PR #1547 - Routine deployment. Dependency updates.,COMPLETED,production-emea
DEP-3e0c27ae,2026-01-02T04:00:00,notification-service,3a918dc78d95466ab0f3edfb8615d594,dev_32@enterprise.com,Deploy notification-service v9.7.6,PR #7500 - Routine deployment. Dependency updates.,COMPLETED,production-latam
DEP-f6fb7e1b,2026-01-02T05:00:00,payment-gateway-service,9582a1e813244646ac3d3ec54db7561c,dev_77@enterprise.com,Deploy payment-gateway-service v2.2.7,PR #4966 - Routine deployment. Dependency updates.,COMPLETED,staging
DEP-4a5c8c10,2026-01-02T22:00:00,inventory-service,0795bed9e28b4b2fa6bf9d23c077fdff,dev_84@enterprise.com,Deploy inventory-service v8.3.3,PR #2491 - Routine deployment. Dependency updates.,COMPLETED,canary
DEP-d3b26f5a,2026-01-03T02:00:00,payment-gateway-service,4104e61170b2485ea44517dc5d2c995b,dev_94@enterprise.com,Deploy payment-gateway-service v8.2.6,PR #2300 - Routine deployment. Dependency updates.,COMPLETED,production-na
DEP-52daa4e3,2026-01-03T07:00:00,database-migration-service,752ff8ccef734bf68f66f4e33551af6a,dev_12@enterprise.com,Deploy database-migration-service v9.8.2,PR #6293 - Routine deployment. Dependency updates.,COMPLETED,production-eu
DEP-6a199b7e,2026-01-04T12:00:00,cart-microservice,bf6dd80420f7495ba6408b2bc0525192,dev_63@enterprise.com,Deploy cart-microservice v4.0.9,PR #9196 - Routine deployment. Dependency updates.,COMPLETED,production-emea
DEP-8cdd903d,2026-01-05T00:00:00,notification-service,961d1bcb40704e248721a9a90dd8e47d,dev_70@enterprise.com,Deploy notification-service v1.0.9,PR #6456 - Routine deployment. Dependency updates.,COMPLETED,production-apac
DEP-e339354b,2026-01-05T11:00:00,cart-microservice,5d7a8a9281134b3d8b9855c3a653c285,dev_39@enterprise.com,Deploy cart-microservice v8.7.9,PR #9544 - Routine deployment. Dependency updates.,COMPLETED,production-latam
DEP-71e7d29f,2026-01-05T19:00:00,notification-service,1b1959fbe10641edaf1292a3107881ae,dev_11@enterprise.com,Deploy notification-service v7.9.4,PR #8499 - Routine deployment. Dependency updates.,COMPLETED,production-latam
DEP-42455b51,2026-01-06T11:00:00,api-gateway,b384d4beb8ff4d02a99ad308443966b9,dev_8@enterprise.com,Deploy api-gateway v1.0.7,PR #1924 - Routine deployment. Dependency updates.,COMPLETED,staging
DEP-e31c1282,2026-01-06T15:00:00,user-auth-service,fd263499cf3a43ce9d9d11ea8235ec3b,dev_78@enterprise.com,Deploy user-auth-service v2.2.8,PR #3577 - Routine deployment. Dependency updates.,COMPLETED,production-na
DEP-42710bf2,2026-01-07T03:00:00,notification-service,c612cf3adc5d437f8196aab78fedb973,dev_82@enterprise.com,Deploy notification-service v9.3.3,PR #4275 - Routine deployment. Dependency updates.,COMPLETED,canary
DEP-4194fb95,2026-01-07T21:00:00,notification-service,421ec2fd5fa14712a8f03325d1af4b39,dev_27@enterprise.com,Deploy notification-service v3.2.6,PR #3502 - Routine deployment. Dependency updates.,COMPLETED,production-latam
DEP-5baf5b9d,2026-01-08T00:00:00,user-auth-service,013eccdd284e4109a0fe59f5ab5ad0e3,dev_32@enterprise.com,Deploy user-auth-service v8.4.4,PR #1213 - Routine deployment. Dependency updates.,COMPLETED,production-na
DEP-ec420f08,2026-01-08T02:00:00,user-auth-service,1891aa7d40ab41efaaf85d299fdd3315,dev_84@enterprise.com,Deploy user-auth-service v1.8.5,PR #3655 - Routine deployment. Dependency updates.,COMPLETED,production-apac
DEP-4c8aeb2b,2026-01-08T18:00:00,order-fulfillment-service,c1efdff2d21d4b87aa05f78ad2dfaa80,dev_74@enterprise.com,Deploy order-fulfillment-service v9.0.9,PR #2531 - Routine deployment. Dependency updates.,COMPLETED,staging
DEP-ff11f757,2026-01-09T00:00:00,inventory-service,f2faa5c59a6040eeb5884fc4063a8416,dev_54@enterprise.com,Deploy inventory-service v8.6.6,PR #9211 - Routine deployment. Dependency updates.,COMPLETED,canary
DEP-8def7215,2026-01-10T07:00:00,payment-gateway-service,df13de7df06447af88d66a31b5c2b605,dev_81@enterprise.com,Deploy payment-gateway-service v9.9.4,PR #6926 - Routine deployment. Dependency updates.,COMPLETED,production-na
DEP-4242e71a,2026-01-10T14:00:00,order-fulfillment-service,29c4d20cc2ae40888fccdc06d4bef46c,dev_94@enterprise.com,Deploy order-fulfillment-service v1.0.2,PR #9798 - Routine deployment. Dependency updates.,COMPLETED,production-emea
DEP-bcf14c34,2026-01-10T15:00:00,api-gateway,d27b76e04dae4fe9843f15e9a7d5cca1,dev_7@enterprise.com,Deploy api-gateway v1.1.2,PR #5105 - Routine deployment. Dependency updates.,COMPLETED,production-eu
DEP-8e93aee2,2026-01-11T04:00:00,inventory-service,e41586ac074e4dafab0e82a41248a89f,dev_75@enterprise.com,Deploy inventory-service v6.7.7,PR #7910 - Routine deployment. Dependency updates.,COMPLETED,staging
DEP-f705001f,2026-01-12T17:00:00,user-auth-service,732bc43473c2467aba4911a0d2d82444,dev_74@enterprise.com,Deploy user-auth-service v3.9.8,PR #5734 - Routine deployment. Dependency updates.,COMPLETED,staging
DEP-e76daa89,2026-01-13T05:00:00,payment-gateway-service,a1d861bc6014427ea73efa19c3aa2e4d,dev_94@enterprise.com,Deploy payment-gateway-service v9.5.7,PR #7538 - Routine deployment. Dependency updates.,COMPLETED,production-emea
DEP-1f313be7,2026-01-13T15:00:00,cart-microservice,a0ae2661b5224bdb93212a93628bd8c7,dev_81@enterprise.com,Deploy cart-microservice v1.8.5,PR #5085 - Routine deployment. Dependency updates.,COMPLETED,production-latam
DEP-de25ad6e,2026-01-13T21:00:00,cdn-edge-service,ef25ea01c4aa48918da586ed13911d8a,dev_41@enterprise.com,Deploy cdn-edge-service v10.4.3,PR #8969 - Routine deployment. Dependency updates.,COMPLETED,staging
DEP-13f287d2,2026-01-14T05:00:00,database-migration-service,2eed995dece147f4b6b6a85522ea27aa,dev_49@enterprise.com,Deploy database-migration-service v3.6.5,PR #9761 - Routine deployment. Dependency updates.,FAILED,production-latam
DEP-1dbb881b,2026-01-15T11:00:00,order-fulfillment-service,8fb74c23188949cfaad05ef02b08414b,dev_35@enterprise.com,Deploy order-fulfillment-service v2.1.8,PR #9615 - Routine deployment. Dependency updates.,COMPLETED,production-apac
DEP-9ac61e48,2026-01-15T11:00:00,inventory-service,d4c20a3438604355ad8815ac8c1514d7,dev_40@enterprise.com,Deploy inventory-service v10.3.3,PR #7295 - Routine deployment. Dependency updates.,COMPLETED,production-emea
DEP-6c445ca0,2026-01-15T19:00:00,inventory-service,2c09548520e248359817ea79fd60a918,dev_80@enterprise.com,Deploy inventory-service v9.4.2,PR #9165 - Routine deployment. Dependency updates.,FAILED,production-eu
DEP-62c09faf,2026-01-16T02:00:00,order-fulfillment-service,898f960e676448b4b0a207ded67ea125,dev_61@enterprise.com,Deploy order-fulfillment-service v2.2.9,PR #9978 - Routine deployment. Dependency updates.,COMPLETED,production-emea
DEP-9849a079,2026-01-16T08:00:00,notification-service,2f061098f8494af4a6e2d5d3138d15bd,dev_94@enterprise.com,Deploy notification-service v10.9.4,PR #7511 - Routine deployment. Dependency updates.,COMPLETED,production-emea
DEP-492124ba,2026-01-17T01:00:00,user-auth-service,28d1e9e262534b73b9e7272d271ea30a,dev_11@enterprise.com,Deploy user-auth-service v3.5.8,PR #1706 - Routine deployment. Dependency updates.,ROLLED_BACK,production-apac
DEP-6bc9ceca,2026-01-17T12:00:00,cdn-edge-service,f226a31d74ca4bdcae5898100e612cec,dev_91@enterprise.com,Deploy cdn-edge-service v9.2.6,PR #3049 - Routine deployment. Dependency updates.,COMPLETED,production-emea
DEP-f38420a0,2026-01-17T12:00:00,checkout-auth-service,15ca47416cf045f6a8565434c2cd0237,dev_9@enterprise.com,Deploy checkout-auth-service v2.3.0,PR #6975 - Routine deployment. Dependency updates.,COMPLETED,canary
DEP-dd2acbf9,2026-01-18T02:00:00,order-fulfillment-service,912be3cc577646fa9bd8df392a22cebc,dev_40@enterprise.com,Deploy order-fulfillment-service v1.2.8,PR #6868 - Routine deployment. Dependency updates.,COMPLETED,canary
DEP-a08c6bb3,2026-01-18T19:00:00,search-service,21ad7cfb7a1c4879a074d02e398a815f,dev_7@enterprise.com,Deploy search-service v6.1.5,PR #2234 - Routine deployment. Dependency updates.,ROLLED_BACK,production-na
DEP-ec3e9302,2026-01-18T22:00:00,order-fulfillment-service,cfcdb0730b054dd299a4a2f82f92f999,dev_55@enterprise.com,Deploy order-fulfillment-service v5.2.1,PR #2271 - Routine deployment. Dependency updates.,COMPLETED,canary
DEP-53eb1701,2026-01-19T05:00:00,order-fulfillment-service,06983a30529144b18fb5d6e9a7f35c15,dev_65@enterprise.com,Deploy order-fulfillment-service v10.8.8,PR #3837 - Routine deployment. Dependency updates.,COMPLETED,production-apac
DEP-3b7490a9,2026-01-19T10:00:00,checkout-auth-service,1199c07e49df4e60803c9b524d7443a3,dev_83@enterprise.com,Deploy checkout-auth-service v3.7.7,PR #5524 - Routine deployment. Dependency updates.,COMPLETED,production-eu
DEP-a7befb77,2026-01-20T01:00:00,api-gateway,a64b182440454258a1dca9117e5f81f2,dev_100@enterprise.com,Deploy api-gateway v3.5.6,PR #7518 - Routine deployment. Dependency updates.,COMPLETED,canary
DEP-ed690fa9,2026-01-20T04:00:00,checkout-auth-service,6ea478684e9640c8942562a40ee5e7d9,dev_13@enterprise.com,Deploy checkout-auth-service v1.9.9,PR #8619 - Routine deployment. Dependency updates.,COMPLETED,production-emea
DEP-b7a539f7,2026-01-20T18:00:00,api-gateway,e99840ac6ece4a2e8755a397749a2872,dev_54@enterprise.com,Deploy api-gateway v4.7.4,PR #3205 - Routine deployment. Dependency updates.,COMPLETED,production-apac
DEP-a02936f4,2026-01-21T12:00:00,user-auth-service,f3dfe25ab3c04fb7b94e2cebb389736a,dev_28@enterprise.com,Deploy user-auth-service v6.8.0,PR #4142 - Routine deployment. Dependency updates.,COMPLETED,production-apac
DEP-a1e5b101,2026-01-21T17:00:00,notification-service,3b41fe7a7c304c6eb6381313d376c04d,dev_6@enterprise.com,Deploy notification-service v9.9.8,PR #8117 - Routine deployment. Dependency updates.,COMPLETED,production-eu
DEP-b4293588,2026-01-21T22:00:00,cdn-edge-service,ea515771b1ba4b8586781bbe257c1dc2,dev_45@enterprise.com,Deploy cdn-edge-service v7.5.9,PR #6081 - Routine deployment. Dependency updates.,COMPLETED,canary
DEP-c6b0670f,2026-01-22T15:00:00,database-migration-service,d0c3edeb0c6b4cda9dc0be2a0f28ec15,dev_80@enterprise.com,Deploy database-migration-service v10.6.8,PR #6532 - Routine deployment. Dependency updates.,COMPLETED,production-eu
DEP-4d2e50bd,2026-01-23T06:00:00,notification-service,f8d7a1cfcaad43b8b0d00f5a48c2550f,dev_71@enterprise.com,Deploy notification-service v2.6.4,PR #5983 - Routine deployment. Dependency updates.,COMPLETED,staging
DEP-d8b27ad9,2026-01-24T01:00:00,api-gateway,d4eb065ee86f4fa58d2bea3cd9afe38c,dev_50@enterprise.com,Deploy api-gateway v5.5.9,PR #8440 - Routine deployment. Dependency updates.,COMPLETED,canary
DEP-1b16eb39,2026-01-24T13:00:00,payment-gateway-service,76ec09ad32354ed785dd680f465a77ec,dev_64@enterprise.com,Deploy payment-gateway-service v4.1.9,PR #4446 - Routine deployment. Dependency updates.,FAILED,canary
DEP-7b91afd2,2026-01-24T15:00:00,recommendation-engine,1dc0562eeb234bfb9fd2b3990aedbad1,dev_99@enterprise.com,Deploy recommendation-engine v5.2.1,PR #6790 - Routine deployment. Dependency updates.,COMPLETED,production-eu
DEP-bb2edce8,2026-01-25T06:00:00,cart-microservice,9019cf3123c84b668d044663fcb34321,dev_9@enterprise.com,Deploy cart-microservice v8.5.3,PR #1429 - Routine deployment. Dependency updates.,FAILED,production-emea
DEP-9c3ff64a,2026-01-25T12:00:00,cart-microservice,dd609f88c39a48ac9781ab088399e6f2,dev_65@enterprise.com,Deploy cart-microservice v2.7.2,PR #4731 - Routine deployment. Dependency updates.,COMPLETED,production-latam
DEP-8428106f,2026-01-26T21:00:00,recommendation-engine,169d6774ab0c4ffa80d14fa760fd0921,dev_55@enterprise.com,Deploy recommendation-engine v3.6.0,PR #3514 - Routine deployment. Dependency updates.,COMPLETED,production-eu
DEP-927445e9,2026-01-26T23:00:00,payment-gateway-service,8e7ea82607844b249a34007220acc6d0,dev_91@enterprise.com,Deploy payment-gateway-service v9.5.5,PR #7365 - Routine deployment. Dependency updates.,COMPLETED,staging
DEP-935dd6df,2026-01-26T23:00:00,order-fulfillment-service,bfd3254ca3e94711b1375f1c88db7d50,dev_38@enterprise.com,Deploy order-fulfillment-service v4.7.7,PR #8106 - Routine deployment. Dependency updates.,COMPLETED,production-eu
DEP-ba5a263f,2026-01-27T12:00:00,recommendation-engine,10806c8c57d24006ac8fb278881549c0,dev_3@enterprise.com,Deploy recommendation-engine v8.8.9,PR #2309 - Routine deployment. Dependency updates.,COMPLETED,production-eu
DEP-5aabe3d7,2026-01-27T16:00:00,inventory-service,877e3938c9db4b46b8ca8491f8e60500,dev_54@enterprise.com,Deploy inventory-service v6.8.3,PR #8757 - Routine deployment. Dependency updates.,COMPLETED,canary
DEP-00e9055d,2026-01-27T20:00:00,inventory-service,11845a81c0cf40499b2c93350718657e,dev_92@enterprise.com,Deploy inventory-service v6.2.4,PR #6021 - Routine deployment. Dependency updates.,COMPLETED,production-na
DEP-042c9e1b,2026-01-28T16:00:00,checkout-auth-service,8ceae6a9b3134e8f80a8a8613818530b,dev_50@enterprise.com,Deploy checkout-auth-service v3.5.8,PR #3458 - Routine deployment. Dependency updates.,COMPLETED,production-latam
DEP-db80f204,2026-01-29T06:00:00,payment-gateway-service,6b1753163a0949d996ba421eebcafbfd,dev_48@enterprise.com,Deploy payment-gateway-service v10.5.9,PR #5593 - Routine deployment. Dependency updates.,ROLLED_BACK,production-emea
DEP-e8d0ff38,2026-01-29T13:00:00,notification-service,a45412fcc98a478d92acfb9fc24d7547,dev_93@enterprise.com,Deploy notification-service v3.1.9,PR #6409 - Routine deployment. Dependency updates.,COMPLETED,production-emea
DEP-84e93e45,2026-01-30T02:00:00,search-service,eb25f1ab125c4d1d8efe21e78aca9e18,dev_15@enterprise.com,Deploy search-service v7.6.3,PR #4894 - Routine deployment. Dependency updates.,COMPLETED,staging
DEP-900c004e,2026-01-30T04:00:00,payment-gateway-service,43328e37251b4963b026ab107c84bac1,dev_100@enterprise.com,Deploy payment-gateway-service v10.1.9,PR #7097 - Routine deployment. Dependency updates.,ROLLED_BACK,production-apac
DEP-fcf7b1d2,2026-01-30T20:00:00,user-auth-service,826f9bbaa09c414bb9b2d985e748b21a,dev_5@enterprise.com,Deploy user-auth-service v4.0.4,PR #1937 - Routine deployment. Dependency updates.,COMPLETED,canary
DEP-c1afb39f,2026-01-31T07:00:00,recommendation-engine,1772117f27ee499b9b891c32ddda9598,dev_6@enterprise.com,Deploy recommendation-engine v2.9.4,PR #3155 - Routine deployment. Dependency updates.,COMPLETED,production-emea
DEP-162f9184,2026-01-31T16:00:00,inventory-service,a5a81feaf49b47f5a109c908f362a7f9,dev_96@enterprise.com,Deploy inventory-service v3.3.3,PR #9313 - Routine deployment. Dependency updates.,COMPLETED,production-latam
DEP-9352b3de,2026-01-31T18:00:00,api-gateway,08e65ae4be0446d4b2261a5536e4b8ba,dev_29@enterprise.com,Deploy api-gateway v5.0.1,PR #8040 - Routine deployment. Dependency updates.,COMPLETED,production-na
DEP-872c2cd0,2026-02-01T16:00:00,user-auth-service,d19085d5b3de4128bba4021f11cd3ce7,dev_83@enterprise.com,Deploy user-auth-service v7.1.6,PR #3633 - Routine deployment. Dependency updates.,FAILED,production-latam
DEP-1a144099,2026-02-01T20:00:00,inventory-service,c6ef3998b3444c1ebd91e7726e4880b6,dev_64@enterprise.com,Deploy inventory-service v7.9.0,PR #7878 - Routine deployment. Dependency updates.,COMPLETED,production-latam
DEP-017cbb67,2026-02-02T05:00:00,recommendation-engine,54562b278d014286b7a5662a8dd9e23a,dev_6@enterprise.com,Deploy recommendation-engine v1.3.7,PR #1401 - Routine deployment. Dependency updates.,COMPLETED,production-emea
DEP-ccb2e710,2026-02-02T14:00:00,api-gateway,ae9992cff1be4c3b8159e261aa3f30df,dev_6@enterprise.com,Deploy api-gateway v8.2.0,PR #2452 - Routine deployment. Dependency updates.,COMPLETED,canary
DEP-84bcb49c,2026-02-02T21:00:00,cart-microservice,255e686f4aa24c6d8d178940f50da7c6,dev_50@enterprise.com,Deploy cart-microservice v4.1.5,PR #2206 - Routine deployment. Dependency updates.,COMPLETED,staging
DEP-d7793546,2026-02-03T09:00:00,cart-microservice,3b6c1ce118124d55b472230bc4450870,dev_90@enterprise.com,Deploy cart-microservice v9.7.9,PR #8990 - Routine deployment. Dependency updates.,COMPLETED,production-emea
DEP-2674e582,2026-02-03T14:00:00,order-fulfillment-service,31987bd99c354958bd70a1ab90fbce70,dev_41@enterprise.com,Deploy order-fulfillment-service v4.6.9,PR #9285 - Routine deployment. Dependency updates.,COMPLETED,canary
DEP-421f3016,2026-02-04T02:00:00,order-fulfillment-service,bb3578f5a4af4a1a82a924382c9a29d0,dev_90@enterprise.com,Deploy order-fulfillment-service v6.2.9,PR #8941 - Routine deployment. Dependency updates.,COMPLETED,production-na
DEP-b5c0e6e1,2026-02-04T21:00:00,user-auth-service,d13e017c907b4deaa15e30f9c76e12a0,dev_47@enterprise.com,Deploy user-auth-service v9.6.4,PR #2384 - Routine deployment. Dependency updates.,COMPLETED,canary
DEP-2a751a57,2026-02-05T00:00:00,order-fulfillment-service,fb485a15d5404b71bbbd7a5477301312,dev_55@enterprise.com,Deploy order-fulfillment-service v7.2.3,PR #2771 - Routine deployment. Dependency updates.,COMPLETED,staging
DEP-8aaecdad,2026-02-05T18:00:00,payment-gateway-service,c88522489251435ca26424317051a74c,dev_71@enterprise.com,Deploy payment-gateway-service v6.2.8,PR #5300 - Routine deployment. Dependency updates.,COMPLETED,staging
DEP-8ee97320,2026-02-05T21:00:00,recommendation-engine,bad5eb2361af492e9ee11bdabe64b7c9,dev_75@enterprise.com,Deploy recommendation-engine v9.5.4,PR #4492 - Routine deployment. Dependency updates.,FAILED,production-emea
DEP-ea862d02,2026-02-06T00:00:00,database-migration-service,7e8ae3e5ada5407aa0568bdaa6e70bbe,dev_43@enterprise.com,Deploy database-migration-service v7.5.6,PR #6986 - Routine deployment. Dependency updates.,COMPLETED,canary
DEP-ac7c8688,2026-02-06T00:00:00,checkout-auth-service,f026d904516c446c9c8ddf34572e950d,dev_84@enterprise.com,Deploy checkout-auth-service v9.9.7,PR #2537 - Routine deployment. Dependency updates.,COMPLETED,production-apac
DEP-c88784f2,2026-02-07T07:00:00,order-fulfillment-service,534c18dccf3e40b68092e04ae87359e3,dev_95@enterprise.com,Deploy order-fulfillment-service v8.5.5,PR #5728 - Routine deployment. Dependency updates.,FAILED,production-apac
DEP-49a389a3,2026-02-07T10:00:00,cart-microservice,a1afee328ef04868a4bc6e8bef380306,dev_76@enterprise.com,Deploy cart-microservice v7.9.3,PR #5976 - Routine deployment. Dependency updates.,COMPLETED,production-apac
DEP-e9ed8804,2026-02-08T02:00:00,api-gateway,dbda1f51b7824b50a41447912ebf20f9,dev_16@enterprise.com,Deploy api-gateway v3.4.9,PR #7387 - Routine deployment. Dependency updates.,COMPLETED,staging
DEP-7d1b664f,2026-02-08T10:00:00,cdn-edge-service,890b2c692a3d4d59b40ecd7282d043d0,dev_87@enterprise.com,Deploy cdn-edge-service v2.2.4,PR #3484 - Routine deployment. Dependency updates.,COMPLETED,production-emea
DEP-46a8407b,2026-02-09T09:00:00,database-migration-service,1bb71183e48b4b74b3bfadde8f1ef60a,dev_54@enterprise.com,Deploy database-migration-service v10.9.0,PR #8026 - Routine deployment. Dependency updates.,COMPLETED,production-na
DEP-5450c39e,2026-02-10T02:00:00,recommendation-engine,81d2041d337c46168329a585504d887f,dev_7@enterprise.com,Deploy recommendation-engine v10.8.5,PR #4211 - Routine deployment. Dependency updates.,COMPLETED,production-emea
DEP-11a45ae9,2026-02-10T21:00:00,search-service,9a8aa67d17df4553aadce2a116279c76,dev_43@enterprise.com,Deploy search-service v8.3.6,PR #5864 - Routine deployment. Dependency updates.,ROLLED_BACK,production-eu
DEP-430e968a,2026-02-11T12:00:00,cart-microservice,7804f825d8114e179df8ab5608083667,dev_44@enterprise.com,Deploy cart-microservice v3.7.2,PR #6056 - Routine deployment. Dependency updates.,COMPLETED,production-latam
DEP-d18beaf5,2026-02-12T13:00:00,user-auth-service,8eb085abfcf34c9f90b6106532a09c76,dev_98@enterprise.com,Deploy user-auth-service v6.5.8,PR #5319 - Routine deployment. Dependency updates.,COMPLETED,production-emea
DEP-0b525d83,2026-02-12T13:00:00,order-fulfillment-service,5b472761ffe84c9b9b7352423af4d049,dev_3@enterprise.com,Deploy order-fulfillment-service v6.4.9,PR #4476 - Routine deployment. Dependency updates.,COMPLETED,production-na
DEP-a84af981,2026-02-12T14:00:00,inventory-service,f0cb95faa50d419b8ee5a6acf6a68a97,dev_85@enterprise.com,Deploy inventory-service v8.5.4,PR #5286 - Routine deployment. Dependency updates.,COMPLETED,production-apac
DEP-fb08987e,2026-02-13T02:00:00,search-service,f321c32bc1614381802ea880cfc5520c,dev_55@enterprise.com,Deploy search-service v3.3.8,PR #4561 - Routine deployment. Dependency updates.,COMPLETED,production-latam
DEP-aaa05696,2026-02-13T06:00:00,cdn-edge-service,273ac5bdc96b4016b2ffa090fe53b575,dev_94@enterprise.com,Deploy cdn-edge-service v1.3.1,PR #7712 - Routine deployment. Dependency updates.,COMPLETED,production-emea
DEP-d77f24bd,2026-02-13T11:00:00,user-auth-service,1d9c3df6328840e19988476f9242b434,dev_11@enterprise.com,Deploy user-auth-service v10.1.6,PR #8746 - Routine deployment. Dependency updates.,FAILED,production-latam
DEP-f673b92c,2026-02-14T03:00:00,search-service,d5a86f5beb184776ae6ed0d6e0b3e715,dev_19@enterprise.com,Deploy search-service v1.3.5,PR #7162 - Routine deployment. Dependency updates.,COMPLETED,canary
DEP-29f3c256,2026-02-14T03:00:00,payment-gateway-service,db7e14bc3f824226824cc73bdd835b3f,dev_97@enterprise.com,Deploy payment-gateway-service v2.5.8,PR #1212 - Routine deployment. Dependency updates.,FAILED,staging
DEP-a9b993a3,2026-02-15T00:00:00,order-fulfillment-service,5f0a9cc7d5ce448894bba190cd1f6b9d,dev_56@enterprise.com,Deploy order-fulfillment-service v7.6.9,PR #6844 - Routine deployment. Dependency updates.,COMPLETED,staging
DEP-9cc27f0f,2026-02-15T06:00:00,cart-microservice,c5f6380fa5ca414fab5ffef48af4460e,dev_62@enterprise.com,Deploy cart-microservice v2.7.6,PR #6585 - Routine deployment. Dependency updates.,FAILED,production-eu
DEP-6e0b0e06,2026-02-16T16:00:00,cdn-edge-service,5f6c521caae4480bbac2a2d9adf7a5a7,dev_20@enterprise.com,Deploy cdn-edge-service v1.3.4,PR #1145 - Routine deployment. Dependency updates.,COMPLETED,production-latam
DEP-60756d1a,2026-02-17T16:00:00,api-gateway,fb72635c91514f50b07c2a184afe869e,dev_17@enterprise.com,Deploy api-gateway v3.0.9,PR #7544 - Routine deployment. Dependency updates.,ROLLED_BACK,production-eu
DEP-4c79a0ce,2026-02-17T22:00:00,recommendation-engine,8121c951bc584b5fb5129d752f18d543,dev_48@enterprise.com,Deploy recommendation-engine v2.3.3,PR #2351 - Routine deployment. Dependency updates.,FAILED,production-latam
DEP-1ee8330f,2026-02-18T02:00:00,user-auth-service,ab4a4e43f7194c27bffe8116dfcb7869,dev_61@enterprise.com,Deploy user-auth-service v4.6.5,PR #6981 - Routine deployment. Dependency updates.,COMPLETED,production-emea
DEP-7e23ea1a,2026-02-19T11:00:00,cart-microservice,592fff7f2f304bbdafc645c143c39920,dev_97@enterprise.com,Deploy cart-microservice v4.4.6,PR #5165 - Routine deployment. Dependency updates.,COMPLETED,production-eu
DEP-ae2a6a22,2026-02-19T22:00:00,checkout-auth-service,dd74fc9d7bf049c8805feee8f5301a9e,dev_34@enterprise.com,Deploy checkout-auth-service v3.7.0,PR #4317 - Routine deployment. Dependency updates.,COMPLETED,production-latam
DEP-fca4adeb,2026-02-19T23:00:00,search-service,ac5536220b9449e4a44e7efada27f684,dev_76@enterprise.com,Deploy search-service v8.8.0,PR #1023 - Routine deployment. Dependency updates.,COMPLETED,production-emea
DEP-5cdffec6,2026-02-20T07:00:00,payment-gateway-service,a342c65fddca4d4ca46836570f21cde0,dev_47@enterprise.com,Deploy payment-gateway-service v3.3.1,PR #2068 - Routine deployment. Dependency updates.,COMPLETED,production-emea
DEP-1ebf0b80,2026-02-20T10:00:00,checkout-auth-service,edfd87fe868c48c9a1d46f5be0137f98,dev_9@enterprise.com,Deploy checkout-auth-service v3.0.6,PR #9668 - Routine deployment. Dependency updates.,COMPLETED,production-apac
DEP-4aea91a3,2026-02-20T12:00:00,api-gateway,a2a1e22f756845069cb6801e9a11f0a0,dev_4@enterprise.com,Deploy api-gateway v8.3.8,PR #1344 - Routine deployment. Dependency updates.,COMPLETED,production-apac
DEP-c4782a84,2026-02-21T07:00:00,inventory-service,ca7aa484fa614dffb3090763582c2980,dev_58@enterprise.com,Deploy inventory-service v1.8.4,PR #3805 - Routine deployment. Dependency updates.,COMPLETED,production-emea
DEP-ff6994a6,2026-02-22T07:00:00,recommendation-engine,49c9bd0c56314e3aac91c53d30b04c4b,dev_51@enterprise.com,Deploy recommendation-engine v4.4.4,PR #4145 - Routine deployment. Dependency updates.,COMPLETED,production-emea
DEP-039d2af9,2026-02-23T08:00:00,checkout-auth-service,ade61459b5d84d3bba8f8bba2f824b83,dev_4@enterprise.com,Deploy checkout-auth-service v10.7.8,PR #2532 - Routine deployment. Dependency updates.,COMPLETED,production-apac
DEP-b37d71e7,2026-02-23T08:00:00,checkout-auth-service,f989326967774dc79b6b89b252d84f02,dev_74@enterprise.com,Deploy checkout-auth-service v7.7.0,PR #4828 - Routine deployment. Dependency updates.,FAILED,production-eu
DEP-c593c61e,2026-02-23T21:00:00,order-fulfillment-service,5a9c7861278b4e61aac2819788956282,dev_31@enterprise.com,Deploy order-fulfillment-service v6.3.5,PR #9518 - Routine deployment. Dependency updates.,COMPLETED,staging
DEP-3d337fb3,2026-02-24T05:00:00,search-service,f8fce727a73646e6999652acad65ec85,dev_66@enterprise.com,Deploy search-service v1.4.1,PR #5797 - Routine deployment. Dependency updates.,COMPLETED,production-na
DEP-0623451d,2026-02-25T12:00:00,checkout-auth-service,ca886a4a97654367927df171143914bd,dev_95@enterprise.com,Deploy checkout-auth-service v3.5.7,PR #3238 - Routine deployment. Dependency updates.,FAILED,production-na
DEP-ad1d082e,2026-02-26T00:00:00,payment-gateway-service,0258685c0ff64b26b26907a39f89b3ef,dev_67@enterprise.com,Deploy payment-gateway-service v9.2.2,PR #3166 - Routine deployment. Dependency updates.,FAILED,production-na
DEP-79d5ea30,2026-02-26T02:00:00,api-gateway,be5b7e9d2d644cc68c5a19984eb7a77a,dev_16@enterprise.com,Deploy api-gateway v3.5.4,PR #8762 - Routine deployment. Dependency updates.,COMPLETED,production-emea
DEP-19044c30,2026-02-27T10:00:00,search-service,586b66e3f9534981bdceb86c6bdf7057,dev_17@enterprise.com,Deploy search-service v4.0.6,PR #2911 - Routine deployment. Dependency updates.,COMPLETED,production-eu
DEP-f0abf688,2026-02-27T12:00:00,search-service,bc7562c9089c4cafab265b789e7f303b,dev_33@enterprise.com,Deploy search-service v4.3.0,PR #3675 - Routine deployment. Dependency updates.,COMPLETED,production-apac
DEP-ca5968d2,2026-02-27T23:00:00,payment-gateway-service,5aaecb14b7a54b54b254617ec627e539,dev_4@enterprise.com,Deploy payment-gateway-service v5.2.6,PR #2978 - Routine deployment. Dependency updates.,COMPLETED,staging
DEP-c2599782,2026-02-28T03:00:00,search-service,949b39eef7244f33af63fc62139aa3a1,dev_38@enterprise.com,Deploy search-service v3.5.7,PR #3507 - Routine deployment. Dependency updates.,FAILED,production-eu
DEP-4d1e6cff,2026-02-28T09:00:00,cart-microservice,c30fb0b3c5be47ba89075fc83f8b4f69,dev_17@enterprise.com,Deploy cart-microservice v7.3.0,PR #2781 - Routine deployment. Dependency updates.,COMPLETED,production-emea
DEP-58788524,2026-03-01T18:00:00,order-fulfillment-service,6201b78c20c84263b6b04fff5ce24522,dev_90@enterprise.com,Deploy order-fulfillment-service v7.9.4,PR #8697 - Routine deployment. Dependency updates.,COMPLETED,production-na
DEP-1a5757df,2026-03-01T18:00:00,checkout-auth-service,223d886a4d14462295200f24fc277e20,dev_23@enterprise.com,Deploy checkout-auth-service v3.1.1,PR #9391 - Routine deployment. Dependency updates.,COMPLETED,canary
DEP-254d25ca,2026-03-02T08:00:00,notification-service,060f17c7d0904b4ab761374c19650fc5,dev_47@enterprise.com,Deploy notification-service v8.3.9,PR #5697 - Routine deployment. Dependency updates.,COMPLETED,canary
DEP-c4b1bd60,2026-03-02T23:00:00,api-gateway,42e7e256c0894c75b28b7a5488d36d79,dev_55@enterprise.com,Deploy api-gateway v5.2.6,PR #6691 - Routine deployment. Dependency updates.,COMPLETED,production-latam
DEP-ff15be6a,2026-03-03T03:00:00,recommendation-engine,c9cc439211c4412691b736f39cc87032,dev_64@enterprise.com,Deploy recommendation-engine v3.6.7,PR #5978 - Routine deployment. Dependency updates.,COMPLETED,production-emea
DEP-5ed0e34b,2026-03-03T16:00:00,order-fulfillment-service,eca82b20d90546e6982ada45f22fb844,dev_45@enterprise.com,Deploy order-fulfillment-service v4.8.3,PR #1242 - Routine deployment. Dependency updates.,COMPLETED,production-latam
DEP-1dd64af5,2026-03-03T19:00:00,checkout-auth-service,70a163220b3f459aa61c5f39251c8069,dev_100@enterprise.com,Deploy checkout-auth-service v6.9.9,PR #6423 - Routine deployment. Dependency updates.,COMPLETED,staging
DEP-02ac4a07,2026-03-04T19:00:00,inventory-service,4319faf9e9264812a1d8752c95455441,dev_86@enterprise.com,Deploy inventory-service v8.1.9,PR #8874 - Routine deployment. Dependency updates.,COMPLETED,production-latam
DEP-dd231565,2026-03-05T17:00:00,inventory-service,9a14a6ea55004039a15b084d6920fbc5,dev_79@enterprise.com,Deploy inventory-service v2.2.3,PR #9170 - Routine deployment. Dependency updates.,COMPLETED,canary
DEP-7ab368a3,2026-03-05T18:00:00,cdn-edge-service,92981de6625645b089dbc5bd587576de,dev_16@enterprise.com,Deploy cdn-edge-service v1.7.2,PR #3240 - Routine deployment. Dependency updates.,FAILED,staging
DEP-2e78738b,2026-03-06T17:00:00,notification-service,59003763c6c14b4ba95f727e7ec5e1db,dev_27@enterprise.com,Deploy notification-service v7.1.6,PR #4996 - Routine deployment. Dependency updates.,COMPLETED,canary
DEP-a9f39e29,2026-03-06T18:00:00,notification-service,20e426519f5c44d383bebf21b658eeaa,dev_53@enterprise.com,Deploy notification-service v6.9.1,PR #2635 - Routine deployment. Dependency updates.,FAILED,production-na
DEP-53ec9582,2026-03-07T08:00:00,user-auth-service,5b5809061e3748c0a958f937148ac6be,dev_28@enterprise.com,Deploy user-auth-service v2.1.8,PR #3377 - Routine deployment. Dependency updates.,COMPLETED,production-latam
DEP-dc899fa6,2026-03-07T08:00:00,checkout-auth-service,3078a4c599634b3594e97af617604690,dev_75@enterprise.com,Deploy checkout-auth-service v7.7.3,PR #2953 - Routine deployment. Dependency updates.,COMPLETED,production-emea
DEP-b0002cbf,2026-03-08T10:00:00,inventory-service,9834f29c368d4f059c84a9e38ad15e74,dev_10@enterprise.com,Deploy inventory-service v1.7.8,PR #9864 - Routine deployment. Dependency updates.,COMPLETED,canary
DEP-49ca8b20,2026-03-09T06:00:00,order-fulfillment-service,16e18eeeb4614c95a627cb23644c365e,dev_36@enterprise.com,Deploy order-fulfillment-service v3.5.3,PR #2989 - Routine deployment. Dependency updates.,COMPLETED,staging
DEP-a314a953,2026-03-09T15:00:00,api-gateway,611cb465cb7d41609a7b016624e71b18,dev_19@enterprise.com,Deploy api-gateway v4.5.0,PR #5282 - Routine deployment. Dependency updates.,COMPLETED,production-eu
DEP-61dd82cb,2026-03-10T14:00:00,inventory-service,0e1c96ffff9e4e6a9daf9721cdd1419b,dev_55@enterprise.com,Deploy inventory-service v4.7.5,PR #6240 - Routine deployment. Dependency updates.,ROLLED_BACK,production-apac
DEP-b5612cda,2026-03-10T17:00:00,checkout-auth-service,0e75f1c9cd1b4adcb884ad089822e502,dev_73@enterprise.com,Deploy checkout-auth-service v4.2.0,PR #2460 - Routine deployment. Dependency updates.,COMPLETED,production-eu
DEP-a5effc1f,2026-03-10T18:00:00,inventory-service,9efe2bb303c3423cbf50cb487fa33efd,dev_71@enterprise.com,Deploy inventory-service v2.2.0,PR #7590 - Routine deployment. Dependency updates.,COMPLETED,canary
DEP-6c0ea1b4,2026-03-11T12:00:00,inventory-service,6dbd8873ab224b77a651a63ddd3ef720,dev_7@enterprise.com,Deploy inventory-service v6.5.9,PR #3190 - Routine deployment. Dependency updates.,COMPLETED,staging
DEP-9c0782c0,2026-03-12T09:00:00,notification-service,a7552977c2fa46caabe5fcac77786263,dev_52@enterprise.com,Deploy notification-service v4.2.8,PR #9110 - Routine deployment. Dependency updates.,COMPLETED,production-emea
DEP-71048825,2026-03-13T06:00:00,cart-microservice,6cce410bc751441bb4cee594117a8515,dev_29@enterprise.com,Deploy cart-microservice v2.0.4,PR #3918 - Routine deployment. Dependency updates.,COMPLETED,production-na
DEP-ea0c2b6b,2026-03-14T12:00:00,api-gateway,910c6872dc684068a267673d19efa04f,dev_98@enterprise.com,Deploy api-gateway v2.8.9,PR #3661 - Routine deployment. Dependency updates.,COMPLETED,production-latam
DEP-19ab451b,2026-03-14T16:00:00,payment-gateway-service,69dd19ab76f64a1db15b13dfa9e24550,dev_24@enterprise.com,Deploy payment-gateway-service v8.6.9,PR #6877 - Routine deployment. Dependency updates.,COMPLETED,production-eu
DEP-b98a17b3,2026-03-15T02:00:00,inventory-service,df4fb9c50ab8416cb9437dfaf48313d4,dev_20@enterprise.com,Deploy inventory-service v2.1.5,PR #5816 - Routine deployment. Dependency updates.,FAILED,staging
DEP-36076b63,2026-03-15T22:00:00,notification-service,13328f3395f84a0689ccf7a98ff52545,dev_21@enterprise.com,Deploy notification-service v8.8.7,PR #4663 - Routine deployment. Dependency updates.,COMPLETED,production-eu
DEP-5c3e7856,2026-03-16T00:00:00,api-gateway,bfd039ab4d514f3a88cecb3d876a8adb,dev_8@enterprise.com,Deploy api-gateway v6.0.7,PR #8976 - Routine deployment. Dependency updates.,ROLLED_BACK,production-apac
DEP-33fb6878,2026-03-16T09:00:00,api-gateway,1ebe7023740b4566b7114ac05c1ff450,dev_15@enterprise.com,Deploy api-gateway v10.2.4,PR #8229 - Routine deployment. Dependency updates.,COMPLETED,production-latam
DEP-e76c0ccf,2026-03-16T10:00:00,checkout-auth-service,932faf211d7c401ea5967c291e5eea33,dev_20@enterprise.com,Deploy checkout-auth-service v8.2.6,PR #3094 - Routine deployment. Dependency updates.,COMPLETED,canary
DEP-3eedb77c,2026-03-17T07:00:00,recommendation-engine,37d83a7cd0f1438592c3df7398d0a4dc,dev_67@enterprise.com,Deploy recommendation-engine v6.0.5,PR #8578 - Routine deployment. Dependency updates.,COMPLETED,production-apac
DEP-37c5a024,2026-03-17T15:00:00,inventory-service,7bd766dad5d1462696f38106ed2c54a2,dev_23@enterprise.com,Deploy inventory-service v7.0.0,PR #7908 - Routine deployment. Dependency updates.,COMPLETED,production-emea
DEP-ac54ac42,2026-03-17T23:00:00,user-auth-service,cfc3238361164423a8fd108d5cbd0a89,dev_47@enterprise.com,Deploy user-auth-service v7.3.0,PR #1682 - Routine deployment. Dependency updates.,COMPLETED,production-apac
DEP-48061696,2026-03-18T18:00:00,notification-service,57a468169ef446de8c541f613dd6999d,dev_31@enterprise.com,Deploy notification-service v2.5.0,PR #1197 - Routine deployment. Dependency updates.,COMPLETED,production-eu
DEP-866e596f,2026-03-19T04:00:00,search-service,8c2ba0e96abf4914b919152695dd9e79,dev_61@enterprise.com,Deploy search-service v1.9.7,PR #3285 - Routine deployment. Dependency updates.,COMPLETED,production-latam
DEP-09d87d30,2026-03-19T21:00:00,user-auth-service,446381c9349942f0bfc554ed1bf65d6d,dev_84@enterprise.com,Deploy user-auth-service v1.6.7,PR #5828 - Routine deployment. Dependency updates.,COMPLETED,production-emea
DEP-21f9384c,2026-03-20T15:00:00,inventory-service,ba7652922547459b9f3c193a37baaf5b,dev_84@enterprise.com,Deploy inventory-service v10.1.1,PR #7563 - Routine deployment. Dependency updates.,FAILED,production-eu
DEP-b8c45f55,2026-03-20T21:00:00,user-auth-service,0aa939c04547454eb4a30b6c90be78d3,dev_3@enterprise.com,Deploy user-auth-service v4.7.6,PR #6423 - Routine deployment. Dependency updates.,COMPLETED,canary
DEP-c40056f5,2026-03-21T16:00:00,user-auth-service,e14138d5669945bd8e77c38514dc4f54,dev_92@enterprise.com,Deploy user-auth-service v7.1.3,PR #9392 - Routine deployment. Dependency updates.,COMPLETED,production-latam
DEP-ca8d59da,2026-03-22T00:00:00,user-auth-service,d2ebbaec3d3044f88f1edbdc794cd5e7,dev_96@enterprise.com,Deploy user-auth-service v2.0.3,PR #3057 - Routine deployment. Dependency updates.,COMPLETED,production-emea
DEP-29055a8b,2026-03-22T05:00:00,database-migration-service,cffc5ce341d74ba7820d73629566a101,dev_36@enterprise.com,Deploy database-migration-service v6.5.3,PR #1435 - Routine deployment. Dependency updates.,COMPLETED,staging
DEP-c3d52ea0,2026-03-22T09:00:00,notification-service,4b53e78ed9144f23846fbb05a61edf46,dev_41@enterprise.com,Deploy notification-service v3.2.6,PR #2797 - Routine deployment. Dependency updates.,COMPLETED,canary
DEP-33e68590,2026-03-23T01:00:00,checkout-auth-service,bacb7450d0d44dacbc47a33407934863,dev_3@enterprise.com,Deploy checkout-auth-service v3.9.0,PR #9545 - Routine deployment. Dependency updates.,COMPLETED,production-latam
DEP-c506a276,2026-03-23T11:00:00,api-gateway,b616bfff7a5f4b35b74ddb61611f2b33,dev_96@enterprise.com,Deploy api-gateway v9.7.2,PR #9928 - Routine deployment. Dependency updates.,COMPLETED,production-eu
DEP-b008de7a,2026-03-24T22:00:00,api-gateway,05d73bd366514917abe9e2a526c8fe9c,dev_92@enterprise.com,Deploy api-gateway v7.3.8,PR #8783 - Routine deployment. Dependency updates.,COMPLETED,production-apac
DEP-6a7e2ba0,2026-03-25T04:00:00,search-service,e03b5504bcd74907a00c424f22d308be,dev_51@enterprise.com,Deploy search-service v5.4.3,PR #3731 - Routine deployment. Dependency updates.,COMPLETED,production-na
DEP-7ccc4ae3,2026-03-25T05:00:00,user-auth-service,d7fd7d6995844e40b5563b5f15b7f6ee,dev_65@enterprise.com,Deploy user-auth-service v5.2.1,PR #9856 - Routine deployment. Dependency updates.,COMPLETED,production-eu
DEP-628b37a4,2026-03-25T13:00:00,cdn-edge-service,1d730f2adbed4c479aafd1601dbdf9be,dev_48@enterprise.com,Deploy cdn-edge-service v3.8.5,PR #4399 - Routine deployment. Dependency updates.,COMPLETED,production-latam
DEP-8455946d,2026-03-26T00:00:00,notification-service,8eb3fbb3ae3444da9f745ca328529418,dev_5@enterprise.com,Deploy notification-service v8.2.1,PR #7592 - Routine deployment. Dependency updates.,COMPLETED,production-latam
DEP-4a688db2,2026-03-26T04:00:00,inventory-service,70a9e74f5b04480195fed72616a47d73,dev_52@enterprise.com,Deploy inventory-service v10.0.3,PR #9937 - Routine deployment. Dependency updates.,COMPLETED,production-na
DEP-9c9f5805,2026-03-26T14:00:00,order-fulfillment-service,7826ff9535f24d30a27d283c930e13b8,dev_24@enterprise.com,Deploy order-fulfillment-service v7.2.7,PR #6935 - Routine deployment. Dependency updates.,COMPLETED,production-latam
DEP-0975ae21,2026-03-27T04:00:00,api-gateway,18fa96d4defd4709ad11a25909ee0a04,dev_25@enterprise.com,Deploy api-gateway v2.9.2,PR #6587 - Routine deployment. Dependency updates.,COMPLETED,staging
DEP-4d075361,2026-03-27T12:00:00,checkout-auth-service,2de4034d3f8d4a919e8a2ac03bebac32,dev_52@enterprise.com,Deploy checkout-auth-service v4.0.1,PR #6892 - Routine deployment. Dependency updates.,ROLLED_BACK,production-eu
DEP-a4e2a5a1,2026-03-28T10:00:00,checkout-auth-service,ba53908a8efb4c048e57d039ab704de9,dev_91@enterprise.com,Deploy checkout-auth-service v2.1.8,PR #4177 - Routine deployment. Dependency updates.,COMPLETED,production-eu
DEP-2ea81768,2026-03-28T20:00:00,recommendation-engine,42f7b6d42a8c45de8e9e949608c097a6,dev_97@enterprise.com,Deploy recommendation-engine v4.4.2,PR #9639 - Routine deployment. Dependency updates.,COMPLETED,production-emea
DEP-83b583bc,2026-03-29T05:00:00,payment-gateway-service,27f4074bdae447a6b0c770bf41eb9c73,dev_13@enterprise.com,Deploy payment-gateway-service v10.4.4,PR #7509 - Routine deployment. Dependency updates.,COMPLETED,staging
DEP-b28bf037,2026-03-29T13:00:00,cart-microservice,600beeebff7f4d489128198c77783955,dev_35@enterprise.com,Deploy cart-microservice v9.0.6,PR #7399 - Routine deployment. Dependency updates.,COMPLETED,canary
DEP-3eb3221f,2026-03-30T10:00:00,cart-microservice,a17456bdd25e48e098732dad9203e026,dev_63@enterprise.com,Deploy cart-microservice v4.6.3,PR #6152 - Routine deployment. Dependency updates.,COMPLETED,production-eu
DEP-9076c19c,2026-03-31T02:00:00,database-migration-service,0a523b81aab74bbcaec3abec21a1f91c,dev_92@enterprise.com,Deploy database-migration-service v1.3.2,PR #3019 - Routine deployment. Dependency updates.,ROLLED_BACK,production-apac
DEP-d994c8b5,2026-03-31T03:00:00,recommendation-engine,bc097d9a08a94526847e3557ecce482b,dev_13@enterprise.com,Deploy recommendation-engine v6.2.8,PR #8130 - Routine deployment. Dependency updates.,COMPLETED,production-apac
DEP-6de3cca4,2026-03-31T22:00:00,recommendation-engine,fa1ee6044c154e1cb49774851baf8f10,dev_47@enterprise.com,Deploy recommendation-engine v6.9.4,PR #4564 - Routine deployment. Dependency updates.,COMPLETED,production-eu
DEP-00fe9d80,2026-04-01T12:00:00,api-gateway,57276f5df44b42e3bce239f55b0d9708,dev_83@enterprise.com,Deploy api-gateway v5.4.5,PR #7205 - Routine deployment. Dependency updates.,COMPLETED,production-na
DEP-2a20e180,2026-04-02T07:00:00,notification-service,dde45af9107b43d19515e99c75769f35,dev_84@enterprise.com,Deploy notification-service v3.6.2,PR #7922 - Routine deployment. Dependency updates.,COMPLETED,staging
DEP-cdb27aaa,2026-04-03T00:00:00,recommendation-engine,fcde1ac99331466eb51879f10385d863,dev_15@enterprise.com,Deploy recommendation-engine v6.1.4,PR #7658 - Routine deployment. Dependency updates.,COMPLETED,canary
DEP-6eb617b5,2026-04-03T04:00:00,search-service,5c2dd2d9d3654f688d6e42bb33f7cbfa,dev_65@enterprise.com,Deploy search-service v3.2.9,PR #6142 - Routine deployment. Dependency updates.,COMPLETED,production-apac
DEP-ef1300f4,2026-04-03T09:00:00,payment-gateway-service,86c9d065841f45b28be187dcfa128071,dev_10@enterprise.com,Deploy payment-gateway-service v3.8.2,PR #7844 - Routine deployment. Dependency updates.,COMPLETED,production-latam
DEP-9959bb13,2026-04-04T09:00:00,database-migration-service,36ae85a3cb91430f93656feab4e0c0eb,dev_59@enterprise.com,Deploy database-migration-service v10.6.7,PR #2496 - Routine deployment. Dependency updates.,COMPLETED,staging
DEP-e045284a,2026-04-04T19:00:00,cart-microservice,87367febe0a646d688b531180e7abdf4,dev_83@enterprise.com,Deploy cart-microservice v8.1.4,PR #1339 - Routine deployment. Dependency updates.,COMPLETED,production-na
DEP-c8931f4b,2026-04-04T19:00:00,database-migration-service,7450df6603b94fe78a2a3f5c7f83a3f6,dev_13@enterprise.com,Deploy database-migration-service v8.7.8,PR #5535 - Routine deployment. Dependency updates.,COMPLETED,production-apac
DEP-ba930e98,2026-04-05T13:00:00,order-fulfillment-service,261ebea8489f4b659f9be8f5a929c1b8,dev_12@enterprise.com,Deploy order-fulfillment-service v4.4.1,PR #1000 - Routine deployment. Dependency updates.,COMPLETED,production-apac
DEP-0827b59c,2026-04-05T16:00:00,search-service,30dcd926a4054c848d3d8be85c8f26b4,dev_11@enterprise.com,Deploy search-service v8.3.7,PR #6171 - Routine deployment. Dependency updates.,COMPLETED,production-na
DEP-f244a6a5,2026-04-06T11:00:00,recommendation-engine,45fc266f9a564d11a3f1c92af3c3fd04,dev_90@enterprise.com,Deploy recommendation-engine v6.7.6,PR #6510 - Routine deployment. Dependency updates.,COMPLETED,canary
DEP-5a017579,2026-04-06T18:00:00,payment-gateway-service,436d95d7561d4ea58e9c6141d72c579d,dev_14@enterprise.com,Deploy payment-gateway-service v9.5.6,PR #3031 - Routine deployment. Dependency updates.,COMPLETED,production-emea
DEP-9638b33c,2026-04-07T01:00:00,order-fulfillment-service,ad97f010482f486788969121541c25a3,dev_40@enterprise.com,Deploy order-fulfillment-service v8.8.2,PR #4382 - Routine deployment. Dependency updates.,COMPLETED,canary
DEP-63510955,2026-04-07T09:00:00,cart-microservice,f84830b09bec4604b69fe48ab7073826,dev_38@enterprise.com,Deploy cart-microservice v7.6.8,PR #1505 - Routine deployment. Dependency updates.,FAILED,production-na
DEP-6b4c24d7,2026-04-07T22:00:00,api-gateway,6a640e0cf5db463eb3283b019fedad48,dev_63@enterprise.com,Deploy api-gateway v9.6.6,PR #2921 - Routine deployment. Dependency updates.,COMPLETED,staging
DEP-c7c33796,2026-04-08T09:00:00,notification-service,01813e8bf21446948181d669d6f63d32,dev_22@enterprise.com,Deploy notification-service v7.9.7,PR #3350 - Routine deployment. Dependency updates.,COMPLETED,production-na
DEP-63cc9980,2026-04-08T20:00:00,payment-gateway-service,f86e0fee2e74405f937d6a5a94e6a0c4,dev_3@enterprise.com,Deploy payment-gateway-service v7.3.8,PR #9652 - Routine deployment. Dependency updates.,COMPLETED,canary
DEP-735afd4a,2026-04-09T23:00:00,api-gateway,8ed7637cb79c4dd998cfb1d18e0947df,dev_36@enterprise.com,Deploy api-gateway v8.5.9,PR #1803 - Routine deployment. Dependency updates.,COMPLETED,production-eu
DEP-2480bb84,2026-04-10T19:00:00,cdn-edge-service,a4cb863c7c164a8c91fa6d01ac5f34b7,dev_28@enterprise.com,Deploy cdn-edge-service v7.9.5,PR #5480 - Routine deployment. Dependency updates.,COMPLETED,canary
DEP-8eeb721c,2026-04-11T00:00:00,database-migration-service,2fa8d933bfed4a1ab6c990e5bce88093,dev_63@enterprise.com,Deploy database-migration-service v5.6.4,PR #5760 - Routine deployment. Dependency updates.,COMPLETED,production-apac
DEP-b480d265,2026-04-11T18:00:00,inventory-service,ae79d3a5b0944590a1437dec9634f1e6,dev_28@enterprise.com,Deploy inventory-service v7.0.3,PR #4503 - Routine deployment. Dependency updates.,FAILED,production-eu
DEP-ca3c5957,2026-04-11T23:00:00,order-fulfillment-service,3173ced7d9e84d09a550e46d99dc8bf5,dev_28@enterprise.com,Deploy order-fulfillment-service v5.6.1,PR #2466 - Routine deployment. Dependency updates.,FAILED,production-eu
DEP-64ab0e9d,2026-04-12T05:00:00,inventory-service,38d24b794e834c5fb1159ee918958e87,dev_3@enterprise.com,Deploy inventory-service v3.8.9,PR #8840 - Routine deployment. Dependency updates.,FAILED,production-emea
DEP-0e787747,2026-04-12T09:00:00,cdn-edge-service,c0f869ee3a70413d90af2125a1243a30,dev_11@enterprise.com,Deploy cdn-edge-service v8.0.1,PR #1291 - Routine deployment. Dependency updates.,COMPLETED,production-na
DEP-06d7334b,2026-04-12T18:00:00,order-fulfillment-service,22b23ea0a20f4b2eb3dc79e21b231087,dev_37@enterprise.com,Deploy order-fulfillment-service v5.9.5,PR #9524 - Routine deployment. Dependency updates.,COMPLETED,canary
DEP-3cf564ba,2026-04-13T23:00:00,cart-microservice,1b6529f7173e42c4aa399be0ecca717d,dev_54@enterprise.com,Deploy cart-microservice v9.2.1,PR #6257 - Routine deployment. Dependency updates.,COMPLETED,production-latam
DEP-e20499d9,2026-04-14T15:00:00,search-service,04744f1b3f0245a9b65bd25de6501af7,dev_43@enterprise.com,Deploy search-service v9.3.3,PR #2548 - Routine deployment. Dependency updates.,COMPLETED,production-eu
DEP-d4bbbc19,2026-04-14T21:00:00,search-service,4b36036da0a24fae8a2c5b9108be95a0,dev_19@enterprise.com,Deploy search-service v3.6.3,PR #7920 - Routine deployment. Dependency updates.,COMPLETED,production-eu
DEP-5b1f02b3,2026-04-15T22:00:00,checkout-auth-service,59b00804f9e94554841263bee000beed,dev_41@enterprise.com,Deploy checkout-auth-service v10.5.7,PR #3302 - Routine deployment. Dependency updates.,COMPLETED,production-latam
DEP-1021682d,2026-04-16T00:00:00,api-gateway,50debd3a436748818df5f8d9bce62681,dev_24@enterprise.com,Deploy api-gateway v10.0.2,PR #6056 - Routine deployment. Dependency updates.,COMPLETED,staging
DEP-b8527c01,2026-04-16T02:00:00,notification-service,f0fc8833b7d04d62b21f5024b72be04a,dev_40@enterprise.com,Deploy notification-service v4.7.1,PR #7634 - Routine deployment. Dependency updates.,COMPLETED,canary
DEP-6deb5466,2026-04-17T18:00:00,search-service,00b7241c501b49d7b140b467d0e4858d,dev_25@enterprise.com,Deploy search-service v7.9.0,PR #2199 - Routine deployment. Dependency updates.,FAILED,production-apac
DEP-338a6d0d,2026-04-17T23:00:00,notification-service,9d69e7117e8e4bbaa118b0e86feb44f4,dev_65@enterprise.com,Deploy notification-service v5.5.6,PR #4700 - Routine deployment. Dependency updates.,FAILED,staging
DEP-1c173f97,2026-04-18T08:00:00,api-gateway,9a169677a8924799a168a5d0827a9fb1,dev_32@enterprise.com,Deploy api-gateway v6.6.4,PR #9703 - Routine deployment. Dependency updates.,COMPLETED,production-latam
DEP-4d87f4fe,2026-04-19T14:00:00,notification-service,f7b09508f4d745e384d7c1101300b7ff,dev_75@enterprise.com,Deploy notification-service v9.4.6,PR #8339 - Routine deployment. Dependency updates.,COMPLETED,production-na
DEP-046cc91b,2026-04-20T04:00:00,recommendation-engine,889e3aa1b4d8436cb5af378870a4a74b,dev_15@enterprise.com,Deploy recommendation-engine v4.5.8,PR #5221 - Routine deployment. Dependency updates.,COMPLETED,production-eu
DEP-cb7cfcf3,2026-04-21T05:00:00,api-gateway,d984d91768a94e26948ad215523e453b,dev_68@enterprise.com,Deploy api-gateway v1.1.0,PR #6893 - Routine deployment. Dependency updates.,COMPLETED,production-eu
DEP-66aa6d57,2026-04-21T14:00:00,recommendation-engine,339263e6f5b34fa89a66811b2d064e38,dev_81@enterprise.com,Deploy recommendation-engine v2.5.9,PR #1092 - Routine deployment. Dependency updates.,COMPLETED,production-emea
DEP-35d382c4,2026-04-22T01:00:00,payment-gateway-service,289c8fcdc3084db8ac416ff010c961a8,dev_28@enterprise.com,Deploy payment-gateway-service v7.0.5,PR #5594 - Routine deployment. Dependency updates.,COMPLETED,production-emea
DEP-44dcdeb8,2026-04-22T10:00:00,payment-gateway-service,815974691d27411387bab7656e194c99,dev_4@enterprise.com,Deploy payment-gateway-service v3.0.4,PR #6534 - Routine deployment. Dependency updates.,COMPLETED,canary
DEP-b0cfe152,2026-04-22T17:00:00,search-service,57fb5ed58c3d47ad99686c4a8913a096,dev_81@enterprise.com,Deploy search-service v4.5.2,PR #2975 - Routine deployment. Dependency updates.,COMPLETED,production-latam
DEP-7e379b9a,2026-04-23T04:00:00,cart-microservice,20d93c4b9c434312a6553e2e1c045ab1,dev_5@enterprise.com,Deploy cart-microservice v2.8.7,PR #2644 - Routine deployment. Dependency updates.,COMPLETED,production-latam
DEP-5d849391,2026-04-23T13:00:00,order-fulfillment-service,c38c992b107a4ed3966d44c5a9c5c14f,dev_8@enterprise.com,Deploy order-fulfillment-service v10.1.6,PR #7302 - Routine deployment. Dependency updates.,COMPLETED,production-apac
DEP-4bf6dede,2026-04-23T22:00:00,payment-gateway-service,7a72d68a1aa9460aa5d80373f9525fac,dev_96@enterprise.com,Deploy payment-gateway-service v3.3.2,PR #1613 - Routine deployment. Dependency updates.,COMPLETED,production-eu
DEP-f6c54b71,2026-04-24T22:00:00,user-auth-service,ec94590073864bff882ab6d512b950a2,dev_20@enterprise.com,Deploy user-auth-service v2.4.6,PR #7719 - Routine deployment. Dependency updates.,ROLLED_BACK,production-apac
DEP-69330c5d,2026-04-25T11:00:00,recommendation-engine,228726282a9b4e15b795824c9a04e811,dev_43@enterprise.com,Deploy recommendation-engine v8.4.9,PR #8250 - Routine deployment. Dependency updates.,COMPLETED,production-latam
DEP-c70f7220,2026-04-25T13:00:00,checkout-auth-service,3ebb9d59571a440ba759536a1bd00059,dev_43@enterprise.com,Deploy checkout-auth-service v4.7.5,PR #2474 - Routine deployment. Dependency updates.,COMPLETED,production-apac
DEP-61285996,2026-04-25T21:00:00,checkout-auth-service,09c70896773543349942782d1d8ab123,dev_72@enterprise.com,Deploy checkout-auth-service v4.0.2,PR #9007 - Routine deployment. Dependency updates.,COMPLETED,production-apac
DEP-88889bc1,2026-04-26T01:00:00,database-migration-service,10ac79ffe7424609a357176afc11b0f9,dev_68@enterprise.com,Deploy database-migration-service v2.8.1,PR #8179 - Routine deployment. Dependency updates.,ROLLED_BACK,production-apac
DEP-d7778a08,2026-04-26T15:00:00,order-fulfillment-service,20c2e79bb82047dfa481b4d5974323d4,dev_10@enterprise.com,Deploy order-fulfillment-service v4.4.0,PR #7129 - Routine deployment. Dependency updates.,COMPLETED,staging
DEP-4a443fb0,2026-04-26T23:00:00,api-gateway,99b35a61413a47f190892a764ff81c9e,dev_33@enterprise.com,Deploy api-gateway v10.2.5,PR #9251 - Routine deployment. Dependency updates.,COMPLETED,production-na
DEP-19a6ea5d,2026-04-27T15:00:00,database-migration-service,62de8acb73144ba5b4e9f10ca377a78b,dev_59@enterprise.com,Deploy database-migration-service v4.9.8,PR #2310 - Routine deployment. Dependency updates.,COMPLETED,production-latam
DEP-cb39a250,2026-04-27T21:00:00,cdn-edge-service,8a30a132cdfa415bbf83d871fd013d18,dev_45@enterprise.com,Deploy cdn-edge-service v2.8.0,PR #9283 - Routine deployment. Dependency updates.,COMPLETED,production-apac
DEP-da34a0fa,2026-04-28T01:00:00,checkout-auth-service,ca8a0ab65e3d4d77893d29f027153285,dev_8@enterprise.com,Deploy checkout-auth-service v3.6.0,PR #6013 - Routine deployment. Dependency updates.,COMPLETED,production-eu
DEP-8237bf4e,2026-04-28T16:00:00,cart-microservice,2090ea7510f746a78c03f126d6f8ccbf,dev_6@enterprise.com,Deploy cart-microservice v9.4.1,PR #8236 - Routine deployment. Dependency updates.,COMPLETED,staging
DEP-6553f99a,2026-04-28T23:00:00,order-fulfillment-service,eabfdbafd03740c7a2e5c68ec99bebd0,dev_37@enterprise.com,Deploy order-fulfillment-service v3.1.5,PR #6158 - Routine deployment. Dependency updates.,COMPLETED,staging
DEP-5768304e,2026-04-29T19:00:00,cart-microservice,08117657b4224bbd8076a5dba7b67914,dev_81@enterprise.com,Deploy cart-microservice v9.4.0,PR #8643 - Routine deployment. Dependency updates.,COMPLETED,production-eu
DEP-ddc5555b,2026-04-29T20:00:00,api-gateway,32bc200f821740fd81dd151e6e276d32,dev_57@enterprise.com,Deploy api-gateway v9.3.8,PR #2894 - Routine deployment. Dependency updates.,FAILED,production-eu
DEP-25895c51,2026-04-29T22:00:00,api-gateway,8931f060e105427da5f8f8124eb302e5,dev_67@enterprise.com,Deploy api-gateway v5.9.2,PR #5892 - Routine deployment. Dependency updates.,COMPLETED,canary
DEP-fd2d57cd,2026-04-30T00:00:00,api-gateway,fbb0ecf07e0e427e9aaab15be9cf723e,dev_85@enterprise.com,Deploy api-gateway v4.9.0,PR #1808 - Routine deployment. Dependency updates.,COMPLETED,production-latam
DEP-257ea540,2026-05-01T03:00:00,database-migration-service,eb53442c3eec420b812781d5931a83dc,dev_25@enterprise.com,Deploy database-migration-service v9.3.2,PR #7192 - Routine deployment. Dependency updates.,COMPLETED,staging
DEP-976e7701,2026-05-02T11:00:00,payment-gateway-service,6680f4c466664549b0a6909f58c08ec2,dev_2@enterprise.com,Deploy payment-gateway-service v4.4.3,PR #2183 - Routine deployment. Dependency updates.,FAILED,staging
DEP-aae8dd9a,2026-05-03T07:00:00,database-migration-service,67191a36a8d947ad8e6299dd0f3c6fe1,dev_66@enterprise.com,Deploy database-migration-service v2.4.3,PR #1201 - Routine deployment. Dependency updates.,COMPLETED,production-eu
DEP-5fcbe8fc,2026-05-04T14:00:00,cart-microservice,3e9ef2345cbf45fa888473c437a50e55,dev_78@enterprise.com,Deploy cart-microservice v8.8.2,PR #4347 - Routine deployment. Dependency updates.,COMPLETED,production-latam
DEP-17ff9ad9,2026-05-04T15:00:00,search-service,d932a4dd6c08428bb867e10e1c712a66,dev_15@enterprise.com,Deploy search-service v8.9.2,PR #7355 - Routine deployment. Dependency updates.,COMPLETED,production-latam
DEP-9891f754,2026-05-05T10:00:00,user-auth-service,ff476a667a7a4d35b5ffe79b026ab779,dev_95@enterprise.com,Deploy user-auth-service v8.7.2,PR #4856 - Routine deployment. Dependency updates.,ROLLED_BACK,canary
DEP-e37039b0,2026-05-05T11:00:00,notification-service,edb126486f994a0ab89ccb891aef4811,dev_92@enterprise.com,Deploy notification-service v9.3.7,PR #7053 - Routine deployment. Dependency updates.,COMPLETED,production-apac
DEP-4691f011,2026-05-06T09:00:00,checkout-auth-service,0d59201aa1014c5d9f6cce7be01e1ef2,dev_86@enterprise.com,Deploy checkout-auth-service v7.1.4,PR #1499 - Routine deployment. Dependency updates.,ROLLED_BACK,production-emea
DEP-25cbac0e,2026-05-06T16:00:00,api-gateway,0901826cd08d4a8db68dfca98f7e6521,dev_44@enterprise.com,Deploy api-gateway v10.3.4,PR #2116 - Routine deployment. Dependency updates.,COMPLETED,production-na
DEP-0447fd70,2026-05-06T21:00:00,notification-service,a694b80ce3a34152bf5ee09530c26ea1,dev_84@enterprise.com,Deploy notification-service v9.8.4,PR #5662 - Routine deployment. Dependency updates.,ROLLED_BACK,canary
DEP-36390d0e,2026-05-07T04:00:00,recommendation-engine,a749c580c61146f9b076a4d91be476af,dev_88@enterprise.com,Deploy recommendation-engine v9.4.3,PR #7439 - Routine deployment. Dependency updates.,COMPLETED,production-emea
DEP-e01a0fc3,2026-05-07T10:00:00,cdn-edge-service,3c65dfa7f75e48319500ff76e51daeaa,dev_47@enterprise.com,Deploy cdn-edge-service v9.5.2,PR #1842 - Routine deployment. Dependency updates.,COMPLETED,production-na
DEP-cc5fbe9c,2026-05-07T11:00:00,inventory-service,e2359e649a13434fa99f154ef468ab6e,dev_15@enterprise.com,Deploy inventory-service v3.1.9,PR #9656 - Routine deployment. Dependency updates.,COMPLETED,production-apac
DEP-96826ba0,2026-05-08T03:00:00,payment-gateway-service,a65b4fe06d1f4ee087488e162e450a61,dev_25@enterprise.com,Deploy payment-gateway-service v3.4.4,PR #3016 - Routine deployment. Dependency updates.,COMPLETED,production-na
DEP-a31dbd03,2026-05-08T09:00:00,checkout-auth-service,e2b589265d6c4650a515b0af51090244,dev_86@enterprise.com,Deploy checkout-auth-service v5.4.4,PR #5002 - Routine deployment. Dependency updates.,COMPLETED,staging
DEP-3caf6e95,2026-05-08T15:00:00,user-auth-service,d768207769864084a11336c0342b561d,dev_91@enterprise.com,Deploy user-auth-service v6.4.1,PR #9102 - Routine deployment. Dependency updates.,COMPLETED,staging
DEP-2a1ff32f,2026-05-09T10:00:00,search-service,91a1de193c4946c8b92e1b340a892f92,dev_32@enterprise.com,Deploy search-service v3.9.1,PR #5292 - Routine deployment. Dependency updates.,ROLLED_BACK,production-na
DEP-10a438df,2026-05-09T16:00:00,inventory-service,21f26334a57748bfac9e644f4a63ce99,dev_35@enterprise.com,Deploy inventory-service v10.8.6,PR #1289 - Routine deployment. Dependency updates.,COMPLETED,production-emea
DEP-7ab9db44,2026-05-10T10:00:00,inventory-service,89a5358f20434ee4808131f1bc4b34b6,dev_43@enterprise.com,Deploy inventory-service v1.6.4,PR #4699 - Routine deployment. Dependency updates.,COMPLETED,production-latam
DEP-b58deb4e,2026-05-10T18:00:00,payment-gateway-service,037449b1cde945d389a55796541d984f,dev_61@enterprise.com,Deploy payment-gateway-service v6.8.1,PR #2036 - Routine deployment. Dependency updates.,FAILED,production-apac
DEP-4d35b76d,2026-05-11T00:00:00,notification-service,69b01b64598e4fc99f9f0b73b4282720,dev_43@enterprise.com,Deploy notification-service v4.7.1,PR #6202 - Routine deployment. Dependency updates.,COMPLETED,production-emea
DEP-8dddfb89,2026-05-11T07:00:00,order-fulfillment-service,82c477f7eb5c446fb084797570627a69,dev_18@enterprise.com,Deploy order-fulfillment-service v8.9.8,PR #5262 - Routine deployment. Dependency updates.,COMPLETED,production-latam
DEP-5a02b1ff,2026-05-11T12:00:00,cart-microservice,ca3f500e5cfb4e8bb58ac541199b1bc6,dev_1@enterprise.com,Deploy cart-microservice v3.3.0,PR #5647 - Routine deployment. Dependency updates.,COMPLETED,production-latam
DEP-d077001a,2026-05-12T16:00:00,search-service,6def112e808b4162b29555e9c15a6136,dev_9@enterprise.com,Deploy search-service v7.9.0,PR #8106 - Routine deployment. Dependency updates.,COMPLETED,staging
DEP-806cdba0,2026-05-12T23:00:00,database-migration-service,159711764f124c028a8766c34652bf6e,dev_99@enterprise.com,Deploy database-migration-service v1.4.9,PR #1180 - Routine deployment. Dependency updates.,COMPLETED,production-eu
DEP-fbf67d04,2026-05-13T09:00:00,cdn-edge-service,d2a551a84e134ef59d11c36df81bcb3b,dev_39@enterprise.com,Deploy cdn-edge-service v1.2.0,PR #9587 - Routine deployment. Dependency updates.,COMPLETED,production-emea
DEP-0c766b14,2026-05-13T17:00:00,user-auth-service,61791e2ee3054bf5bc0b952de43c5c18,dev_46@enterprise.com,Deploy user-auth-service v1.4.5,PR #3567 - Routine deployment. Dependency updates.,COMPLETED,production-latam
DEP-48663db7,2026-05-14T01:00:00,order-fulfillment-service,65ee2cb52b1943bba29eb26b45466a11,dev_7@enterprise.com,Deploy order-fulfillment-service v7.8.6,PR #5305 - Routine deployment. Dependency updates.,COMPLETED,production-eu
DEP-b2953b66,2026-05-14T11:00:00,payment-gateway-service,8602b3ca75f54457ae49ca025d0ea025,dev_70@enterprise.com,Deploy payment-gateway-service v10.0.6,PR #7187 - Routine deployment. Dependency updates.,COMPLETED,production-latam
DEP-7e88d70e,2026-05-15T04:00:00,database-migration-service,e36f48b31f694f1fb54152b019d4c3f6,dev_40@enterprise.com,Deploy database-migration-service v1.7.0,PR #3979 - Routine deployment. Dependency updates.,FAILED,production-latam
DEP-e3fccc1a,2026-05-15T14:00:00,inventory-service,d8c0258a46564268843f7996da91eb89,dev_64@enterprise.com,Deploy inventory-service v8.4.1,PR #1452 - Routine deployment. Dependency updates.,ROLLED_BACK,production-eu
DEP-0dfa7a96,2026-05-16T02:00:00,checkout-auth-service,a7a3c70f38304e3c81af1971c92ad6ab,dev_76@enterprise.com,Deploy checkout-auth-service v10.2.1,PR #5361 - Routine deployment. Dependency updates.,COMPLETED,production-na
DEP-c512dd2e,2026-05-16T16:00:00,payment-gateway-service,1dd52815b5cd40d784032a0c05d73d76,dev_82@enterprise.com,Deploy payment-gateway-service v1.5.0,PR #3188 - Routine deployment. Dependency updates.,COMPLETED,production-na
DEP-dfdfc34f,2026-05-17T01:00:00,api-gateway,f4473404eacf44259783122b4a9dc345,dev_25@enterprise.com,Deploy api-gateway v1.1.4,PR #1667 - Routine deployment. Dependency updates.,ROLLED_BACK,staging
DEP-27370729,2026-05-17T06:00:00,user-auth-service,d1bbb11d462c41659c48454630cd7752,dev_34@enterprise.com,Deploy user-auth-service v8.5.5,PR #1044 - Routine deployment. Dependency updates.,COMPLETED,production-latam
DEP-d4eaf8f9,2026-05-18T00:00:00,checkout-auth-service,faacaafda146483e8e197ebdd7c9ecba,dev_77@enterprise.com,Deploy checkout-auth-service v9.9.0,PR #5282 - Routine deployment. Dependency updates.,COMPLETED,production-latam
DEP-d2c04682,2026-05-19T05:00:00,payment-gateway-service,acad466ae1964cb7a799725406095b18,dev_58@enterprise.com,Deploy payment-gateway-service v6.7.2,PR #1079 - Routine deployment. Dependency updates.,COMPLETED,staging
DEP-781bfced,2026-05-19T06:00:00,search-service,8b7873f5340f4d5797a195b64b9438e0,dev_100@enterprise.com,Deploy search-service v8.0.8,PR #3992 - Routine deployment. Dependency updates.,COMPLETED,production-apac
DEP-162a16b8,2026-05-20T23:00:00,notification-service,d901e52390224c40ae0f412cb9ed64b7,dev_53@enterprise.com,Deploy notification-service v3.7.6,PR #1961 - Routine deployment. Dependency updates.,COMPLETED,production-eu
DEP-40bc87e4,2026-05-21T22:00:00,payment-gateway-service,f2145244367d4b81af244b0e8381ac3f,dev_86@enterprise.com,Deploy payment-gateway-service v7.5.1,PR #7044 - Routine deployment. Dependency updates.,COMPLETED,production-emea
DEP-2c57208e,2026-05-22T13:00:00,search-service,24678a0baa6245969e72fc1fe088c16f,dev_39@enterprise.com,Deploy search-service v6.5.6,PR #6626 - Routine deployment. Dependency updates.,COMPLETED,production-latam
DEP-f9022038,2026-05-22T18:00:00,payment-gateway-service,f65b082d5aa84d46a960b6506b5754f0,dev_42@enterprise.com,Deploy payment-gateway-service v1.7.4,PR #7546 - Routine deployment. Dependency updates.,ROLLED_BACK,production-latam
DEP-2cc981fe,2026-05-22T18:00:00,notification-service,0ecc92654ece487dadd8c17694d68ba2,dev_47@enterprise.com,Deploy notification-service v9.1.9,PR #2641 - Routine deployment. Dependency updates.,COMPLETED,production-eu
DEP-0d8cda16,2026-05-23T01:00:00,api-gateway,fb95e79b365e483d898968186cab1c88,dev_31@enterprise.com,Deploy api-gateway v2.8.7,PR #1807 - Routine deployment. Dependency updates.,COMPLETED,canary
DEP-99c3dade,2026-05-23T12:00:00,recommendation-engine,f0f1390e30494615a05c229fd276a74e,dev_94@enterprise.com,Deploy recommendation-engine v7.1.3,PR #8091 - Routine deployment. Dependency updates.,COMPLETED,production-emea
DEP-7bd4a200,2026-05-23T18:00:00,user-auth-service,b40e147196ff4af8b6e165edc7bba7e4,dev_100@enterprise.com,Deploy user-auth-service v3.5.5,PR #5058 - Routine deployment. Dependency updates.,COMPLETED,production-na
DEP-844d84dd,2026-05-24T03:00:00,recommendation-engine,550c8050c0804f65bc3906a966d9e01a,dev_55@enterprise.com,Deploy recommendation-engine v5.1.1,PR #5132 - Routine deployment. Dependency updates.,COMPLETED,staging
DEP-f215457e,2026-05-24T12:00:00,inventory-service,119a5dcdc8564fc4b34f446e82288e82,dev_63@enterprise.com,Deploy inventory-service v7.8.3,PR #9093 - Routine deployment. Dependency updates.,COMPLETED,production-eu
DEP-75c9b5d2,2026-05-25T10:00:00,cdn-edge-service,15bfef18e6864e3689420be6425912d4,dev_46@enterprise.com,Deploy cdn-edge-service v4.4.8,PR #5252 - Routine deployment. Dependency updates.,COMPLETED,production-eu
DEP-41e2d298,2026-05-26T09:00:00,notification-service,80d847c7fb9547f1898cd6136959d784,dev_8@enterprise.com,Deploy notification-service v10.2.0,PR #4028 - Routine deployment. Dependency updates.,COMPLETED,staging
DEP-1d294584,2026-05-26T16:00:00,cart-microservice,e1a56e2fe5ed4c1baccc64524fd742e3,dev_95@enterprise.com,Deploy cart-microservice v2.2.3,PR #1551 - Routine deployment. Dependency updates.,COMPLETED,production-emea
DEP-08fd0858,2026-05-27T10:00:00,inventory-service,74a4d185dc7645208783d045ce211cab,dev_68@enterprise.com,Deploy inventory-service v8.0.2,PR #9251 - Routine deployment. Dependency updates.,FAILED,production-na
DEP-28e049f4,2026-05-27T15:00:00,user-auth-service,4d76cb58afe44e6896d792b5d2c60871,dev_25@enterprise.com,Deploy user-auth-service v10.6.5,PR #9650 - Routine deployment. Dependency updates.,COMPLETED,production-apac
DEP-e5be0927,2026-05-27T17:00:00,cart-microservice,9e95c8f34d8240df970e25a97209d759,dev_27@enterprise.com,Deploy cart-microservice v9.9.6,PR #7312 - Routine deployment. Dependency updates.,ROLLED_BACK,production-eu
DEP-efe4a870,2026-05-28T11:00:00,database-migration-service,17dfed62d48546ff843cf9746ddf0c52,dev_72@enterprise.com,Deploy database-migration-service v2.0.3,PR #1017 - Routine deployment. Dependency updates.,COMPLETED,production-apac
DEP-3b75a96c,2026-05-29T06:00:00,search-service,eb0dd0eced8f4a719b2400ff453cc043,dev_89@enterprise.com,Deploy search-service v7.6.1,PR #2292 - Routine deployment. Dependency updates.,COMPLETED,production-emea
DEP-5f0fb569,2026-05-30T05:00:00,recommendation-engine,48208ae37b574a2ba6d9c3c7bc11de93,dev_31@enterprise.com,Deploy recommendation-engine v8.5.8,PR #8149 - Routine deployment. Dependency updates.,COMPLETED,production-na
DEP-4a7dc4b2,2026-05-31T06:00:00,checkout-auth-service,5003837629eb4dadaf757926a085dd46,dev_85@enterprise.com,Deploy checkout-auth-service v8.5.0,PR #1844 - Routine deployment. Dependency updates.,COMPLETED,production-apac
DEP-1682b12b,2026-05-31T14:00:00,api-gateway,a4ea31397c114f279d3c6b15fb6eabbf,dev_21@enterprise.com,Deploy api-gateway v3.5.1,PR #4954 - Routine deployment. Dependency updates.,COMPLETED,production-latam
DEP-4f76f9e2,2026-05-31T17:00:00,payment-gateway-service,ce5a7e8dcbf14ace9c0a884bf077f489,dev_39@enterprise.com,Deploy payment-gateway-service v6.4.0,PR #3099 - Routine deployment. Dependency updates.,ROLLED_BACK,production-na
DEP-05733cb6,2026-06-01T10:00:00,database-migration-service,de6f6db7403648418d3e90e4c509d532,dev_46@enterprise.com,Deploy database-migration-service v8.6.6,PR #9240 - Routine deployment. Dependency updates.,COMPLETED,staging
DEP-e581a72b,2026-06-01T11:00:00,recommendation-engine,f2edf8387ebb4fc0b9f8eee6c852121f,dev_32@enterprise.com,Deploy recommendation-engine v1.8.2,PR #5783 - Routine deployment. Dependency updates.,ROLLED_BACK,production-na
DEP-0b564d38,2026-06-02T04:00:00,checkout-auth-service,fef8e991b52a44568a41f1d4b76fd3d0,dev_12@enterprise.com,Deploy checkout-auth-service v5.2.8,PR #1405 - Routine deployment. Dependency updates.,COMPLETED,production-latam
DEP-b639d2c8,2026-06-03T01:00:00,cdn-edge-service,bf2d2ed18d484088a9bea7c2e5d7c8cc,dev_67@enterprise.com,Deploy cdn-edge-service v3.7.1,PR #7072 - Routine deployment. Dependency updates.,COMPLETED,production-eu
DEP-43a6458c,2026-06-03T07:00:00,recommendation-engine,27647345043d472cafe6963576579a73,dev_39@enterprise.com,Deploy recommendation-engine v10.0.8,PR #8243 - Routine deployment. Dependency updates.,ROLLED_BACK,production-eu
DEP-17f3913a,2026-06-03T19:00:00,notification-service,f5654ccd9d984de9b6431fa3c9f67dcd,dev_63@enterprise.com,Deploy notification-service v6.2.2,PR #1814 - Routine deployment. Dependency updates.,COMPLETED,production-apac
DEP-e4166b27,2026-06-04T18:00:00,search-service,48f0e7ba5e184907a9e8715d8bfd9ccc,dev_23@enterprise.com,Deploy search-service v5.3.8,PR #6948 - Routine deployment. Dependency updates.,COMPLETED,production-na
DEP-21bf01ce,2026-06-05T02:00:00,recommendation-engine,7e32f9b2a36f4ff0b71db8e9b5122503,dev_95@enterprise.com,Launch Summer Promo ML Model,PR #10211 - Integrating new promotional rules for NA summer campaign.,COMPLETED,production-na
DEP-2a8645d0,2026-06-05T04:00:00,recommendation-engine,e89bcfbfcfab4d5182dce4024fb57538,dev_37@enterprise.com,Launch Summer Promo ML Model,PR #10211 - Integrating new promotional rules for NA summer campaign.,COMPLETED,production-na
DEP-2712f114,2026-06-05T07:00:00,checkout-auth-service,569024174f40493d97a2fcc1d6a19126,dev_79@enterprise.com,Deploy checkout-auth-service v9.5.8,PR #1274 - Routine deployment. Dependency updates.,COMPLETED,production-emea
DEP-82c5755b,2026-06-05T09:00:00,checkout-auth-service,9fb9713e36ad43fc95546ac4e6f2b95e,dev_64@enterprise.com,Deploy checkout-auth-service v8.8.7,PR #9505 - Routine deployment. Dependency updates.,COMPLETED,production-eu
DEP-e1e5ac00,2026-06-05T10:00:00,recommendation-engine,a765a7425c2f4b2d99fe3d16d1849df3,dev_78@enterprise.com,Launch Summer Promo ML Model,PR #10211 - Integrating new promotional rules for NA summer campaign.,COMPLETED,production-na
DEP-6199f283,2026-06-05T11:00:00,recommendation-engine,cc8acceb53e54438a2722a56b73dc116,dev_26@enterprise.com,Launch Summer Promo ML Model,PR #10211 - Integrating new promotional rules for NA summer campaign.,COMPLETED,production-na
DEP-5d1ddf97,2026-06-05T18:00:00,notification-service,26cc9fa1a9124c7d9315c139795ce662,dev_7@enterprise.com,Deploy notification-service v9.1.9,PR #9507 - Routine deployment. Dependency updates.,COMPLETED,production-apac
DEP-19a35b3c,2026-06-05T23:00:00,payment-gateway-service,c99069af5b994b8198d56941dc552ebb,dev_18@enterprise.com,Deploy payment-gateway-service v3.6.3,PR #9814 - Routine deployment. Dependency updates.,COMPLETED,staging
DEP-affe1808,2026-06-05T23:00:00,recommendation-engine,3ed120fa4f66439d8979b149a161a833,dev_18@enterprise.com,Launch Summer Promo ML Model,PR #10211 - Integrating new promotional rules for NA summer campaign.,COMPLETED,production-na
DEP-069dbe0e,2026-06-06T01:00:00,user-auth-service,e9466f02f76a4424b2173c8b7b07e7ab,dev_68@enterprise.com,Deploy user-auth-service v8.4.4,PR #8200 - Routine deployment. Dependency updates.,COMPLETED,production-emea
DEP-ee85f5f5,2026-06-06T01:00:00,cdn-edge-service,7b4a7e08aa924315b982d062a44b1cd7,dev_45@enterprise.com,Deploy cdn-edge-service v4.9.5,PR #3593 - Routine deployment. Dependency updates.,COMPLETED,production-na
DEP-5d4adeae,2026-06-06T04:00:00,order-fulfillment-service,7c8290eea65543918820c24a6a5d83d3,dev_13@enterprise.com,Deploy order-fulfillment-service v6.0.9,PR #6366 - Routine deployment. Dependency updates.,COMPLETED,production-latam
DEP-d1452891,2026-06-06T06:00:00,order-fulfillment-service,50e8253ccf584fc28d1faa0bd15345be,dev_44@enterprise.com,Deploy order-fulfillment-service v10.0.1,PR #4876 - Routine deployment. Dependency updates.,ROLLED_BACK,production-emea
DEP-d55c10ce,2026-06-06T11:00:00,recommendation-engine,ef29645e054d4f8b8f08b02169ee2bad,dev_56@enterprise.com,Launch Summer Promo ML Model,PR #10211 - Integrating new promotional rules for NA summer campaign.,COMPLETED,production-na
DEP-c8d0f04f,2026-06-06T12:00:00,recommendation-engine,17be81e49c9745549b063eabddbccf12,dev_5@enterprise.com,Launch Summer Promo ML Model,PR #10211 - Integrating new promotional rules for NA summer campaign.,COMPLETED,production-na
DEP-a17ea43f,2026-06-06T14:00:00,recommendation-engine,812f3243e79a4fc8af39eb2fabf0da60,dev_97@enterprise.com,Launch Summer Promo ML Model,PR #10211 - Integrating new promotional rules for NA summer campaign.,COMPLETED,production-na
DEP-20fb5ec0,2026-06-06T21:00:00,cart-microservice,f8d874c463ad40bab711d82cecbdaf06,dev_97@enterprise.com,Deploy cart-microservice v1.7.9,PR #9881 - Routine deployment. Dependency updates.,FAILED,production-emea
DEP-ac8fb5ea,2026-06-07T00:00:00,recommendation-engine,4fe1655e65b6427f91437a4a764d3f53,dev_76@enterprise.com,Launch Summer Promo ML Model,PR #10211 - Integrating new promotional rules for NA summer campaign.,COMPLETED,production-na
DEP-780e478e,2026-06-07T02:00:00,order-fulfillment-service,dc4dabc6b77a450186e00e692989d3c2,dev_64@enterprise.com,Deploy order-fulfillment-service v2.1.7,PR #7442 - Routine deployment. Dependency updates.,COMPLETED,staging
DEP-f4895c43,2026-06-07T02:00:00,recommendation-engine,5a8162d0dead4cf3b89763f72191682a,dev_18@enterprise.com,Launch Summer Promo ML Model,PR #10211 - Integrating new promotional rules for NA summer campaign.,COMPLETED,production-na
DEP-186711f0,2026-06-07T02:00:00,checkout-auth-service,4c90d8b5ac4c44b89ccc140b77ec08ec,dev_76@enterprise.com,Deploy checkout-auth-service v3.7.7,PR #1247 - Routine deployment. Dependency updates.,COMPLETED,staging
DEP-87b5f89e,2026-06-07T07:00:00,recommendation-engine,dede6b39c9914b6eaa9f71906a7ab435,dev_59@enterprise.com,Launch Summer Promo ML Model,PR #10211 - Integrating new promotional rules for NA summer campaign.,FAILED,production-na
DEP-f65f7df6,2026-06-07T09:00:00,recommendation-engine,1898caf4b2d844c0a5fa8fdf92dd86ea,dev_41@enterprise.com,Launch Summer Promo ML Model,PR #10211 - Integrating new promotional rules for NA summer campaign.,ROLLED_BACK,production-na
DEP-61fc6a2c,2026-06-07T13:00:00,payment-gateway-service,e00b8935483b468cb4d72f836cc06273,dev_100@enterprise.com,Deploy payment-gateway-service v6.3.7,PR #1227 - Routine deployment. Dependency updates.,COMPLETED,production-latam
DEP-5651ac4d,2026-06-07T16:00:00,recommendation-engine,85592ea6cbf1452da2778a94ff890f49,dev_88@enterprise.com,Launch Summer Promo ML Model,PR #10211 - Integrating new promotional rules for NA summer campaign.,COMPLETED,production-na
DEP-3be14e5d,2026-06-07T19:00:00,recommendation-engine,c40cef5d2bce4e20a9f0079c9c596c24,dev_19@enterprise.com,Launch Summer Promo ML Model,PR #10211 - Integrating new promotional rules for NA summer campaign.,COMPLETED,production-na
DEP-1a2d31e2,2026-06-08T01:00:00,cart-microservice,636ccd891a8d45c695aae1bcabde17cd,dev_19@enterprise.com,Deploy cart-microservice v8.9.1,PR #7827 - Routine deployment. Dependency updates.,FAILED,production-eu
DEP-478e07e1,2026-06-08T04:00:00,recommendation-engine,01c050f3fb6b4720bf6eacd082abdcc1,dev_50@enterprise.com,Launch Summer Promo ML Model,PR #10211 - Integrating new promotional rules for NA summer campaign.,COMPLETED,production-na
DEP-2da9f42f,2026-06-08T05:00:00,recommendation-engine,bc33061700d94857a40e34e7575b5d9b,dev_25@enterprise.com,Launch Summer Promo ML Model,PR #10211 - Integrating new promotional rules for NA summer campaign.,COMPLETED,production-na
DEP-cbf3e5ca,2026-06-08T08:00:00,recommendation-engine,c03372534f2244578ff27bb904a7e23c,dev_68@enterprise.com,Launch Summer Promo ML Model,PR #10211 - Integrating new promotional rules for NA summer campaign.,COMPLETED,production-na
DEP-d0806ff6,2026-06-08T12:00:00,search-service,3d73e9a8105f4154ae2a02eb4219a8f4,dev_16@enterprise.com,Deploy search-service v1.9.8,PR #7584 - Routine deployment. Dependency updates.,COMPLETED,production-eu
DEP-b9082cfe,2026-06-08T16:00:00,cart-microservice,ccda4c2915664dddb23276d398625f29,dev_17@enterprise.com,Deploy cart-microservice v3.0.7,PR #4889 - Routine deployment. Dependency updates.,COMPLETED,production-apac
DEP-4a2faa20,2026-06-08T20:00:00,cdn-edge-service,7731bd72a28242ee9a4eddc291ed6319,dev_80@enterprise.com,Deploy cdn-edge-service v7.9.2,PR #6733 - Routine deployment. Dependency updates.,COMPLETED,production-apac
DEP-a3df61fc,2026-06-09T02:00:00,payment-gateway-service,136111743f074766bf988958192a5138,dev_11@enterprise.com,Deploy payment-gateway-service v4.6.7,PR #4323 - Routine deployment. Dependency updates.,COMPLETED,production-apac
DEP-4414a97a,2026-06-09T11:00:00,order-fulfillment-service,a7866b676ab64affa04d4b1b831f9715,dev_13@enterprise.com,Deploy order-fulfillment-service v10.7.5,PR #3954 - Routine deployment. Dependency updates.,COMPLETED,production-eu
DEP-1cda1bf4,2026-06-09T15:00:00,notification-service,cbb7145043d14476891632df002b58dc,dev_1@enterprise.com,Deploy notification-service v3.9.3,PR #6534 - Routine deployment. Dependency updates.,COMPLETED,production-apac
DEP-0bcef842,2026-06-09T16:00:00,recommendation-engine,1f962649befb4cc7aaf4fa8eb9c26ccb,dev_97@enterprise.com,Launch Summer Promo ML Model,PR #10211 - Integrating new promotional rules for NA summer campaign.,COMPLETED,production-na
DEP-346fa9b4,2026-06-09T16:00:00,recommendation-engine,dba0016932164651b7b9993cc4d436de,dev_91@enterprise.com,Launch Summer Promo ML Model,PR #10211 - Integrating new promotional rules for NA summer campaign.,COMPLETED,production-na
DEP-8a4a3e93,2026-06-09T17:00:00,notification-service,0843be260d924cb382b00c4a8dd22bd8,dev_44@enterprise.com,Deploy notification-service v3.4.1,PR #8774 - Routine deployment. Dependency updates.,COMPLETED,staging
DEP-e2faded5,2026-06-10T01:00:00,order-fulfillment-service,bdbfcab7b536465986b64cbababd3340,dev_13@enterprise.com,Deploy order-fulfillment-service v3.2.1,PR #8538 - Routine deployment. Dependency updates.,COMPLETED,production-apac
DEP-0934f92a,2026-06-10T03:00:00,recommendation-engine,939e951fa8a54fd7b6a259e4cf48ff58,dev_42@enterprise.com,Launch Summer Promo ML Model,PR #10211 - Integrating new promotional rules for NA summer campaign.,COMPLETED,production-na
DEP-d405809b,2026-06-10T04:00:00,recommendation-engine,d54a86e54e994423856853d2b2330333,dev_30@enterprise.com,Launch Summer Promo ML Model,PR #10211 - Integrating new promotional rules for NA summer campaign.,COMPLETED,production-na
DEP-923ada0c,2026-06-10T04:00:00,user-auth-service,834dd4d48ca24b3da5c110b4a4b19114,dev_35@enterprise.com,Deploy user-auth-service v7.7.7,PR #8963 - Routine deployment. Dependency updates.,ROLLED_BACK,staging
DEP-1e4f532f,2026-06-10T04:00:00,recommendation-engine,ff527222005e4fb2a67b6b7014a2330b,dev_12@enterprise.com,Launch Summer Promo ML Model,PR #10211 - Integrating new promotional rules for NA summer campaign.,FAILED,production-na
DEP-6884e422,2026-06-10T05:00:00,recommendation-engine,7d72b18818e847b384bf245ac8f786f9,dev_74@enterprise.com,Deploy recommendation-engine v1.4.1,PR #5712 - Routine deployment. Dependency updates.,COMPLETED,production-eu
DEP-2a1918c1,2026-06-10T13:00:00,recommendation-engine,736f3aa74b33462fb215bc484eae1378,dev_92@enterprise.com,Launch Summer Promo ML Model,PR #10211 - Integrating new promotional rules for NA summer campaign.,FAILED,production-na
DEP-9590aeac,2026-06-10T13:00:00,cdn-edge-service,8d7181c9b6e741b2b04a0f4ec8f78598,dev_89@enterprise.com,Deploy cdn-edge-service v4.1.8,PR #6188 - Routine deployment. Dependency updates.,COMPLETED,production-latam
DEP-17341951,2026-06-10T15:00:00,order-fulfillment-service,72b43e141aa5472fbb74df3d5686d7d9,dev_8@enterprise.com,Deploy order-fulfillment-service v9.7.4,PR #3104 - Routine deployment. Dependency updates.,COMPLETED,production-latam
DEP-6c7ded2e,2026-06-10T16:00:00,database-migration-service,691ea8e16a834476bc2cd71ff2cc4dd9,dev_21@enterprise.com,Deploy database-migration-service v1.5.3,PR #3740 - Routine deployment. Dependency updates.,COMPLETED,production-eu
DEP-8c7fbf1b,2026-06-10T18:00:00,recommendation-engine,81f084355999451d8a713db28ecd31f7,dev_49@enterprise.com,Launch Summer Promo ML Model,PR #10211 - Integrating new promotional rules for NA summer campaign.,COMPLETED,production-na
DEP-b74dbe3b,2026-06-10T18:00:00,recommendation-engine,d51cf01c90fa4b3781195dc7223c1010,dev_2@enterprise.com,Launch Summer Promo ML Model,PR #10211 - Integrating new promotional rules for NA summer campaign.,COMPLETED,production-na
DEP-f7453301,2026-06-10T20:00:00,recommendation-engine,c9f6d9f4bd5b44bdb4e35dee5c2f6f79,dev_64@enterprise.com,Launch Summer Promo ML Model,PR #10211 - Integrating new promotional rules for NA summer campaign.,COMPLETED,production-na
DEP-9b0051d5,2026-06-10T22:00:00,recommendation-engine,f609e3e826d04d38a25a46ba69f7e1d1,dev_57@enterprise.com,Deploy recommendation-engine v9.5.1,PR #6576 - Routine deployment. Dependency updates.,COMPLETED,production-latam
DEP-56db8833,2026-06-11T01:00:00,payment-gateway-service,81270019cc4444448781521a13287671,dev_27@enterprise.com,Deploy payment-gateway-service v4.0.1,PR #9245 - Routine deployment. Dependency updates.,COMPLETED,production-apac
DEP-b6e2797c,2026-06-11T01:00:00,recommendation-engine,e1aea0cb8e444ea9831a355138397538,dev_25@enterprise.com,Launch Summer Promo ML Model,PR #10211 - Integrating new promotional rules for NA summer campaign.,COMPLETED,production-na
DEP-e7b6a53b,2026-06-11T01:00:00,recommendation-engine,f5c1df36ff7b413eb52607f92004eb3c,dev_2@enterprise.com,Launch Summer Promo ML Model,PR #10211 - Integrating new promotional rules for NA summer campaign.,COMPLETED,production-na
DEP-6f061fcd,2026-06-11T02:00:00,recommendation-engine,1869dcc57699430aa3dcd9fa1d8b52a8,dev_15@enterprise.com,Launch Summer Promo ML Model,PR #10211 - Integrating new promotional rules for NA summer campaign.,COMPLETED,production-na
DEP-3f25a998,2026-06-11T04:00:00,recommendation-engine,380e1aa48f784d0187f85d9b9fb63091,dev_93@enterprise.com,Launch Summer Promo ML Model,PR #10211 - Integrating new promotional rules for NA summer campaign.,FAILED,production-na
DEP-986fca31,2026-06-11T05:00:00,cdn-edge-service,46ca99b039d54f0b847b10f50f007bfd,dev_64@enterprise.com,Deploy cdn-edge-service v5.0.5,PR #1015 - Routine deployment. Dependency updates.,COMPLETED,staging
DEP-a70593ef,2026-06-11T06:00:00,checkout-auth-service,1ad60a41e6e64a6ca1889c124eb98a60,dev_48@enterprise.com,Deploy checkout-auth-service v1.5.7,PR #6287 - Routine deployment. Dependency updates.,COMPLETED,staging
DEP-b4db8e32,2026-06-11T06:00:00,recommendation-engine,3489b42146494dffb1b48013e50f2db3,dev_96@enterprise.com,Launch Summer Promo ML Model,PR #10211 - Integrating new promotional rules for NA summer campaign.,COMPLETED,production-na
DEP-774f24ec,2026-06-11T07:00:00,recommendation-engine,40a22e44ffc341c39ca5d1265964a531,dev_21@enterprise.com,Deploy recommendation-engine v9.5.7,PR #8245 - Routine deployment. Dependency updates.,COMPLETED,production-na
DEP-4bdd5665,2026-06-11T07:00:00,recommendation-engine,10de177dedc24cdfb079c43e400776df,dev_21@enterprise.com,Launch Summer Promo ML Model,PR #10211 - Integrating new promotional rules for NA summer campaign.,COMPLETED,production-na
DEP-33e3bd18,2026-06-11T13:00:00,api-gateway,467d719a68c746848c53bfed345796d3,dev_68@enterprise.com,Deploy api-gateway v9.8.1,PR #6751 - Routine deployment. Dependency updates.,COMPLETED,production-latam
DEP-85d6aeef,2026-06-11T14:00:00,database-migration-service,ee0238f391fb42468a8f24c4d51017aa,dev_66@enterprise.com,Deploy database-migration-service v5.9.6,PR #4962 - Routine deployment. Dependency updates.,COMPLETED,staging
DEP-e76aa184,2026-06-11T17:00:00,checkout-auth-service,4fbd4b07c4004a01a7b685f6d17a8dd8,dev_95@enterprise.com,Deploy checkout-auth-service v5.1.3,PR #8525 - Routine deployment. Dependency updates.,COMPLETED,staging
DEP-2bd6f53e,2026-06-11T22:00:00,recommendation-engine,1a1e4ab23cb34f85b3682330ac37de35,dev_64@enterprise.com,Launch Summer Promo ML Model,PR #10211 - Integrating new promotional rules for NA summer campaign.,FAILED,production-na
DEP-d16389d3,2026-06-12T00:00:00,recommendation-engine,c8336d3cb61a48ca94840213d2ea6f29,dev_46@enterprise.com,Launch Summer Promo ML Model,PR #10211 - Integrating new promotional rules for NA summer campaign.,ROLLED_BACK,production-na
DEP-3fffcc69,2026-06-12T00:00:00,recommendation-engine,f3f2afccbc1e4119865291f768e39a8e,dev_80@enterprise.com,Launch Summer Promo ML Model,PR #10211 - Integrating new promotional rules for NA summer campaign.,FAILED,production-na
DEP-da36f41c,2026-06-12T07:00:00,checkout-auth-service,9ba550b0689942678252f7e5f72abcaf,dev_1@enterprise.com,Deploy checkout-auth-service v2.6.7,PR #5486 - Routine deployment. Dependency updates.,FAILED,canary
DEP-207f559e,2026-06-12T08:00:00,recommendation-engine,1ea7e21d91c24dcca94ac16b3213ae88,dev_67@enterprise.com,Launch Summer Promo ML Model,PR #10211 - Integrating new promotional rules for NA summer campaign.,FAILED,production-na
DEP-73d1c0bb,2026-06-12T11:00:00,user-auth-service,a469e6d9442644f2bae3d1a58923f382,dev_46@enterprise.com,Deploy user-auth-service v2.0.5,PR #9567 - Routine deployment. Dependency updates.,COMPLETED,production-emea
DEP-7cbddc00,2026-06-12T11:00:00,cart-microservice,4107be04c806491ab473e98340724394,dev_95@enterprise.com,Deploy cart-microservice v5.9.5,PR #5054 - Routine deployment. Dependency updates.,COMPLETED,production-latam
DEP-8dbb8257,2026-06-12T13:00:00,user-auth-service,971855b2fd2646e39d4576510fbbd631,dev_22@enterprise.com,Deploy user-auth-service v3.6.4,PR #7389 - Routine deployment. Dependency updates.,COMPLETED,staging
DEP-558c973b,2026-06-12T14:00:00,checkout-auth-service,69d3e3c7bb6b4e5aa7ca41e598a20150,dev_67@enterprise.com,Deploy checkout-auth-service v3.6.5,PR #3749 - Routine deployment. Dependency updates.,COMPLETED,canary
DEP-86e12c0f,2026-06-12T23:00:00,cdn-edge-service,1603cdbee56046b89d7c5b62b430357c,dev_54@enterprise.com,Deploy cdn-edge-service v1.3.5,PR #8040 - Routine deployment. Dependency updates.,COMPLETED,production-apac
DEP-b8aea40b,2026-06-13T01:00:00,search-service,13211a63d2c644a79fe3b55e3d84b91c,dev_30@enterprise.com,Deploy search-service v5.7.6,PR #3189 - Routine deployment. Dependency updates.,COMPLETED,production-apac
DEP-2a764b0d,2026-06-13T03:00:00,recommendation-engine,173d0d93514840d0a58175abfe64159d,dev_79@enterprise.com,Launch Summer Promo ML Model,PR #10211 - Integrating new promotional rules for NA summer campaign.,COMPLETED,production-na
DEP-0172b43e,2026-06-13T03:00:00,database-migration-service,31a5126247a14ed6b492a08b0ce0ebe3,dev_95@enterprise.com,Deploy database-migration-service v7.6.8,PR #6736 - Routine deployment. Dependency updates.,COMPLETED,production-latam
DEP-f2e38e80,2026-06-13T06:00:00,cart-microservice,4a108bb6f5ba4a6b929dc388d48d3493,dev_39@enterprise.com,Deploy cart-microservice v2.1.5,PR #1601 - Routine deployment. Dependency updates.,COMPLETED,production-eu
DEP-961d6c1c,2026-06-13T08:00:00,recommendation-engine,7c5b8b162d4e4fb7a303f1ff3c457990,dev_82@enterprise.com,Launch Summer Promo ML Model,PR #10211 - Integrating new promotional rules for NA summer campaign.,COMPLETED,production-na
DEP-de9c1305,2026-06-13T10:00:00,order-fulfillment-service,93e815c0e3034506a1170bcc4c6f5f5f,dev_59@enterprise.com,Deploy order-fulfillment-service v4.4.6,PR #5882 - Routine deployment. Dependency updates.,COMPLETED,production-apac
DEP-da7471a8,2026-06-13T11:00:00,cart-microservice,a97c4403267b4a7d97d84be82c1713da,dev_26@enterprise.com,Deploy cart-microservice v10.5.6,PR #7473 - Routine deployment. Dependency updates.,ROLLED_BACK,production-latam
DEP-0becf964,2026-06-13T12:00:00,recommendation-engine,e51c5057f00d4976b8111e78cb78e0ef,dev_1@enterprise.com,Launch Summer Promo ML Model,PR #10211 - Integrating new promotional rules for NA summer campaign.,COMPLETED,production-na
DEP-7b7762c6,2026-06-13T15:00:00,recommendation-engine,32a2db2cfa6b41d1acf15fb2def6717f,dev_35@enterprise.com,Deploy recommendation-engine v8.8.1,PR #1822 - Routine deployment. Dependency updates.,COMPLETED,production-latam
DEP-b26361c6,2026-06-13T16:00:00,recommendation-engine,7e386ce606d74613914c1a71b685596f,dev_36@enterprise.com,Launch Summer Promo ML Model,PR #10211 - Integrating new promotional rules for NA summer campaign.,COMPLETED,production-na
DEP-e5e4fe05,2026-06-13T21:00:00,order-fulfillment-service,b3e5bbe0c4004830a97e861f3ae08d15,dev_23@enterprise.com,Deploy order-fulfillment-service v1.5.0,PR #9966 - Routine deployment. Dependency updates.,COMPLETED,canary
DEP-7b0254f8,2026-06-14T01:00:00,checkout-auth-service,66d641ae90154812a0000bcf54b1e4e5,dev_95@enterprise.com,Deploy checkout-auth-service v4.5.3,PR #4823 - Routine deployment. Dependency updates.,ROLLED_BACK,production-apac
DEP-27ef740d,2026-06-14T02:00:00,api-gateway,194a88db7b424cb5a3da934b63928a14,dev_93@enterprise.com,Deploy api-gateway v1.9.9,PR #7675 - Routine deployment. Dependency updates.,COMPLETED,production-apac
DEP-1ccc996d,2026-06-14T17:00:00,recommendation-engine,5b976aabcdc14cc6be217a1dc2b3a25f,dev_71@enterprise.com,Launch Summer Promo ML Model,PR #10211 - Integrating new promotional rules for NA summer campaign.,COMPLETED,production-na
DEP-5d0f04db,2026-06-14T22:00:00,recommendation-engine,e10ee165519a4e689dd9063497ea0c1e,dev_59@enterprise.com,Deploy recommendation-engine v6.8.8,PR #3559 - Routine deployment. Dependency updates.,COMPLETED,staging
DEP-69cc7397,2026-06-15T00:00:00,recommendation-engine,deb5855b3a7d4a89877cf076497ae517,dev_77@enterprise.com,Launch Summer Promo ML Model,PR #10211 - Integrating new promotional rules for NA summer campaign.,COMPLETED,production-na
DEP-bc494420,2026-06-15T01:00:00,checkout-auth-service,1aa85f68c8c9438080b4be124e93bacb,dev_30@enterprise.com,Deploy checkout-auth-service v3.6.3,PR #8933 - Routine deployment. Dependency updates.,COMPLETED,production-apac
DEP-24f80564,2026-06-15T01:00:00,recommendation-engine,93be5c12a1e841a38d6648c44ed7989b,dev_89@enterprise.com,Deploy recommendation-engine v1.0.9,PR #7613 - Routine deployment. Dependency updates.,FAILED,production-eu
DEP-dd0d3382,2026-06-15T02:00:00,order-fulfillment-service,e87a12a6930e47f7bc628288bac7dd7c,dev_52@enterprise.com,Deploy order-fulfillment-service v6.9.1,PR #4024 - Routine deployment. Dependency updates.,COMPLETED,production-latam
DEP-9ff72830,2026-06-15T04:00:00,cart-microservice,493b883507974cd3a2b6401933a412bd,dev_64@enterprise.com,Deploy cart-microservice v9.2.5,PR #2250 - Routine deployment. Dependency updates.,COMPLETED,production-apac
DEP-00795bf7,2026-06-15T09:00:00,notification-service,662c5809bb594dcfb6b872f8a3477876,dev_91@enterprise.com,Deploy notification-service v9.6.8,PR #6988 - Routine deployment. Dependency updates.,FAILED,canary
DEP-f5c88c11,2026-06-15T11:00:00,recommendation-engine,0639cadb45c8465eaa0388a2c91ed58c,dev_76@enterprise.com,Launch Summer Promo ML Model,PR #10211 - Integrating new promotional rules for NA summer campaign.,COMPLETED,production-na
DEP-b0910f66,2026-06-15T16:00:00,recommendation-engine,909e8b28907a43e684be57d0c0acb2a9,dev_27@enterprise.com,Deploy recommendation-engine v2.9.2,PR #3111 - Routine deployment. Dependency updates.,COMPLETED,production-emea
DEP-88c420f2,2026-06-15T18:00:00,inventory-service,81635b102cde47db96f34cc3181207e3,dev_82@enterprise.com,Deploy inventory-service v9.7.4,PR #8247 - Routine deployment. Dependency updates.,COMPLETED,production-na
DEP-1c7ae3a4,2026-06-16T02:00:00,user-auth-service,c43a321194064e4d904fe1f3f361ba63,dev_20@enterprise.com,Deploy user-auth-service v6.8.6,PR #5478 - Routine deployment. Dependency updates.,COMPLETED,production-emea
DEP-545ccc0d,2026-06-16T06:00:00,recommendation-engine,4ad476c6063a4cb8af2ab40b719dd156,dev_90@enterprise.com,Launch Summer Promo ML Model,PR #10211 - Integrating new promotional rules for NA summer campaign.,COMPLETED,production-na
DEP-2b1a2998,2026-06-16T07:00:00,recommendation-engine,9f99de51cc04416d8f0b14bfe2dce24b,dev_28@enterprise.com,Launch Summer Promo ML Model,PR #10211 - Integrating new promotional rules for NA summer campaign.,COMPLETED,production-na
DEP-65f62855,2026-06-16T10:00:00,checkout-auth-service,6eb8be46b1d44a669b1732d0f8f52a35,dev_40@enterprise.com,Deploy checkout-auth-service v7.6.9,PR #1702 - Routine deployment. Dependency updates.,COMPLETED,production-latam
DEP-eeb23c9f,2026-06-16T17:00:00,checkout-auth-service,6d8a25a8aaa841c6a4a4e372bc95b0f3,dev_49@enterprise.com,Deploy checkout-auth-service v4.5.0,PR #8651 - Routine deployment. Dependency updates.,COMPLETED,production-emea
DEP-04b9e7e2,2026-06-16T17:00:00,recommendation-engine,a75afc12dd384666b2db3137d06c55f3,dev_68@enterprise.com,Launch Summer Promo ML Model,PR #10211 - Integrating new promotional rules for NA summer campaign.,COMPLETED,production-na
DEP-11b9d1cc,2026-06-17T01:00:00,recommendation-engine,ccb856d486f94eaa9ae1f185919061be,dev_100@enterprise.com,Launch Summer Promo ML Model,PR #10211 - Integrating new promotional rules for NA summer campaign.,COMPLETED,production-na
DEP-e29f65b8,2026-06-17T02:00:00,recommendation-engine,c2381ab16a5f411baeb888fabbcfb571,dev_43@enterprise.com,Launch Summer Promo ML Model,PR #10211 - Integrating new promotional rules for NA summer campaign.,FAILED,production-na
DEP-ca721374,2026-06-17T04:00:00,notification-service,3dd995a6e0d44dcba23dda0e10ec0b29,dev_86@enterprise.com,Deploy notification-service v2.9.2,PR #2601 - Routine deployment. Dependency updates.,FAILED,production-apac
DEP-4ce902cc,2026-06-17T05:00:00,order-fulfillment-service,0935f23147794fd5b96d804f37b4060d,dev_69@enterprise.com,Deploy order-fulfillment-service v1.4.2,PR #3421 - Routine deployment. Dependency updates.,COMPLETED,production-latam
DEP-31465daa,2026-06-17T06:00:00,api-gateway,2d730d907b424283a521f5acf910e330,dev_97@enterprise.com,Deploy api-gateway v8.6.3,PR #1612 - Routine deployment. Dependency updates.,ROLLED_BACK,production-apac
DEP-9337123d,2026-06-17T09:00:00,database-migration-service,99de1db41e044e8cb4637a19e59684f2,dev_36@enterprise.com,Deploy database-migration-service v7.9.8,PR #8349 - Routine deployment. Dependency updates.,COMPLETED,production-eu
DEP-d5885672,2026-06-17T12:00:00,order-fulfillment-service,5949067e0256481783ae12b145fdd4cb,dev_6@enterprise.com,Deploy order-fulfillment-service v7.9.4,PR #3121 - Routine deployment. Dependency updates.,COMPLETED,production-apac
DEP-8ce7d165,2026-06-17T13:00:00,order-fulfillment-service,550c9dae7c694489a10d4aa372a522a9,dev_43@enterprise.com,Deploy order-fulfillment-service v4.9.5,PR #3986 - Routine deployment. Dependency updates.,FAILED,production-na
DEP-edda02b6,2026-06-17T18:00:00,payment-gateway-service,89256f41b78244e8a2593e87c161e1b2,dev_6@enterprise.com,Deploy payment-gateway-service v2.0.1,PR #7212 - Routine deployment. Dependency updates.,COMPLETED,production-na
DEP-341fe534,2026-06-17T22:00:00,recommendation-engine,7f6dc638112545cd93881bef8f0add7c,dev_30@enterprise.com,Launch Summer Promo ML Model,PR #10211 - Integrating new promotional rules for NA summer campaign.,COMPLETED,production-na
DEP-cffd46a6,2026-06-17T23:00:00,inventory-service,1f795e83dd4c43e3a00eda7022a6606f,dev_59@enterprise.com,Deploy inventory-service v7.2.0,PR #1162 - Routine deployment. Dependency updates.,COMPLETED,production-eu
DEP-04b7c655,2026-06-18T05:00:00,order-fulfillment-service,aa5c803637814514bc2a48de24f05a2b,dev_15@enterprise.com,Deploy order-fulfillment-service v3.2.0,PR #9376 - Routine deployment. Dependency updates.,ROLLED_BACK,staging
DEP-7b642e8f,2026-06-18T09:00:00,recommendation-engine,799e13995b9343928838da6e6fa47080,dev_73@enterprise.com,Launch Summer Promo ML Model,PR #10211 - Integrating new promotional rules for NA summer campaign.,FAILED,production-na
DEP-af5e807c,2026-06-18T16:00:00,order-fulfillment-service,fc042ab7d7ef44d7ae3873adcc7cbcd6,dev_13@enterprise.com,Deploy order-fulfillment-service v8.7.5,PR #7182 - Routine deployment. Dependency updates.,ROLLED_BACK,production-na
DEP-59d61845,2026-06-18T17:00:00,checkout-auth-service,b398c997736f4f0088a81f402a1524be,dev_7@enterprise.com,Deploy checkout-auth-service v10.9.7,PR #4547 - Routine deployment. Dependency updates.,FAILED,production-apac
DEP-a60f0402,2026-06-18T21:00:00,recommendation-engine,e9b13b5695ff48daa3dbf864c8845dd9,dev_21@enterprise.com,Launch Summer Promo ML Model,PR #10211 - Integrating new promotional rules for NA summer campaign.,COMPLETED,production-na
DEP-450e6f37,2026-06-18T22:00:00,user-auth-service,1b184b2d3f694ad884c1fe41f7e0c815,dev_72@enterprise.com,Deploy user-auth-service v5.8.5,PR #9696 - Routine deployment. Dependency updates.,COMPLETED,staging
DEP-2888e3eb,2026-06-19T05:00:00,recommendation-engine,0fb2e143066d4d24b9c887df43d5a51b,dev_30@enterprise.com,Launch Summer Promo ML Model,PR #10211 - Integrating new promotional rules for NA summer campaign.,COMPLETED,production-na
DEP-36d30dca,2026-06-19T12:00:00,recommendation-engine,e416f1f106f54001b3d42e4c91938a9e,dev_30@enterprise.com,Launch Summer Promo ML Model,PR #10211 - Integrating new promotional rules for NA summer campaign.,FAILED,production-na
DEP-87a3e0a5,2026-06-19T16:00:00,checkout-auth-service,de4d70203451457a9b3b02ceeba3b89d,dev_66@enterprise.com,Deploy checkout-auth-service v5.0.2,PR #2669 - Routine deployment. Dependency updates.,COMPLETED,production-eu
DEP-b0b064d1,2026-06-19T20:00:00,cdn-edge-service,f3e0bdb50923415c875adfb8aad4f542,dev_94@enterprise.com,Deploy cdn-edge-service v2.0.9,PR #6030 - Routine deployment. Dependency updates.,COMPLETED,production-eu
DEP-6e730298,2026-06-19T21:00:00,recommendation-engine,69c7e010b582482399f1381206df503d,dev_91@enterprise.com,Deploy recommendation-engine v6.9.6,PR #3104 - Routine deployment. Dependency updates.,COMPLETED,canary
DEP-eedf3a24,2026-06-19T21:00:00,recommendation-engine,9a11ae1ecec54b2f86f076b7c2f5affc,dev_71@enterprise.com,Launch Summer Promo ML Model,PR #10211 - Integrating new promotional rules for NA summer campaign.,COMPLETED,production-na
DEP-bd72e7ee,2026-06-19T21:00:00,cart-microservice,668a664775f74db3923f71a46623eda9,dev_11@enterprise.com,Deploy cart-microservice v6.7.5,PR #6366 - Routine deployment. Dependency updates.,COMPLETED,production-latam
DEP-4a444265,2026-06-20T06:00:00,cart-microservice,c31863be4c6c4993a81742a6c9d884c8,dev_66@enterprise.com,Deploy cart-microservice v4.0.6,PR #3458 - Routine deployment. Dependency updates.,COMPLETED,production-eu
DEP-a77e9252,2026-06-20T09:00:00,recommendation-engine,2f77815f6bb4425585776a30536ba6e2,dev_89@enterprise.com,Launch Summer Promo ML Model,PR #10211 - Integrating new promotional rules for NA summer campaign.,COMPLETED,production-na
DEP-69bee51f,2026-06-20T11:00:00,api-gateway,471d48d428dd425a838f0b4f9585d6a7,dev_46@enterprise.com,Deploy api-gateway v8.0.2,PR #5243 - Routine deployment. Dependency updates.,COMPLETED,production-na
DEP-f34f0aaf,2026-06-20T13:00:00,recommendation-engine,b585eca8ccb740938133396c6e6b470e,dev_36@enterprise.com,Launch Summer Promo ML Model,PR #10211 - Integrating new promotional rules for NA summer campaign.,FAILED,production-na
DEP-88a0f13a,2026-06-20T13:00:00,user-auth-service,2c0795f1540949b8a91c428594e16716,dev_80@enterprise.com,Deploy user-auth-service v9.9.1,PR #9320 - Routine deployment. Dependency updates.,COMPLETED,production-eu
DEP-309013b3,2026-06-20T15:00:00,database-migration-service,9bd684cb437144eda2f236268f57b6c6,dev_3@enterprise.com,Deploy database-migration-service v3.9.3,PR #3421 - Routine deployment. Dependency updates.,COMPLETED,production-emea
DEP-0f570385,2026-06-20T17:00:00,order-fulfillment-service,14110f4e711946eab15443b3c54de56e,dev_98@enterprise.com,Deploy order-fulfillment-service v3.6.2,PR #3812 - Routine deployment. Dependency updates.,COMPLETED,production-apac
DEP-66e00098,2026-06-20T19:00:00,recommendation-engine,3f455d4c086643a697b05cf0f5b5d1aa,dev_95@enterprise.com,Launch Summer Promo ML Model,PR #10211 - Integrating new promotional rules for NA summer campaign.,COMPLETED,production-na
DEP-165b0a64,2026-06-20T20:00:00,cart-microservice,9b89d74c1d74407a8994650bc707bc45,dev_81@enterprise.com,Deploy cart-microservice v2.7.7,PR #3445 - Routine deployment. Dependency updates.,COMPLETED,production-emea
DEP-e18bc3de,2026-06-20T20:00:00,recommendation-engine,b4c3c25b67704e8fa9303a1d17e72222,dev_19@enterprise.com,Launch Summer Promo ML Model,PR #10211 - Integrating new promotional rules for NA summer campaign.,COMPLETED,production-na
DEP-2eae93e9,2026-06-20T21:00:00,recommendation-engine,83a0a92caccd423dbc838bd712be5964,dev_42@enterprise.com,Launch Summer Promo ML Model,PR #10211 - Integrating new promotional rules for NA summer campaign.,COMPLETED,production-na
DEP-ed74c5a5,2026-06-21T02:00:00,cdn-edge-service,dec364074f6847e3a03a24f83343ac44,dev_93@enterprise.com,Deploy cdn-edge-service v6.0.4,PR #2966 - Routine deployment. Dependency updates.,ROLLED_BACK,production-emea
DEP-e96327e8,2026-06-21T03:00:00,search-service,5adeb77a894d4b308bb962243c664f1f,dev_14@enterprise.com,Deploy search-service v5.5.3,PR #1838 - Routine deployment. Dependency updates.,COMPLETED,canary
DEP-5a4cb2ad,2026-06-21T18:00:00,inventory-service,d3f17d1f51174fc6ad443480e85b285f,dev_72@enterprise.com,Deploy inventory-service v4.4.1,PR #8595 - Routine deployment. Dependency updates.,ROLLED_BACK,production-emea
DEP-5051e904,2026-06-21T18:00:00,checkout-auth-service,cdb5712610174b309fee71f3b596f232,dev_29@enterprise.com,Deploy checkout-auth-service v2.6.2,PR #7074 - Routine deployment. Dependency updates.,FAILED,production-eu
DEP-9bba1fd6,2026-06-21T18:00:00,recommendation-engine,cf4e6aa4fa9a49ad8a0e8c29f9b5ded1,dev_33@enterprise.com,Launch Summer Promo ML Model,PR #10211 - Integrating new promotional rules for NA summer campaign.,COMPLETED,production-na
DEP-69084300,2026-06-21T21:00:00,recommendation-engine,6c33f49841f348e391169a46fd8c1be6,dev_5@enterprise.com,Launch Summer Promo ML Model,PR #10211 - Integrating new promotional rules for NA summer campaign.,COMPLETED,production-na
DEP-179b12e1,2026-06-21T23:00:00,recommendation-engine,4125ef4aa77f49309a15ad117f722553,dev_53@enterprise.com,Launch Summer Promo ML Model,PR #10211 - Integrating new promotional rules for NA summer campaign.,COMPLETED,production-na
DEP-c08b3f1d,2026-06-22T04:00:00,checkout-auth-service,54733917b85548bdb9aeca304af6366f,dev_7@enterprise.com,Deploy checkout-auth-service v8.9.8,PR #9547 - Routine deployment. Dependency updates.,COMPLETED,production-eu
DEP-25081191,2026-06-22T11:00:00,checkout-auth-service,7a6744792ea94d0cb0a20cb2a12b3981,dev_1@enterprise.com,Deploy checkout-auth-service v4.0.6,PR #3627 - Routine deployment. Dependency updates.,COMPLETED,production-apac
DEP-754ea377,2026-06-22T11:00:00,notification-service,62952f408898405d9fea606160783d4e,dev_70@enterprise.com,Deploy notification-service v4.0.2,PR #3515 - Routine deployment. Dependency updates.,COMPLETED,production-emea
DEP-094b5507,2026-06-22T12:00:00,database-migration-service,440bc13e8292433ea9ab6fa66493c953,dev_90@enterprise.com,Deploy database-migration-service v8.7.0,PR #3915 - Routine deployment. Dependency updates.,COMPLETED,production-na
DEP-777b4aaf,2026-06-22T13:00:00,recommendation-engine,060384c793a74fb3a63bc05357cf7d39,dev_84@enterprise.com,Launch Summer Promo ML Model,PR #10211 - Integrating new promotional rules for NA summer campaign.,COMPLETED,production-na
DEP-f9b97885,2026-06-22T18:00:00,recommendation-engine,acffa8ca786746de9b3fdf6c16781ebf,dev_73@enterprise.com,Launch Summer Promo ML Model,PR #10211 - Integrating new promotional rules for NA summer campaign.,COMPLETED,production-na
DEP-91c46299,2026-06-23T01:00:00,cart-microservice,419f8413d249451691e5fa7d68e00bbe,dev_56@enterprise.com,Deploy cart-microservice v2.4.8,PR #8843 - Routine deployment. Dependency updates.,COMPLETED,production-eu
DEP-ccf95fa0,2026-06-23T02:00:00,recommendation-engine,db55fcfab59649c9ac3ed780e6521dc4,dev_88@enterprise.com,Launch Summer Promo ML Model,PR #10211 - Integrating new promotional rules for NA summer campaign.,ROLLED_BACK,production-na
DEP-f8190b0c,2026-06-23T04:00:00,recommendation-engine,bdf000ab093846a0a7949d9ec920a495,dev_46@enterprise.com,Launch Summer Promo ML Model,PR #10211 - Integrating new promotional rules for NA summer campaign.,COMPLETED,production-na
DEP-8b8226c3,2026-06-23T05:00:00,recommendation-engine,7c900662f3dd4b848816afed8d787d0a,dev_61@enterprise.com,Launch Summer Promo ML Model,PR #10211 - Integrating new promotional rules for NA summer campaign.,FAILED,production-na
DEP-7ba60e6f,2026-06-23T17:00:00,database-migration-service,16471759716b405a9c62945f5693dcc8,dev_62@enterprise.com,Deploy database-migration-service v7.8.8,PR #6163 - Routine deployment. Dependency updates.,COMPLETED,production-eu
DEP-87525756,2026-06-23T21:00:00,order-fulfillment-service,30f75501b0514540a1ddec7609796308,dev_95@enterprise.com,Deploy order-fulfillment-service v4.0.2,PR #1380 - Routine deployment. Dependency updates.,COMPLETED,production-latam
DEP-4f8f1bed,2026-06-24T12:00:00,api-gateway,c64c8ef0321340799cab42a8b98a2bf2,dev_44@enterprise.com,Deploy api-gateway v6.4.6,PR #7977 - Routine deployment. Dependency updates.,COMPLETED,production-na
DEP-c1d3ed8a,2026-06-24T13:00:00,user-auth-service,f924feff28d64e86885e751b1feceae4,dev_51@enterprise.com,Deploy user-auth-service v7.6.3,PR #1220 - Routine deployment. Dependency updates.,ROLLED_BACK,production-emea
DEP-4850bf87,2026-06-24T14:00:00,user-auth-service,aff09ae218894ce5abe0f00c2030e619,dev_8@enterprise.com,Deploy user-auth-service v9.2.2,PR #5028 - Routine deployment. Dependency updates.,COMPLETED,canary
DEP-0f4f93cd,2026-06-24T16:00:00,recommendation-engine,2db94723d82a42e2851b45e94c18b3ad,dev_98@enterprise.com,Launch Summer Promo ML Model,PR #10211 - Integrating new promotional rules for NA summer campaign.,ROLLED_BACK,production-na
DEP-4d075048,2026-06-24T23:00:00,recommendation-engine,c6882ede93d44d8397ece3fee5b5a984,dev_80@enterprise.com,Launch Summer Promo ML Model,PR #10211 - Integrating new promotional rules for NA summer campaign.,COMPLETED,production-na
DEP-27ba836b,2026-06-25T01:00:00,cart-microservice,2c1ec61781ef46e9985fe8a31f0d6152,dev_74@enterprise.com,Deploy cart-microservice v4.7.6,PR #4100 - Routine deployment. Dependency updates.,COMPLETED,production-eu
DEP-ca10ef26,2026-06-25T11:00:00,recommendation-engine,e9173f1b8a6d46a9a565ef723b878e8a,dev_22@enterprise.com,Launch Summer Promo ML Model,PR #10211 - Integrating new promotional rules for NA summer campaign.,FAILED,production-na
DEP-b33b2006,2026-06-25T13:00:00,recommendation-engine,27fdb557a02c455bbd9de47431b24b3e,dev_70@enterprise.com,Launch Summer Promo ML Model,PR #10211 - Integrating new promotional rules for NA summer campaign.,COMPLETED,production-na
DEP-d41dac1b,2026-06-25T19:00:00,recommendation-engine,f987049568834bcb8fc518b00a8d2260,dev_24@enterprise.com,Launch Summer Promo ML Model,PR #10211 - Integrating new promotional rules for NA summer campaign.,COMPLETED,production-na
DEP-f9905644,2026-06-26T07:00:00,recommendation-engine,e21069feadff4b4fb9ca6f2d775adb70,dev_40@enterprise.com,Launch Summer Promo ML Model,PR #10211 - Integrating new promotional rules for NA summer campaign.,FAILED,production-na
DEP-724f333a,2026-06-26T08:00:00,recommendation-engine,aad49d1fcb3642d19a9c175e05d5fcb2,dev_52@enterprise.com,Launch Summer Promo ML Model,PR #10211 - Integrating new promotional rules for NA summer campaign.,FAILED,production-na
DEP-5654b6fc,2026-06-26T18:00:00,cart-microservice,cfb193b654d248c2bba583b5460a8984,dev_78@enterprise.com,Deploy cart-microservice v2.2.7,PR #7786 - Routine deployment. Dependency updates.,COMPLETED,canary
DEP-682ba3a3,2026-06-26T21:00:00,recommendation-engine,417ff90f478349e39c1642158de4acf5,dev_23@enterprise.com,Deploy recommendation-engine v10.6.6,PR #2135 - Routine deployment. Dependency updates.,COMPLETED,production-na
DEP-893a91c5,2026-06-27T00:00:00,cart-microservice,e70bf2977b3c426295e60310de64a9e9,dev_74@enterprise.com,Deploy cart-microservice v6.7.7,PR #9428 - Routine deployment. Dependency updates.,ROLLED_BACK,production-na
DEP-5f8c1974,2026-06-27T00:00:00,recommendation-engine,922a4b6016364ef680112ae0798bedb7,dev_4@enterprise.com,Launch Summer Promo ML Model,PR #10211 - Integrating new promotional rules for NA summer campaign.,COMPLETED,production-na
DEP-a75fb1bc,2026-06-27T00:00:00,recommendation-engine,73106acc3a834b34b9a747bc6beafc01,dev_18@enterprise.com,Launch Summer Promo ML Model,PR #10211 - Integrating new promotional rules for NA summer campaign.,COMPLETED,production-na
DEP-a13fdc38,2026-06-27T04:00:00,recommendation-engine,d8be63b260a242ddadd22205813f5aa8,dev_83@enterprise.com,Launch Summer Promo ML Model,PR #10211 - Integrating new promotional rules for NA summer campaign.,COMPLETED,production-na
DEP-3d896c9c,2026-06-27T09:00:00,api-gateway,c049e746d9c041f58550c23aa30ea831,dev_87@enterprise.com,Deploy api-gateway v9.4.6,PR #3144 - Routine deployment. Dependency updates.,COMPLETED,canary
DEP-841e3db5,2026-06-27T12:00:00,recommendation-engine,25b566f1321d4f1db9cd036c61cd86b3,dev_23@enterprise.com,Launch Summer Promo ML Model,PR #10211 - Integrating new promotional rules for NA summer campaign.,COMPLETED,production-na
DEP-7458b211,2026-06-27T12:00:00,recommendation-engine,ad3198e6fea8483981eed1e66a89c651,dev_71@enterprise.com,Launch Summer Promo ML Model,PR #10211 - Integrating new promotional rules for NA summer campaign.,COMPLETED,production-na
DEP-be293be5,2026-06-27T12:00:00,inventory-service,5939f6f52e6b4150a4bd651ce738954d,dev_18@enterprise.com,Deploy inventory-service v7.4.0,PR #8716 - Routine deployment. Dependency updates.,COMPLETED,canary
DEP-d9a61ddc,2026-06-27T13:00:00,payment-gateway-service,338eeae790374ad8983f792d61cb338d,dev_49@enterprise.com,Deploy payment-gateway-service v8.8.0,PR #7177 - Routine deployment. Dependency updates.,COMPLETED,production-na
DEP-4763ed1b,2026-06-27T19:00:00,recommendation-engine,d7702fc9f91e43a6864f1cb62e1b62d1,dev_60@enterprise.com,Launch Summer Promo ML Model,PR #10211 - Integrating new promotional rules for NA summer campaign.,COMPLETED,production-na
DEP-08d4d0dc,2026-06-27T19:00:00,recommendation-engine,92fe4bfb999c44dc9adee1d658902150,dev_31@enterprise.com,Launch Summer Promo ML Model,PR #10211 - Integrating new promotional rules for NA summer campaign.,COMPLETED,production-na
DEP-5c841906,2026-06-27T21:00:00,checkout-auth-service,35966e064d074673b6b10e764b970c4f,dev_17@enterprise.com,Deploy checkout-auth-service v8.3.4,PR #7259 - Routine deployment. Dependency updates.,COMPLETED,production-emea
DEP-02525154,2026-06-27T22:00:00,payment-gateway-service,f52154715ae3497c89cdc59e3d47d2a2,dev_86@enterprise.com,Deploy payment-gateway-service v10.9.9,PR #7192 - Routine deployment. Dependency updates.,FAILED,production-eu
DEP-9b9272d0,2026-06-28T04:00:00,cart-microservice,760a0debcba44514bee11b13e2d6b745,dev_86@enterprise.com,Deploy cart-microservice v2.1.5,PR #2701 - Routine deployment. Dependency updates.,FAILED,production-eu
DEP-73c7f00e,2026-06-28T04:00:00,recommendation-engine,1e10984a109c45dd8b8b73c47d0871f9,dev_92@enterprise.com,Launch Summer Promo ML Model,PR #10211 - Integrating new promotional rules for NA summer campaign.,FAILED,production-na
DEP-8d83be3e,2026-06-28T09:00:00,notification-service,fb31c961376640c4a09b1359aa6da5c8,dev_27@enterprise.com,Deploy notification-service v10.1.0,PR #1753 - Routine deployment. Dependency updates.,COMPLETED,production-na
DEP-2b7452ae,2026-06-28T11:00:00,recommendation-engine,f5e777113e854ea498d883c0f7bc6ce6,dev_97@enterprise.com,Launch Summer Promo ML Model,PR #10211 - Integrating new promotional rules for NA summer campaign.,COMPLETED,production-na
DEP-8ecf7d00,2026-06-28T12:00:00,notification-service,12996239c9ae4260a2165d7d52e1a6c1,dev_21@enterprise.com,Deploy notification-service v10.7.8,PR #9994 - Routine deployment. Dependency updates.,COMPLETED,production-latam
DEP-a53805d3,2026-06-28T15:00:00,recommendation-engine,c208bd8869094eda86ed35b85fdc3118,dev_91@enterprise.com,Deploy recommendation-engine v4.1.7,PR #3046 - Routine deployment. Dependency updates.,COMPLETED,production-eu
DEP-fd31e87b,2026-06-28T17:00:00,payment-gateway-service,0638459977a841f8a1b429736f6985f0,dev_42@enterprise.com,Deploy payment-gateway-service v6.5.6,PR #4528 - Routine deployment. Dependency updates.,COMPLETED,production-apac
DEP-f877ac75,2026-06-28T18:00:00,database-migration-service,1fe59f6d172e437088c09159d48c6074,dev_40@enterprise.com,Deploy database-migration-service v7.9.4,PR #6128 - Routine deployment. Dependency updates.,COMPLETED,production-na
DEP-035033a5,2026-06-28T21:00:00,recommendation-engine,d2c281089f7b4eadad0aa5261280ed73,dev_2@enterprise.com,Launch Summer Promo ML Model,PR #10211 - Integrating new promotional rules for NA summer campaign.,COMPLETED,production-na
DEP-654adf9a,2026-06-29T03:00:00,recommendation-engine,87720b18a2664a069ae0995776fe3fad,dev_44@enterprise.com,Launch Summer Promo ML Model,PR #10211 - Integrating new promotional rules for NA summer campaign.,ROLLED_BACK,production-na
DEP-b8ef6cbb,2026-06-29T06:00:00,recommendation-engine,c24cb9a1fb314a5f883c680ca1e328d5,dev_34@enterprise.com,Launch Summer Promo ML Model,PR #10211 - Integrating new promotional rules for NA summer campaign.,COMPLETED,production-na
DEP-0eaf5295,2026-06-29T07:00:00,inventory-service,3e67a9ddc7224ec5ad368efd3a6837da,dev_92@enterprise.com,Deploy inventory-service v7.4.5,PR #8959 - Routine deployment. Dependency updates.,COMPLETED,production-emea
DEP-d7552883,2026-06-29T08:00:00,payment-gateway-service,6d313f10dd6a4f2ebdf7cb22b116d5e8,dev_46@enterprise.com,Deploy payment-gateway-service v5.8.9,PR #4548 - Routine deployment. Dependency updates.,COMPLETED,production-eu
DEP-24339b9a,2026-06-29T09:00:00,notification-service,689358dcb91646449d98d2b21195a901,dev_41@enterprise.com,Deploy notification-service v5.2.8,PR #6484 - Routine deployment. Dependency updates.,COMPLETED,production-eu
DEP-0b53c973,2026-06-29T09:00:00,search-service,0131d2afb70e4ae3854498ea7e51482e,dev_35@enterprise.com,Deploy search-service v2.5.1,PR #1999 - Routine deployment. Dependency updates.,COMPLETED,canary
DEP-4ffc7022,2026-06-29T09:00:00,recommendation-engine,c36282486c73429a914f061525cdd207,dev_94@enterprise.com,Launch Summer Promo ML Model,PR #10211 - Integrating new promotional rules for NA summer campaign.,COMPLETED,production-na
DEP-1a106e0b,2026-06-29T18:00:00,recommendation-engine,49e370645359444d8b3b1e0c3b9a11ef,dev_15@enterprise.com,Launch Summer Promo ML Model,PR #10211 - Integrating new promotional rules for NA summer campaign.,COMPLETED,production-na
DEP-2e0ce1ed,2026-06-29T19:00:00,recommendation-engine,365e8c132d97464e9f102a3d1d0f00ba,dev_65@enterprise.com,Launch Summer Promo ML Model,PR #10211 - Integrating new promotional rules for NA summer campaign.,COMPLETED,production-na
DEP-c5cbc1f2,2026-06-29T20:00:00,recommendation-engine,a3f38b5cd2a5450ab19a8e62d7d80fb6,dev_91@enterprise.com,Launch Summer Promo ML Model,PR #10211 - Integrating new promotional rules for NA summer campaign.,COMPLETED,production-na
DEP-16c85cec,2026-06-29T21:00:00,recommendation-engine,47efb4e04c334139874ac7df503369bc,dev_23@enterprise.com,Deploy recommendation-engine v1.4.7,PR #8479 - Routine deployment. Dependency updates.,COMPLETED,production-apac
DEP-5fa39b73,2026-06-30T04:00:00,notification-service,c1b45a2ccf9548b684501688ccdd9631,dev_8@enterprise.com,Deploy notification-service v6.8.4,PR #4832 - Routine deployment. Dependency updates.,COMPLETED,production-latam
DEP-d7983a46,2026-06-30T05:00:00,recommendation-engine,2db44b3de7634f7dba4afba911df34fe,dev_11@enterprise.com,Launch Summer Promo ML Model,PR #10211 - Integrating new promotional rules for NA summer campaign.,COMPLETED,production-na
DEP-a119eaf4,2026-06-30T05:00:00,recommendation-engine,5623c50fad864472ac0be06100f2cc71,dev_53@enterprise.com,Launch Summer Promo ML Model,PR #10211 - Integrating new promotional rules for NA summer campaign.,COMPLETED,production-na
DEP-752d3fd2,2026-06-30T10:00:00,database-migration-service,23767bca7a654bc89740d00bb57c0d45,dev_96@enterprise.com,Deploy database-migration-service v5.3.7,PR #7436 - Routine deployment. Dependency updates.,COMPLETED,staging
DEP-b23194c2,2026-06-30T11:00:00,cart-microservice,3a3733f2949a47db8450dfbc247bf584,dev_87@enterprise.com,Deploy cart-microservice v7.6.3,PR #9317 - Routine deployment. Dependency updates.,COMPLETED,production-apac
DEP-0f969649,2026-06-30T11:00:00,payment-gateway-service,7f84859e20904d01ac95202cf0714bce,dev_50@enterprise.com,Deploy payment-gateway-service v4.4.5,PR #6819 - Routine deployment. Dependency updates.,COMPLETED,production-eu
DEP-6df3f14a,2026-07-01T01:00:00,notification-service,868738f9eb3a4281883d7da04d0a9425,dev_14@enterprise.com,Deploy notification-service v1.5.9,PR #2616 - Routine deployment. Dependency updates.,COMPLETED,production-latam
DEP-a58c22f5,2026-07-01T04:00:00,recommendation-engine,36156213134544b898c9e3b6fe659fe5,dev_67@enterprise.com,Launch Summer Promo ML Model,PR #10211 - Integrating new promotional rules for NA summer campaign.,COMPLETED,production-na
DEP-29187f10,2026-07-01T06:00:00,notification-service,1675fc0f91a540b69969908159df55b1,dev_50@enterprise.com,Deploy notification-service v2.5.3,PR #5139 - Routine deployment. Dependency updates.,ROLLED_BACK,production-apac
DEP-314bc030,2026-07-01T06:00:00,order-fulfillment-service,316bf79a882345c28e55213ededbc563,dev_91@enterprise.com,Deploy order-fulfillment-service v1.2.5,PR #5102 - Routine deployment. Dependency updates.,COMPLETED,production-eu
DEP-51de4ca0,2026-07-01T07:00:00,notification-service,a6a22a1e1d1f4dfe9696340948db4e9c,dev_89@enterprise.com,Deploy notification-service v9.6.0,PR #9276 - Routine deployment. Dependency updates.,COMPLETED,production-emea
DEP-ae02a6c5,2026-07-01T07:00:00,recommendation-engine,18a3b06d9b1b48b9b1d92ac90a7fc018,dev_40@enterprise.com,Launch Summer Promo ML Model,PR #10211 - Integrating new promotional rules for NA summer campaign.,COMPLETED,production-na
DEP-ef9de29e,2026-07-01T09:00:00,database-migration-service,14e7ac2794144bcf977a9d0acf938848,dev_19@enterprise.com,Deploy database-migration-service v5.9.1,PR #6497 - Routine deployment. Dependency updates.,COMPLETED,canary
DEP-dd2833f9,2026-07-01T12:00:00,recommendation-engine,4a25895b6bb0489d96bf1bdacb0b122e,dev_90@enterprise.com,Launch Summer Promo ML Model,PR #10211 - Integrating new promotional rules for NA summer campaign.,COMPLETED,production-na
DEP-debdc95d,2026-07-01T18:00:00,recommendation-engine,42b2759c3d2b4992825b3d98c952ceec,dev_73@enterprise.com,Launch Summer Promo ML Model,PR #10211 - Integrating new promotional rules for NA summer campaign.,COMPLETED,production-na
DEP-1662a4a7,2026-07-01T20:00:00,notification-service,90b7e1aec6e34943974ac7951ddc36e5,dev_81@enterprise.com,Deploy notification-service v1.8.1,PR #4164 - Routine deployment. Dependency updates.,COMPLETED,canary
DEP-19d5d23a,2026-07-01T22:00:00,database-migration-service,50e855e14ea64820b632ed06a6aa12b4,dev_59@enterprise.com,Deploy database-migration-service v4.0.3,PR #4794 - Routine deployment. Dependency updates.,COMPLETED,canary
DEP-6b6fe6b2,2026-07-01T23:00:00,recommendation-engine,f0b507e260194ec8a50ba52dae0116b4,dev_75@enterprise.com,Launch Summer Promo ML Model,PR #10211 - Integrating new promotional rules for NA summer campaign.,COMPLETED,production-na
DEP-b365c2bb,2026-07-02T04:00:00,recommendation-engine,ab6ab6e89c854e2581593d2e61ced332,dev_70@enterprise.com,Launch Summer Promo ML Model,PR #10211 - Integrating new promotional rules for NA summer campaign.,COMPLETED,production-na
DEP-34830aa0,2026-07-02T06:00:00,payment-gateway-service,a56d7c94326a4501a855aa74cdfc1247,dev_40@enterprise.com,Deploy payment-gateway-service v3.2.4,PR #2416 - Routine deployment. Dependency updates.,FAILED,staging
DEP-50503738,2026-07-02T08:00:00,user-auth-service,5d85aebae6014d1790ab8b22ef936ee1,dev_69@enterprise.com,Deploy user-auth-service v7.7.1,PR #6108 - Routine deployment. Dependency updates.,COMPLETED,staging
DEP-4988f1a4,2026-07-02T11:00:00,recommendation-engine,690b135a5c774097bfa96d03a3e4101a,dev_100@enterprise.com,Launch Summer Promo ML Model,PR #10211 - Integrating new promotional rules for NA summer campaign.,COMPLETED,production-na
DEP-2123ad6f,2026-07-02T16:00:00,notification-service,682a68fe0ef14940b5555497e113a1bb,dev_30@enterprise.com,Deploy notification-service v7.4.9,PR #6170 - Routine deployment. Dependency updates.,COMPLETED,production-latam
DEP-6cfeb854,2026-07-02T19:00:00,cart-microservice,518f442cdb9044699e996c48d7945260,dev_24@enterprise.com,Deploy cart-microservice v6.4.8,PR #7871 - Routine deployment. Dependency updates.,FAILED,production-apac
DEP-1d9c55ef,2026-07-02T20:00:00,database-migration-service,b939345a802541e487a74322f3821926,dev_9@enterprise.com,Deploy database-migration-service v3.7.0,PR #6422 - Routine deployment. Dependency updates.,COMPLETED,production-apac
DEP-9ca1a2b3,2026-07-03T05:00:00,order-fulfillment-service,7aefdf24b3b94959a4dbf9389bf1b9cd,dev_64@enterprise.com,Deploy order-fulfillment-service v7.7.7,PR #5218 - Routine deployment. Dependency updates.,COMPLETED,staging
DEP-4ac986d2,2026-07-03T06:00:00,recommendation-engine,7fee12eefd934896b67559f8736754dd,dev_62@enterprise.com,Launch Summer Promo ML Model,PR #10211 - Integrating new promotional rules for NA summer campaign.,COMPLETED,production-na
DEP-5f10bf9e,2026-07-03T08:00:00,recommendation-engine,ff184446cd874ca88be0ac45fe9f51c8,dev_88@enterprise.com,Launch Summer Promo ML Model,PR #10211 - Integrating new promotional rules for NA summer campaign.,COMPLETED,production-na
DEP-b23f7554,2026-07-03T11:00:00,cdn-edge-service,e05facfadfe74ecc9214cce3c2f423f4,dev_75@enterprise.com,Deploy cdn-edge-service v4.0.2,PR #9494 - Routine deployment. Dependency updates.,COMPLETED,production-na
DEP-d96559df,2026-07-03T11:00:00,recommendation-engine,9088d8dd486e404e8f0309ee3bdac4c9,dev_49@enterprise.com,Launch Summer Promo ML Model,PR #10211 - Integrating new promotional rules for NA summer campaign.,COMPLETED,production-na
DEP-a4d747d4,2026-07-03T13:00:00,recommendation-engine,1bae7e1c17f74b61bcba99938dd384c2,dev_60@enterprise.com,Launch Summer Promo ML Model,PR #10211 - Integrating new promotional rules for NA summer campaign.,ROLLED_BACK,production-na
DEP-488ea4d1,2026-07-03T14:00:00,user-auth-service,1bd6cbd3ec0847aaabf5400cb0579483,dev_39@enterprise.com,Deploy user-auth-service v5.1.6,PR #2519 - Routine deployment. Dependency updates.,FAILED,production-na
DEP-dc942ebd,2026-07-03T14:00:00,order-fulfillment-service,abfe3114cac6419686b9368f7338ba94,dev_94@enterprise.com,Deploy order-fulfillment-service v3.4.6,PR #6330 - Routine deployment. Dependency updates.,COMPLETED,production-emea
DEP-6665f9a2,2026-07-03T14:00:00,recommendation-engine,95880421479e499bb63abd8fec2c0fa8,dev_78@enterprise.com,Deploy recommendation-engine v2.6.7,PR #6473 - Routine deployment. Dependency updates.,COMPLETED,production-na
DEP-c0fa60a4,2026-07-03T20:00:00,recommendation-engine,4ea1e8e207264c0b9ac468dafecca843,dev_19@enterprise.com,Launch Summer Promo ML Model,PR #10211 - Integrating new promotional rules for NA summer campaign.,FAILED,production-na
DEP-53642c21,2026-07-03T21:00:00,recommendation-engine,b31a387502c04bb6a36c684c0c50751c,dev_30@enterprise.com,Launch Summer Promo ML Model,PR #10211 - Integrating new promotional rules for NA summer campaign.,COMPLETED,production-na
DEP-1915a7e9,2026-07-04T00:00:00,cart-microservice,b8a1652a4f334bea83b057ad4cd0d56b,dev_73@enterprise.com,Deploy cart-microservice v2.7.6,PR #2885 - Routine deployment. Dependency updates.,COMPLETED,staging
DEP-b8dc851d,2026-07-04T05:00:00,recommendation-engine,f4ed1b2e5b9f4308be66cf6237c56704,dev_42@enterprise.com,Launch Summer Promo ML Model,PR #10211 - Integrating new promotional rules for NA summer campaign.,COMPLETED,production-na
DEP-f83b2f91,2026-07-04T06:00:00,database-migration-service,b038e95684eb4a039640528643a3bcf5,dev_56@enterprise.com,Deploy database-migration-service v5.4.1,PR #4852 - Routine deployment. Dependency updates.,COMPLETED,production-eu
DEP-5299b658,2026-07-04T09:00:00,inventory-service,7868a98fa6b14063b8f82827d79a0fac,dev_36@enterprise.com,Deploy inventory-service v3.7.2,PR #8263 - Routine deployment. Dependency updates.,COMPLETED,production-eu
DEP-c01542b0,2026-07-04T15:00:00,recommendation-engine,068e6b905f684758a58778d9af531ed0,dev_14@enterprise.com,Launch Summer Promo ML Model,PR #10211 - Integrating new promotional rules for NA summer campaign.,COMPLETED,production-na
DEP-a773145a,2026-07-04T16:00:00,recommendation-engine,a625aeb9e5b94170a7dd2d851286f522,dev_58@enterprise.com,Launch Summer Promo ML Model,PR #10211 - Integrating new promotional rules for NA summer campaign.,COMPLETED,production-na
DEP-9160ce3a,2026-07-04T16:00:00,recommendation-engine,0262f6533161422f9d170de920ee68da,dev_77@enterprise.com,Launch Summer Promo ML Model,PR #10211 - Integrating new promotional rules for NA summer campaign.,ROLLED_BACK,production-na
DEP-3698c9ce,2026-07-04T19:00:00,recommendation-engine,71d74fc927304abca2eb4b79c7211b60,dev_13@enterprise.com,Launch Summer Promo ML Model,PR #10211 - Integrating new promotional rules for NA summer campaign.,COMPLETED,production-na
DEP-843d70d8,2026-07-04T19:00:00,recommendation-engine,92acb32872204c26b250ce8180b81522,dev_46@enterprise.com,Launch Summer Promo ML Model,PR #10211 - Integrating new promotional rules for NA summer campaign.,COMPLETED,production-na
DEP-2cc92c59,2026-07-04T23:00:00,recommendation-engine,ff193e7b2387411ba1d278fa9416e9d9,dev_72@enterprise.com,Launch Summer Promo ML Model,PR #10211 - Integrating new promotional rules for NA summer campaign.,COMPLETED,production-na
DEP-45cb969c,2026-07-05T02:00:00,user-auth-service,70e1d88948ac4e63aebe24749e8c3e26,dev_31@enterprise.com,Deploy user-auth-service v4.3.6,PR #5060 - Routine deployment. Dependency updates.,COMPLETED,production-emea
DEP-94516be4,2026-07-05T10:00:00,recommendation-engine,b217d48bcdfb4162a0346be88f60e09a,dev_24@enterprise.com,Launch Summer Promo ML Model,PR #10211 - Integrating new promotional rules for NA summer campaign.,COMPLETED,production-na
DEP-b5e8e7f1,2026-07-05T10:00:00,recommendation-engine,41c50cf8186f402ba20609bc2cd34fc5,dev_11@enterprise.com,Launch Summer Promo ML Model,PR #10211 - Integrating new promotional rules for NA summer campaign.,COMPLETED,production-na
DEP-a317e52d,2026-07-05T11:00:00,recommendation-engine,0c5bab23d73048d4b2aabd92fc51b933,dev_76@enterprise.com,Launch Summer Promo ML Model,PR #10211 - Integrating new promotional rules for NA summer campaign.,COMPLETED,production-na
DEP-04522473,2026-07-05T13:00:00,recommendation-engine,5e1d536b6456470c8a76b63ae37dcd6a,dev_32@enterprise.com,Launch Summer Promo ML Model,PR #10211 - Integrating new promotional rules for NA summer campaign.,COMPLETED,production-na
DEP-3cc9cae5,2026-07-05T14:00:00,inventory-service,7548b0c81504495798fd9efc4c89b9a0,dev_5@enterprise.com,Deploy inventory-service v1.9.1,PR #1623 - Routine deployment. Dependency updates.,COMPLETED,canary
DEP-8195509c,2026-07-05T14:00:00,recommendation-engine,fd1280bd16f849dda94c56615f6dd52e,dev_94@enterprise.com,Launch Summer Promo ML Model,PR #10211 - Integrating new promotional rules for NA summer campaign.,COMPLETED,production-na
DEP-0de9f34a,2026-07-05T16:00:00,notification-service,d363dd94097f4766bc5e798c17ac58da,dev_64@enterprise.com,Deploy notification-service v5.2.4,PR #8710 - Routine deployment. Dependency updates.,COMPLETED,production-latam
DEP-94f97aab,2026-07-06T01:00:00,order-fulfillment-service,412ee8ba299643869d8a116361d5d2f3,dev_47@enterprise.com,Deploy order-fulfillment-service v6.6.0,PR #9068 - Routine deployment. Dependency updates.,COMPLETED,staging
DEP-638fbe53,2026-07-06T06:00:00,inventory-service,1b5db306b26549cd87dcca3274fa8b39,dev_92@enterprise.com,Deploy inventory-service v6.9.0,PR #1355 - Routine deployment. Dependency updates.,COMPLETED,staging
DEP-9f8e8575,2026-07-06T08:00:00,recommendation-engine,b92d89d08e0848a385886ce44719f25f,dev_78@enterprise.com,Launch Summer Promo ML Model,PR #10211 - Integrating new promotional rules for NA summer campaign.,COMPLETED,production-na
DEP-76afad9e,2026-07-06T09:00:00,api-gateway,03658c27415f49829819db1bcdb02d1c,dev_14@enterprise.com,Deploy api-gateway v5.1.6,PR #9434 - Routine deployment. Dependency updates.,COMPLETED,production-emea
DEP-78f0aff5,2026-07-06T19:00:00,recommendation-engine,6b5842a08381420091ead99c6ceea3bc,dev_74@enterprise.com,Launch Summer Promo ML Model,PR #10211 - Integrating new promotional rules for NA summer campaign.,COMPLETED,production-na
DEP-a3420a43,2026-07-07T00:00:00,recommendation-engine,42f94296e8864bd6ad7fe0fb6d6b0dc8,dev_72@enterprise.com,Launch Summer Promo ML Model,PR #10211 - Integrating new promotional rules for NA summer campaign.,COMPLETED,production-na
DEP-73ff0740,2026-07-07T02:00:00,cart-microservice,f5f8650835354dffa955c778442457fa,dev_36@enterprise.com,Deploy cart-microservice v4.3.0,PR #3238 - Routine deployment. Dependency updates.,FAILED,staging
DEP-bf4a3831,2026-07-07T05:00:00,recommendation-engine,fc8cfd89888c4e8496dc14ce1b5381d8,dev_75@enterprise.com,Launch Summer Promo ML Model,PR #10211 - Integrating new promotional rules for NA summer campaign.,COMPLETED,production-na
DEP-03ab89e8,2026-07-07T05:00:00,inventory-service,a551d222d21f4a5d8313519f75ce3d24,dev_5@enterprise.com,Deploy inventory-service v7.5.8,PR #9412 - Routine deployment. Dependency updates.,COMPLETED,staging
DEP-7d7c7135,2026-07-07T08:00:00,database-migration-service,7f7706facfab4282a6342c61225020a1,dev_13@enterprise.com,Deploy database-migration-service v10.8.2,PR #5312 - Routine deployment. Dependency updates.,COMPLETED,canary
DEP-10bb0d26,2026-07-07T10:00:00,api-gateway,3e28a3f6614847be9613369a830ac6df,dev_41@enterprise.com,Deploy api-gateway v1.8.0,PR #7039 - Routine deployment. Dependency updates.,COMPLETED,production-emea
DEP-480477de,2026-07-07T12:00:00,recommendation-engine,943eb1e0ca784f5090261023d8397083,dev_10@enterprise.com,Launch Summer Promo ML Model,PR #10211 - Integrating new promotional rules for NA summer campaign.,COMPLETED,production-na
DEP-2e893e3e,2026-07-07T14:00:00,checkout-auth-service,2e7818b7a8174d95ac4f31ae280f7666,dev_73@enterprise.com,Deploy checkout-auth-service v9.2.6,PR #2337 - Routine deployment. Dependency updates.,COMPLETED,production-latam
DEP-2f2a4eb1,2026-07-07T15:00:00,notification-service,7538e0ae8fa244bf8313a9495e78e018,dev_33@enterprise.com,Deploy notification-service v6.4.5,PR #9400 - Routine deployment. Dependency updates.,COMPLETED,production-emea
DEP-bf191224,2026-07-07T15:00:00,api-gateway,b91ec68eb9f04bb3857f12a1262bbcd8,dev_93@enterprise.com,Deploy api-gateway v8.5.4,PR #4959 - Routine deployment. Dependency updates.,COMPLETED,production-emea
DEP-f913bb38,2026-07-07T16:00:00,recommendation-engine,9a28fd31948c4c999da663cb834aac3c,dev_7@enterprise.com,Launch Summer Promo ML Model,PR #10211 - Integrating new promotional rules for NA summer campaign.,COMPLETED,production-na
DEP-1ceac56d,2026-07-07T20:00:00,order-fulfillment-service,865b5d834dc94746aefa1bc73553e74f,dev_29@enterprise.com,Deploy order-fulfillment-service v8.9.2,PR #4771 - Routine deployment. Dependency updates.,ROLLED_BACK,production-na
DEP-5f8ba177,2026-07-07T21:00:00,api-gateway,7cd1ee29b2514a87af63780ed9ed3adf,dev_52@enterprise.com,Deploy api-gateway v10.4.3,PR #1009 - Routine deployment. Dependency updates.,FAILED,production-eu
DEP-c6f824f1,2026-07-07T21:00:00,database-migration-service,f3d6161425a1469992b79cbef4eac6c0,dev_60@enterprise.com,Deploy database-migration-service v4.6.2,PR #1295 - Routine deployment. Dependency updates.,COMPLETED,staging
DEP-c5313223,2026-07-07T22:00:00,recommendation-engine,80288350b868431bbce322bbda57737e,dev_1@enterprise.com,Launch Summer Promo ML Model,PR #10211 - Integrating new promotional rules for NA summer campaign.,ROLLED_BACK,production-na
DEP-634be4e9,2026-07-08T08:00:00,payment-gateway-service,12fbde7574d1459fb4324c6d54a99b21,dev_32@enterprise.com,Deploy payment-gateway-service v6.3.2,PR #9946 - Routine deployment. Dependency updates.,COMPLETED,production-emea
DEP-dacec372,2026-07-08T10:00:00,notification-service,cf089a6c32a14da79ff15b1ea03558a2,dev_27@enterprise.com,Deploy notification-service v3.5.5,PR #1046 - Routine deployment. Dependency updates.,COMPLETED,production-emea
DEP-80ca1fb4,2026-07-08T16:00:00,recommendation-engine,c1fbf674eca74046a0645a1fbd44d206,dev_98@enterprise.com,Launch Summer Promo ML Model,PR #10211 - Integrating new promotional rules for NA summer campaign.,COMPLETED,production-na
DEP-118ec9b6,2026-07-08T18:00:00,recommendation-engine,d0449a8835784cec900535441b9be55b,dev_13@enterprise.com,Launch Summer Promo ML Model,PR #10211 - Integrating new promotional rules for NA summer campaign.,COMPLETED,production-na
DEP-e43523f3,2026-07-09T06:00:00,user-auth-service,23a82728daf04fffbc13c9cc399c5810,dev_57@enterprise.com,Deploy user-auth-service v5.6.0,PR #8378 - Routine deployment. Dependency updates.,COMPLETED,production-eu
DEP-ec13e9b7,2026-07-09T13:00:00,recommendation-engine,d2b823a47c13436ab0edd53621a51c40,dev_29@enterprise.com,Launch Summer Promo ML Model,PR #10211 - Integrating new promotional rules for NA summer campaign.,COMPLETED,production-na
DEP-510c6e08,2026-07-09T20:00:00,order-fulfillment-service,55c9c31c5aa244dd94fdc2358de42360,dev_70@enterprise.com,Deploy order-fulfillment-service v10.7.9,PR #5866 - Routine deployment. Dependency updates.,COMPLETED,staging
DEP-0d08d047,2026-07-10T00:00:00,api-gateway,6c2875ff1538417f92d36a984b703fd0,dev_50@enterprise.com,Deploy api-gateway v10.5.5,PR #3426 - Routine deployment. Dependency updates.,COMPLETED,production-emea
DEP-8b652d99,2026-07-10T04:00:00,api-gateway,cffa8d3dd7854b6fbca2737e43088e6d,dev_55@enterprise.com,Deploy api-gateway v2.0.9,PR #7895 - Routine deployment. Dependency updates.,COMPLETED,canary
DEP-ac12b5ce,2026-07-10T06:00:00,recommendation-engine,628071b6e1ce41e49b0570644a4803ef,dev_10@enterprise.com,Launch Summer Promo ML Model,PR #10211 - Integrating new promotional rules for NA summer campaign.,COMPLETED,production-na
DEP-b6b6e1ff,2026-07-10T07:00:00,database-migration-service,78a0d5956deb43698cc6bb0d7a3372c5,dev_55@enterprise.com,Deploy database-migration-service v9.1.8,PR #3833 - Routine deployment. Dependency updates.,COMPLETED,production-na
DEP-ba7c0943,2026-07-10T07:00:00,recommendation-engine,a57237e6b6f34c15921966d763d1d47b,dev_58@enterprise.com,Launch Summer Promo ML Model,PR #10211 - Integrating new promotional rules for NA summer campaign.,COMPLETED,production-na
DEP-f2fd5f7a,2026-07-10T13:00:00,recommendation-engine,471541d63abe47f0897ae463f2371296,dev_95@enterprise.com,Launch Summer Promo ML Model,PR #10211 - Integrating new promotional rules for NA summer campaign.,COMPLETED,production-na
DEP-3b922edf,2026-07-10T19:00:00,api-gateway,1f6d6f8bf2bf40e3868c807b4d29dadf,dev_32@enterprise.com,Deploy api-gateway v6.3.6,PR #6927 - Routine deployment. Dependency updates.,COMPLETED,staging
DEP-419a0696,2026-07-10T22:00:00,api-gateway,f616e5a170424074a8562fcf25f12b63,dev_80@enterprise.com,Deploy api-gateway v4.7.7,PR #2347 - Routine deployment. Dependency updates.,COMPLETED,production-eu
DEP-15a79498,2026-07-11T00:00:00,search-service,62acd00a5ac14c6fa137de52f7aea136,dev_63@enterprise.com,Deploy search-service v3.1.9,PR #5298 - Routine deployment. Dependency updates.,COMPLETED,production-apac
DEP-99a552d3,2026-07-11T02:00:00,cart-microservice,0ceb4efdaf014f18add95c9b503f6568,dev_44@enterprise.com,Deploy cart-microservice v2.0.2,PR #3933 - Routine deployment. Dependency updates.,COMPLETED,staging
DEP-069888c8,2026-07-11T07:00:00,cart-microservice,2895d2a45fc94f89ba497cfb9d96d46e,dev_6@enterprise.com,Deploy cart-microservice v5.6.9,PR #9307 - Routine deployment. Dependency updates.,COMPLETED,production-latam
DEP-3103bcac,2026-07-11T21:00:00,cdn-edge-service,34a2f4e4254448d38931f985e59d0004,dev_68@enterprise.com,Deploy cdn-edge-service v1.6.2,PR #4250 - Routine deployment. Dependency updates.,ROLLED_BACK,production-eu
DEP-5f8ebf7c,2026-07-12T00:00:00,recommendation-engine,4689912e4a754de6857ff7283f9ff1fa,dev_55@enterprise.com,Launch Summer Promo ML Model,PR #10211 - Integrating new promotional rules for NA summer campaign.,COMPLETED,production-na
DEP-615b6969,2026-07-12T04:00:00,order-fulfillment-service,d74cb161632d46f3a5875f90a304e821,dev_88@enterprise.com,Deploy order-fulfillment-service v3.4.7,PR #9095 - Routine deployment. Dependency updates.,COMPLETED,production-apac
DEP-5b31298c,2026-07-12T20:00:00,recommendation-engine,80adc97e11c646e8aed01f68350a4820,dev_23@enterprise.com,Launch Summer Promo ML Model,PR #10211 - Integrating new promotional rules for NA summer campaign.,COMPLETED,production-na
DEP-06bb3cc9,2026-07-13T00:00:00,recommendation-engine,71957e7dc79541c3a7e000de9cf5716a,dev_13@enterprise.com,Launch Summer Promo ML Model,PR #10211 - Integrating new promotional rules for NA summer campaign.,COMPLETED,production-na
DEP-3882c9c1,2026-07-13T01:00:00,recommendation-engine,57fe2186391e4beda60b20f1857e2494,dev_45@enterprise.com,Launch Summer Promo ML Model,PR #10211 - Integrating new promotional rules for NA summer campaign.,COMPLETED,production-na
DEP-090e0a17,2026-07-13T03:00:00,cdn-edge-service,ce776fbf706e43cfb84b873c5ffea201,dev_4@enterprise.com,Deploy cdn-edge-service v5.7.6,PR #6746 - Routine deployment. Dependency updates.,ROLLED_BACK,production-apac
DEP-9bb768f8,2026-07-13T04:00:00,recommendation-engine,f227ded879444dcf8438614775eaf13c,dev_59@enterprise.com,Launch Summer Promo ML Model,PR #10211 - Integrating new promotional rules for NA summer campaign.,COMPLETED,production-na
DEP-9c357a41,2026-07-13T06:00:00,user-auth-service,b9c8c027e9824cecbcf0dbe23fd34d9d,dev_91@enterprise.com,Deploy user-auth-service v3.8.9,PR #1926 - Routine deployment. Dependency updates.,COMPLETED,production-eu
DEP-9380571a,2026-07-13T08:00:00,recommendation-engine,91aaca11bafe4b0c9b005fcd27d516ba,dev_65@enterprise.com,Launch Summer Promo ML Model,PR #10211 - Integrating new promotional rules for NA summer campaign.,COMPLETED,production-na
DEP-1df41e85,2026-07-13T09:00:00,database-migration-service,24e74dde2ed24819a970d6451566cf6c,dev_39@enterprise.com,Deploy database-migration-service v7.8.5,PR #8070 - Routine deployment. Dependency updates.,COMPLETED,production-apac
DEP-06acf7d5,2026-07-13T11:00:00,user-auth-service,9643ba9de71747df869d9bd9358e0c01,dev_77@enterprise.com,Deploy user-auth-service v7.0.8,PR #7898 - Routine deployment. Dependency updates.,COMPLETED,production-na
DEP-ad7d8490,2026-07-13T16:00:00,order-fulfillment-service,e8bacec36dc743c495d18baf3d48bef3,dev_62@enterprise.com,Deploy order-fulfillment-service v9.3.4,PR #6496 - Routine deployment. Dependency updates.,COMPLETED,production-latam
DEP-08a8f293,2026-07-13T18:00:00,cdn-edge-service,1e0ef5a9b40947b28d7f6ebc05920cdb,dev_27@enterprise.com,Deploy cdn-edge-service v2.2.0,PR #5423 - Routine deployment. Dependency updates.,COMPLETED,production-apac
DEP-3069d3dc,2026-07-13T21:00:00,api-gateway,3f19b978eb3f49c08ebc72b01cc93bb6,dev_64@enterprise.com,Deploy api-gateway v9.6.0,PR #1458 - Routine deployment. Dependency updates.,COMPLETED,production-latam
DEP-4a1f5890,2026-07-13T22:00:00,recommendation-engine,d1d79515b521455baca48b18e63b3059,dev_57@enterprise.com,Launch Summer Promo ML Model,PR #10211 - Integrating new promotional rules for NA summer campaign.,COMPLETED,production-na
DEP-cd31fbf3,2026-07-13T23:00:00,database-migration-service,5e29a8f029c941aba7d35f332b88a6dd,dev_19@enterprise.com,Deploy database-migration-service v10.2.2,PR #1792 - Routine deployment. Dependency updates.,COMPLETED,production-emea
DEP-64f255a7,2026-07-13T23:00:00,recommendation-engine,7e1afabba0f545ca921e702a54e8c03c,dev_92@enterprise.com,Launch Summer Promo ML Model,PR #10211 - Integrating new promotional rules for NA summer campaign.,ROLLED_BACK,production-na
DEP-dbde91c7,2026-07-14T00:00:00,database-migration-service,bbe0fa3194544fef8e61f3085de339eb,dev_29@enterprise.com,Deploy database-migration-service v5.4.8,PR #2719 - Routine deployment. Dependency updates.,COMPLETED,production-latam
DEP-daedff0e,2026-07-14T03:00:00,payment-gateway-service,b27aedac909946d2b63c660b030c9d29,dev_38@enterprise.com,Deploy payment-gateway-service v2.3.2,PR #6476 - Routine deployment. Dependency updates.,COMPLETED,production-na
DEP-d32d7c3a,2026-07-14T08:00:00,recommendation-engine,d307f1a5d9494b1da7b13e9bebe2fa83,dev_65@enterprise.com,Launch Summer Promo ML Model,PR #10211 - Integrating new promotional rules for NA summer campaign.,COMPLETED,production-na
DEP-cfb21708,2026-07-14T20:00:00,recommendation-engine,b1e0a306e33d453e8d098194eac148d1,dev_90@enterprise.com,Launch Summer Promo ML Model,PR #10211 - Integrating new promotional rules for NA summer campaign.,COMPLETED,production-na
DEP-88956e40,2026-07-14T22:00:00,recommendation-engine,1b805a31252c4b838ec9fc7aeab98713,dev_79@enterprise.com,Launch Summer Promo ML Model,PR #10211 - Integrating new promotional rules for NA summer campaign.,COMPLETED,production-na
DEP-ac52510f,2026-07-15T02:00:00,cdn-edge-service,c50483129f654e32a3e95d13c545a4f2,dev_58@enterprise.com,Deploy new CDN routing rules,PR #8821 - Optimizing DNS resolution for EU edge nodes.,FAILED,production-eu
DEP-b26cc80d,2026-07-15T05:00:00,cdn-edge-service,75dc67b8829c468e8c3705be5772aeb6,dev_67@enterprise.com,Deploy new CDN routing rules,PR #8821 - Optimizing DNS resolution for EU edge nodes.,ROLLED_BACK,production-eu
DEP-d7ec6ff6,2026-07-15T07:00:00,inventory-service,b2882c02d76647a2a311bd03053fc3cc,dev_12@enterprise.com,Deploy inventory-service v2.4.0,PR #3428 - Routine deployment. Dependency updates.,COMPLETED,production-apac
DEP-5fb0f079,2026-07-15T09:00:00,cdn-edge-service,7ddbd070372a4b948eeef37897b99c5b,dev_41@enterprise.com,Deploy new CDN routing rules,PR #8821 - Optimizing DNS resolution for EU edge nodes.,FAILED,production-eu
DEP-59f866f3,2026-07-15T11:00:00,notification-service,8fb261fd5bbf4c0792060a8a8824dd2f,dev_65@enterprise.com,Deploy notification-service v4.0.3,PR #3205 - Routine deployment. Dependency updates.,COMPLETED,staging
DEP-39c3c116,2026-07-15T14:00:00,cdn-edge-service,48b7a7921d644211a613859678d46c50,dev_57@enterprise.com,Deploy new CDN routing rules,PR #8821 - Optimizing DNS resolution for EU edge nodes.,ROLLED_BACK,production-eu
DEP-b8cba67d,2026-07-15T19:00:00,cart-microservice,ffe4c13196a54a418f54f1da4cc1deb8,dev_35@enterprise.com,Deploy cart-microservice v4.8.9,PR #8093 - Routine deployment. Dependency updates.,COMPLETED,staging
DEP-20e246d9,2026-07-15T23:00:00,cdn-edge-service,95b19ebe8e714447ba3c90f1d61f1e63,dev_11@enterprise.com,Deploy new CDN routing rules,PR #8821 - Optimizing DNS resolution for EU edge nodes.,ROLLED_BACK,production-eu
DEP-7fd11b3a,2026-07-16T03:00:00,notification-service,f09948a6a54c4688a1220e3108a91f49,dev_33@enterprise.com,Deploy notification-service v3.2.1,PR #4825 - Routine deployment. Dependency updates.,FAILED,staging
DEP-a539c419,2026-07-16T06:00:00,cdn-edge-service,91d8490663d941409db20e6ab784a7b9,dev_9@enterprise.com,Deploy new CDN routing rules,PR #8821 - Optimizing DNS resolution for EU edge nodes.,ROLLED_BACK,production-eu
DEP-725724da,2026-07-16T07:00:00,cdn-edge-service,54b0f187f99449a68a650ed3bb343140,dev_39@enterprise.com,Deploy new CDN routing rules,PR #8821 - Optimizing DNS resolution for EU edge nodes.,FAILED,production-eu
DEP-963859ee,2026-07-16T10:00:00,order-fulfillment-service,a31bae1730664c788e6495ce9786b236,dev_77@enterprise.com,Deploy order-fulfillment-service v2.3.4,PR #8872 - Routine deployment. Dependency updates.,COMPLETED,production-apac
DEP-3c5a96a0,2026-07-16T13:00:00,cdn-edge-service,f2cdb36beb9a475a8a7cd355e308dba1,dev_66@enterprise.com,Deploy new CDN routing rules,PR #8821 - Optimizing DNS resolution for EU edge nodes.,FAILED,production-eu
DEP-781028cb,2026-07-16T19:00:00,user-auth-service,1bebb8da08ec46c3bccee7606dc8e815,dev_100@enterprise.com,Deploy user-auth-service v6.7.9,PR #2053 - Routine deployment. Dependency updates.,COMPLETED,production-emea
DEP-adde9b05,2026-07-17T00:00:00,api-gateway,d1db8627872346f98dd43885e3aa94f4,dev_70@enterprise.com,Deploy api-gateway v4.1.9,PR #1601 - Routine deployment. Dependency updates.,ROLLED_BACK,canary
DEP-78df9937,2026-07-17T04:00:00,order-fulfillment-service,f70436ac4dc040dcb0d9bcbcd1a89454,dev_91@enterprise.com,Deploy order-fulfillment-service v6.2.4,PR #2582 - Routine deployment. Dependency updates.,FAILED,production-apac
DEP-a1e09fed,2026-07-17T10:00:00,cdn-edge-service,3e1df88aa91746f78f8ed795670ea014,dev_6@enterprise.com,Deploy cdn-edge-service v3.9.6,PR #9702 - Routine deployment. Dependency updates.,COMPLETED,production-latam
DEP-02b18547,2026-07-17T12:00:00,cdn-edge-service,4ad75a7ad07d4989b5b1ab74b699233a,dev_21@enterprise.com,Deploy new CDN routing rules,PR #8821 - Optimizing DNS resolution for EU edge nodes.,ROLLED_BACK,production-eu
DEP-7395958c,2026-07-17T13:00:00,recommendation-engine,27050525245a47f086f8aac9f7b90cf8,dev_83@enterprise.com,Deploy recommendation-engine v3.7.4,PR #1849 - Routine deployment. Dependency updates.,COMPLETED,staging
DEP-0b845fd0,2026-07-17T21:00:00,cdn-edge-service,c0e5b67b18b84f17a440b67c01b79c83,dev_23@enterprise.com,Deploy cdn-edge-service v2.1.3,PR #8701 - Routine deployment. Dependency updates.,ROLLED_BACK,staging
DEP-35c46560,2026-07-17T23:00:00,cdn-edge-service,4e25c655e3b94479805a9dce6502a62d,dev_71@enterprise.com,Deploy new CDN routing rules,PR #8821 - Optimizing DNS resolution for EU edge nodes.,FAILED,production-eu
DEP-e33e66e1,2026-07-17T23:00:00,user-auth-service,0017bf8a3d714030a0473a05e1e1a504,dev_86@enterprise.com,Deploy user-auth-service v8.4.4,PR #3551 - Routine deployment. Dependency updates.,ROLLED_BACK,production-na
DEP-b5188a25,2026-07-18T00:00:00,cdn-edge-service,b0e04fe3b8814f4f895cc9a66d3001a0,dev_2@enterprise.com,Deploy new CDN routing rules,PR #8821 - Optimizing DNS resolution for EU edge nodes.,ROLLED_BACK,production-eu
DEP-6e323428,2026-07-18T00:00:00,user-auth-service,e9409d638a0742dc95693b258796e7af,dev_32@enterprise.com,Deploy user-auth-service v3.6.5,PR #8610 - Routine deployment. Dependency updates.,FAILED,production-eu
DEP-1e3d947a,2026-07-18T01:00:00,payment-gateway-service,0c49267690bb4ed79eb2c8cee59dbcb9,dev_40@enterprise.com,Deploy payment-gateway-service v9.1.2,PR #2296 - Routine deployment. Dependency updates.,COMPLETED,production-apac
DEP-97def324,2026-07-18T03:00:00,inventory-service,e85b9881b41c48fd97f5fed559e86141,dev_43@enterprise.com,Deploy inventory-service v7.0.1,PR #6661 - Routine deployment. Dependency updates.,COMPLETED,production-na
DEP-51bde11c,2026-07-18T04:00:00,cdn-edge-service,95f136a563044631883dba843381b5c6,dev_68@enterprise.com,Deploy new CDN routing rules,PR #8821 - Optimizing DNS resolution for EU edge nodes.,FAILED,production-eu
DEP-24e63964,2026-07-18T08:00:00,order-fulfillment-service,7f127ef6ab214970bb10b1956840827d,dev_67@enterprise.com,Deploy order-fulfillment-service v6.4.5,PR #2072 - Routine deployment. Dependency updates.,FAILED,production-eu
DEP-2a5e3bde,2026-07-18T08:00:00,search-service,4f97a12254404503bf20d5775541ab7f,dev_28@enterprise.com,Deploy search-service v9.9.4,PR #4688 - Routine deployment. Dependency updates.,COMPLETED,production-apac
DEP-ef17063b,2026-07-18T08:00:00,cdn-edge-service,5f6157f05cd0431bae59bcb137bb89db,dev_99@enterprise.com,Deploy new CDN routing rules,PR #8821 - Optimizing DNS resolution for EU edge nodes.,ROLLED_BACK,production-eu
DEP-8f7097b3,2026-07-18T09:00:00,cdn-edge-service,95cf307a967441caac3141a2bd3dc38c,dev_33@enterprise.com,Deploy new CDN routing rules,PR #8821 - Optimizing DNS resolution for EU edge nodes.,ROLLED_BACK,production-eu
DEP-d283fb08,2026-07-18T17:00:00,cdn-edge-service,8d03c7a4b9fc42c2b4903b3747acc72f,dev_84@enterprise.com,Deploy new CDN routing rules,PR #8821 - Optimizing DNS resolution for EU edge nodes.,FAILED,production-eu
DEP-819ca670,2026-07-18T18:00:00,cdn-edge-service,99a60735ba534594bac6d4f97d37319d,dev_36@enterprise.com,Deploy new CDN routing rules,PR #8821 - Optimizing DNS resolution for EU edge nodes.,ROLLED_BACK,production-eu
DEP-7ff687b2,2026-07-18T19:00:00,inventory-service,c4ca474798814cd2a870080c1fe7931e,dev_99@enterprise.com,Deploy inventory-service v6.7.1,PR #4559 - Routine deployment. Dependency updates.,COMPLETED,production-eu
DEP-24cf8721,2026-07-18T21:00:00,cdn-edge-service,e3e33ef0d2814d429f3592a19fb2f475,dev_47@enterprise.com,Deploy new CDN routing rules,PR #8821 - Optimizing DNS resolution for EU edge nodes.,ROLLED_BACK,production-eu
DEP-98d85e73,2026-07-18T22:00:00,cdn-edge-service,7f06d91f5687469e9fba591789bc8f17,dev_57@enterprise.com,Deploy new CDN routing rules,PR #8821 - Optimizing DNS resolution for EU edge nodes.,FAILED,production-eu
DEP-5d958c48,2026-07-18T23:00:00,notification-service,c8c281f03eb84b008745e5a86088fe01,dev_2@enterprise.com,Deploy notification-service v4.0.7,PR #5956 - Routine deployment. Dependency updates.,COMPLETED,production-apac
DEP-35611efc,2026-07-19T01:00:00,inventory-service,0aa95da2e5864f2da5606275dabdb431,dev_95@enterprise.com,Deploy inventory-service v5.2.5,PR #4684 - Routine deployment. Dependency updates.,COMPLETED,production-latam
DEP-fb7bdd74,2026-07-19T06:00:00,order-fulfillment-service,d15ba3831e1240be983a09b6a41126ec,dev_82@enterprise.com,Deploy order-fulfillment-service v2.0.7,PR #3862 - Routine deployment. Dependency updates.,ROLLED_BACK,staging
DEP-88479fe3,2026-07-19T09:00:00,cdn-edge-service,aac4bfdea9404c4f9a3e9b80a1679bdb,dev_27@enterprise.com,Deploy new CDN routing rules,PR #8821 - Optimizing DNS resolution for EU edge nodes.,FAILED,production-eu
DEP-fcf082a6,2026-07-19T11:00:00,search-service,859006a5a21d4ab28d3361f51ad62535,dev_75@enterprise.com,Deploy search-service v10.2.3,PR #4417 - Routine deployment. Dependency updates.,COMPLETED,production-eu
DEP-16bf92a6,2026-07-19T12:00:00,cdn-edge-service,aa2e12217bcb4e349d367592637c5281,dev_5@enterprise.com,Deploy new CDN routing rules,PR #8821 - Optimizing DNS resolution for EU edge nodes.,ROLLED_BACK,production-eu
DEP-65430fae,2026-07-19T12:00:00,order-fulfillment-service,137620a3c2194770b6ce3d4e53788d7c,dev_3@enterprise.com,Deploy order-fulfillment-service v9.7.7,PR #7682 - Routine deployment. Dependency updates.,COMPLETED,staging
DEP-4c58d166,2026-07-19T20:00:00,order-fulfillment-service,e5e5c925cee341b5b2783c5b67163804,dev_46@enterprise.com,Deploy order-fulfillment-service v1.8.9,PR #3897 - Routine deployment. Dependency updates.,COMPLETED,production-na
DEP-a9e97779,2026-07-19T22:00:00,cdn-edge-service,9ddd19aa879e451ab4c33c1e6b626a6c,dev_99@enterprise.com,Deploy new CDN routing rules,PR #8821 - Optimizing DNS resolution for EU edge nodes.,FAILED,production-eu
DEP-61713a9e,2026-07-20T00:00:00,recommendation-engine,17c1be69c3874767b425394662bfecb3,dev_71@enterprise.com,Deploy recommendation-engine v9.7.7,PR #1086 - Routine deployment. Dependency updates.,COMPLETED,production-na
DEP-b4b87e24,2026-07-20T04:00:00,notification-service,0c25b37bfd254ddebf3bff4815b1bade,dev_84@enterprise.com,Deploy notification-service v4.0.5,PR #5980 - Routine deployment. Dependency updates.,COMPLETED,production-apac
DEP-3a3b034b,2026-07-20T04:00:00,cart-microservice,fe0482b258344f7cb971885d83794070,dev_30@enterprise.com,Deploy cart-microservice v6.6.2,PR #6717 - Routine deployment. Dependency updates.,COMPLETED,production-na
DEP-acf4031c,2026-07-20T06:00:00,cdn-edge-service,44685d2d3fbe4bbc83eeae9d60f79bf2,dev_84@enterprise.com,Deploy new CDN routing rules,PR #8821 - Optimizing DNS resolution for EU edge nodes.,FAILED,production-eu
DEP-860a4048,2026-07-20T09:00:00,user-auth-service,f5d0dbf5b8b0408ea32bd57c407d4953,dev_55@enterprise.com,Deploy user-auth-service v4.9.4,PR #1931 - Routine deployment. Dependency updates.,COMPLETED,production-apac
DEP-32d64ad2,2026-07-20T11:00:00,cdn-edge-service,7b40b88ca73a49a0b16b359fc7ead9f2,dev_62@enterprise.com,Deploy new CDN routing rules,PR #8821 - Optimizing DNS resolution for EU edge nodes.,ROLLED_BACK,production-eu
DEP-949640e3,2026-07-20T13:00:00,checkout-auth-service,b71e4ef331954d36b0c9bade5bca9358,dev_91@enterprise.com,Deploy checkout-auth-service v10.1.7,PR #9680 - Routine deployment. Dependency updates.,COMPLETED,canary
DEP-49413158,2026-07-20T16:00:00,cdn-edge-service,55efb8ad3ff240a9989f0c773698d510,dev_100@enterprise.com,Deploy new CDN routing rules,PR #8821 - Optimizing DNS resolution for EU edge nodes.,FAILED,production-eu
DEP-4ccba810,2026-07-20T19:00:00,user-auth-service,80abbadfb774426eb618bceb141d8d5f,dev_22@enterprise.com,Deploy user-auth-service v2.8.9,PR #9609 - Routine deployment. Dependency updates.,FAILED,production-eu
DEP-6dea5e93,2026-07-20T20:00:00,cdn-edge-service,3f156e12b2784a1e81aa023d640ec4fc,dev_85@enterprise.com,Deploy new CDN routing rules,PR #8821 - Optimizing DNS resolution for EU edge nodes.,ROLLED_BACK,production-eu
DEP-2212e989,2026-07-20T23:00:00,user-auth-service,446eea970ba04e3abadae5ff0c404d47,dev_3@enterprise.com,Deploy user-auth-service v4.6.9,PR #9325 - Routine deployment. Dependency updates.,ROLLED_BACK,staging
DEP-c0794bbb,2026-07-20T23:00:00,cdn-edge-service,8da6e65d462e43e0b2eddcb2aa32855a,dev_15@enterprise.com,Deploy new CDN routing rules,PR #8821 - Optimizing DNS resolution for EU edge nodes.,ROLLED_BACK,production-eu
DEP-eeec9164,2026-07-21T05:00:00,cdn-edge-service,14a4291d8040462eb89710a7e753f98c,dev_52@enterprise.com,Deploy new CDN routing rules,PR #8821 - Optimizing DNS resolution for EU edge nodes.,FAILED,production-eu
DEP-250ef3b6,2026-07-21T06:00:00,search-service,030b4febbd584618b22ee87a98ff99dd,dev_68@enterprise.com,Deploy search-service v8.9.3,PR #2379 - Routine deployment. Dependency updates.,COMPLETED,production-emea
DEP-53b5ce1d,2026-07-21T07:00:00,order-fulfillment-service,b811ccbe01ac487aaf14bbd92649afc1,dev_94@enterprise.com,Deploy order-fulfillment-service v10.6.9,PR #7454 - Routine deployment. Dependency updates.,COMPLETED,production-apac
DEP-291f64ef,2026-07-21T09:00:00,inventory-service,c3959c5d9492441fb0dacf18f6546fc0,dev_3@enterprise.com,Deploy inventory-service v7.1.8,PR #5297 - Routine deployment. Dependency updates.,COMPLETED,production-latam
DEP-db6626a6,2026-07-21T11:00:00,cdn-edge-service,3bdd7bca60e24152aef3cffe3239a581,dev_20@enterprise.com,Deploy cdn-edge-service v5.9.7,PR #2380 - Routine deployment. Dependency updates.,ROLLED_BACK,production-eu
DEP-799b7b24,2026-07-21T13:00:00,search-service,8cd327ea9c4b46eea7965b4f40cc8f4a,dev_92@enterprise.com,Deploy search-service v5.0.1,PR #2695 - Routine deployment. Dependency updates.,COMPLETED,canary
DEP-b9e6576f,2026-07-21T19:00:00,user-auth-service,94908cb6b0fb44998aef124836047943,dev_48@enterprise.com,Deploy user-auth-service v2.6.9,PR #6762 - Routine deployment. Dependency updates.,COMPLETED,production-apac
DEP-b56659c8,2026-07-22T01:00:00,notification-service,19a78f4d15244e98b83f1322f94906f1,dev_59@enterprise.com,Deploy notification-service v8.4.8,PR #1114 - Routine deployment. Dependency updates.,COMPLETED,staging
DEP-0671248a,2026-07-22T14:00:00,notification-service,0976a21c14ac426e857bfaf5456acfee,dev_6@enterprise.com,Deploy notification-service v10.8.2,PR #3625 - Routine deployment. Dependency updates.,COMPLETED,production-emea
DEP-7d49cb03,2026-07-22T14:00:00,notification-service,0154348496334471aa924cf5dc72c32f,dev_77@enterprise.com,Deploy notification-service v5.3.7,PR #6704 - Routine deployment. Dependency updates.,COMPLETED,production-eu
DEP-d82b450f,2026-07-22T19:00:00,cdn-edge-service,5a552329ee694e52b01af7400a066711,dev_90@enterprise.com,Deploy new CDN routing rules,PR #8821 - Optimizing DNS resolution for EU edge nodes.,ROLLED_BACK,production-eu
DEP-0c104694,2026-07-23T00:00:00,user-auth-service,281d64a765fe4769a2d4b0ed34006c82,dev_63@enterprise.com,Deploy user-auth-service v5.4.5,PR #3148 - Routine deployment. Dependency updates.,COMPLETED,production-latam
DEP-f57ec593,2026-07-23T00:00:00,cdn-edge-service,21593d22e32c411dab864b9613698b88,dev_63@enterprise.com,Deploy new CDN routing rules,PR #8821 - Optimizing DNS resolution for EU edge nodes.,ROLLED_BACK,production-eu
DEP-26056ec8,2026-07-23T00:00:00,cdn-edge-service,bdbae98985b44e178bc92bef9042216e,dev_50@enterprise.com,Deploy cdn-edge-service v8.6.0,PR #6147 - Routine deployment. Dependency updates.,COMPLETED,staging
DEP-dda235b2,2026-07-23T02:00:00,cdn-edge-service,a327eeb017d24af9bd2e6ec624a45ede,dev_15@enterprise.com,Deploy new CDN routing rules,PR #8821 - Optimizing DNS resolution for EU edge nodes.,ROLLED_BACK,production-eu
DEP-58e193d9,2026-07-23T05:00:00,cdn-edge-service,e911016af37a41c9878024d27be7e62a,dev_68@enterprise.com,Deploy new CDN routing rules,PR #8821 - Optimizing DNS resolution for EU edge nodes.,ROLLED_BACK,production-eu
DEP-7a3cb8c3,2026-07-23T08:00:00,order-fulfillment-service,aa32cd09670e46a2970e59d1743e8525,dev_69@enterprise.com,Deploy order-fulfillment-service v8.4.4,PR #3590 - Routine deployment. Dependency updates.,FAILED,production-apac
DEP-083665ea,2026-07-23T20:00:00,cdn-edge-service,4778857efe0f478ea11eecbd031db1c4,dev_34@enterprise.com,Deploy new CDN routing rules,PR #8821 - Optimizing DNS resolution for EU edge nodes.,ROLLED_BACK,production-eu
DEP-fc21fb3e,2026-07-24T00:00:00,cdn-edge-service,969218da0f634f41bec3b0468fb3ed05,dev_63@enterprise.com,Deploy new CDN routing rules,PR #8821 - Optimizing DNS resolution for EU edge nodes.,ROLLED_BACK,production-eu
DEP-f62a528b,2026-07-24T01:00:00,database-migration-service,36788bd03167416ea3b57632159e3a27,dev_99@enterprise.com,Deploy database-migration-service v10.8.4,PR #3749 - Routine deployment. Dependency updates.,COMPLETED,production-eu
DEP-070da10d,2026-07-24T02:00:00,cdn-edge-service,abc4b12dc50346a6aa39b80999b35e34,dev_82@enterprise.com,Deploy new CDN routing rules,PR #8821 - Optimizing DNS resolution for EU edge nodes.,FAILED,production-eu
DEP-1ec66106,2026-07-24T05:00:00,database-migration-service,ebe4ec472c1042f5b484a74c58abf334,dev_6@enterprise.com,Deploy database-migration-service v3.4.4,PR #8723 - Routine deployment. Dependency updates.,COMPLETED,staging
DEP-2b0f6baa,2026-07-24T08:00:00,cdn-edge-service,f6d100a9a5b94424b1dcc5449707eef5,dev_41@enterprise.com,Deploy new CDN routing rules,PR #8821 - Optimizing DNS resolution for EU edge nodes.,ROLLED_BACK,production-eu
DEP-9371b9dc,2026-07-24T12:00:00,cdn-edge-service,304fc9369d4e441ab09158f2fbfbb391,dev_28@enterprise.com,Deploy new CDN routing rules,PR #8821 - Optimizing DNS resolution for EU edge nodes.,FAILED,production-eu
DEP-b234e04a,2026-07-24T16:00:00,cdn-edge-service,fd180d25e9ca4c19b2ace4bb54acc468,dev_49@enterprise.com,Deploy new CDN routing rules,PR #8821 - Optimizing DNS resolution for EU edge nodes.,ROLLED_BACK,production-eu
DEP-94f6829e,2026-07-24T18:00:00,cdn-edge-service,f8f593742f4c4981beb2d32162dfdd8e,dev_19@enterprise.com,Deploy cdn-edge-service v6.7.3,PR #7332 - Routine deployment. Dependency updates.,COMPLETED,staging
DEP-cb8dfb37,2026-07-24T22:00:00,payment-gateway-service,6a50d4dff72440459cee45eda61f8420,dev_9@enterprise.com,Deploy payment-gateway-service v3.8.5,PR #6538 - Routine deployment. Dependency updates.,COMPLETED,production-latam
DEP-bb606aa8,2026-07-25T00:00:00,cdn-edge-service,d64d4b00d34e46abafe24fa92a7ba974,dev_40@enterprise.com,Deploy new CDN routing rules,PR #8821 - Optimizing DNS resolution for EU edge nodes.,ROLLED_BACK,production-eu
DEP-4874206b,2026-07-25T02:00:00,database-migration-service,6a283caa29ef4918b5b9c21903e6e815,dev_50@enterprise.com,Deploy database-migration-service v9.3.7,PR #9665 - Routine deployment. Dependency updates.,COMPLETED,production-emea
DEP-e8c071e4,2026-07-25T05:00:00,cdn-edge-service,74c9f561cde84bc49e0d746656f9abea,dev_34@enterprise.com,Deploy new CDN routing rules,PR #8821 - Optimizing DNS resolution for EU edge nodes.,FAILED,production-eu
DEP-db821e61,2026-07-25T06:00:00,notification-service,3bc60f8916434ead8827c40eab1aec94,dev_96@enterprise.com,Deploy notification-service v8.7.2,PR #7500 - Routine deployment. Dependency updates.,FAILED,production-emea
DEP-c5199b3d,2026-07-25T06:00:00,cdn-edge-service,7e37ef15a08d496fb04049bb967ea506,dev_2@enterprise.com,Deploy new CDN routing rules,PR #8821 - Optimizing DNS resolution for EU edge nodes.,ROLLED_BACK,production-eu
DEP-fcffaf23,2026-07-25T09:00:00,cdn-edge-service,ab9af496cc92485db7ff5d1777256edc,dev_57@enterprise.com,Deploy new CDN routing rules,PR #8821 - Optimizing DNS resolution for EU edge nodes.,FAILED,production-eu
DEP-0c30cd5b,2026-07-25T20:00:00,api-gateway,ff355137988b454bb298e2c273dc2f64,dev_95@enterprise.com,Deploy api-gateway v3.3.6,PR #8217 - Routine deployment. Dependency updates.,COMPLETED,production-eu
DEP-f0919f71,2026-07-25T22:00:00,cdn-edge-service,42ccac837d2a4925a0ac75c7b8673730,dev_77@enterprise.com,Deploy new CDN routing rules,PR #8821 - Optimizing DNS resolution for EU edge nodes.,FAILED,production-eu
DEP-173604f0,2026-07-25T23:00:00,cdn-edge-service,e0c0a546d9724e55aea0b90832e94550,dev_70@enterprise.com,Deploy new CDN routing rules,PR #8821 - Optimizing DNS resolution for EU edge nodes.,FAILED,production-eu
DEP-246cffba,2026-07-26T00:00:00,database-migration-service,f5d7cc63b5d849b889d6eb4985a4b931,dev_6@enterprise.com,Deploy database-migration-service v5.3.1,PR #5896 - Routine deployment. Dependency updates.,COMPLETED,production-latam
DEP-fd86404b,2026-07-26T01:00:00,cdn-edge-service,3320e501bf5240fab822111ef9f204e1,dev_99@enterprise.com,Deploy cdn-edge-service v1.7.4,PR #7300 - Routine deployment. Dependency updates.,COMPLETED,production-eu
DEP-038b1081,2026-07-26T01:00:00,cdn-edge-service,4c14a6b28937463e9b1368b177b2e13b,dev_80@enterprise.com,Deploy cdn-edge-service v7.9.5,PR #4531 - Routine deployment. Dependency updates.,FAILED,canary
DEP-53291624,2026-07-26T02:00:00,order-fulfillment-service,c120d67c4cba4b0e9a63dba3d6698bd7,dev_70@enterprise.com,Deploy order-fulfillment-service v8.0.0,PR #7720 - Routine deployment. Dependency updates.,COMPLETED,production-emea
DEP-6c90e231,2026-07-26T06:00:00,recommendation-engine,ab990e22ba7940c1874d2e89684f2c7d,dev_68@enterprise.com,Deploy recommendation-engine v10.2.6,PR #2392 - Routine deployment. Dependency updates.,COMPLETED,canary
DEP-206be459,2026-07-26T10:00:00,recommendation-engine,45d5601c95a6414690030294e829159c,dev_81@enterprise.com,Deploy recommendation-engine v6.3.9,PR #3092 - Routine deployment. Dependency updates.,COMPLETED,production-eu
DEP-34ea0013,2026-07-26T12:00:00,inventory-service,1fb8a2d031a14218a9e5e35140745b51,dev_52@enterprise.com,Deploy inventory-service v10.4.8,PR #3356 - Routine deployment. Dependency updates.,COMPLETED,canary
DEP-fe2461aa,2026-07-26T19:00:00,cdn-edge-service,4c9e2998e2e44c5c8555707eb68a332b,dev_14@enterprise.com,Deploy new CDN routing rules,PR #8821 - Optimizing DNS resolution for EU edge nodes.,FAILED,production-eu
DEP-210fca12,2026-07-26T20:00:00,cdn-edge-service,a8070547c245454e82558f3967e603aa,dev_38@enterprise.com,Deploy new CDN routing rules,PR #8821 - Optimizing DNS resolution for EU edge nodes.,ROLLED_BACK,production-eu
DEP-38d09255,2026-07-26T21:00:00,order-fulfillment-service,4c7805dd99aa483aacdec20ea3f2b692,dev_14@enterprise.com,Deploy order-fulfillment-service v5.9.9,PR #7327 - Routine deployment. Dependency updates.,COMPLETED,production-apac
DEP-8667bf7d,2026-07-26T21:00:00,cdn-edge-service,38a0c0901da841ac9d8cacbbfd40e33d,dev_58@enterprise.com,Deploy new CDN routing rules,PR #8821 - Optimizing DNS resolution for EU edge nodes.,FAILED,production-eu
DEP-0df8eeb5,2026-07-26T21:00:00,user-auth-service,ed0f4b5fce5141d69a2928d194b97963,dev_26@enterprise.com,Deploy user-auth-service v5.7.6,PR #6660 - Routine deployment. Dependency updates.,COMPLETED,production-emea
DEP-8f221902,2026-07-27T01:00:00,cdn-edge-service,cfde3bc034154d2eb76b91d7eec1d6e5,dev_59@enterprise.com,Deploy new CDN routing rules,PR #8821 - Optimizing DNS resolution for EU edge nodes.,ROLLED_BACK,production-eu
DEP-4f9e4ced,2026-07-27T12:00:00,user-auth-service,08cdc31fdcf94e6f9ec786f7cca324e9,dev_80@enterprise.com,Deploy user-auth-service v3.1.7,PR #1512 - Routine deployment. Dependency updates.,COMPLETED,production-na
DEP-df8f68c7,2026-07-27T18:00:00,cdn-edge-service,e7e79c4744974ef08e39375cb0b99406,dev_87@enterprise.com,Deploy new CDN routing rules,PR #8821 - Optimizing DNS resolution for EU edge nodes.,FAILED,production-eu
DEP-7415253e,2026-07-27T22:00:00,search-service,2b7496ea22844ef7a633f2138ad82a83,dev_52@enterprise.com,Deploy search-service v8.9.2,PR #5018 - Routine deployment. Dependency updates.,COMPLETED,production-eu
DEP-4e7a57e4,2026-07-28T03:00:00,cart-microservice,c9027c30838f47c4bed4a641aee9bb03,dev_82@enterprise.com,Deploy cart-microservice v1.8.4,PR #3128 - Routine deployment. Dependency updates.,COMPLETED,production-latam
DEP-9df3e3c7,2026-07-28T05:00:00,checkout-auth-service,5886081dfe8d4977a98e708a578d66f2,dev_63@enterprise.com,Deploy checkout-auth-service v3.0.5,PR #1631 - Routine deployment. Dependency updates.,FAILED,staging
DEP-2b21e071,2026-07-28T06:00:00,cdn-edge-service,312d1a4ea54d49aea06cee66c0c21944,dev_32@enterprise.com,Deploy new CDN routing rules,PR #8821 - Optimizing DNS resolution for EU edge nodes.,ROLLED_BACK,production-eu
DEP-7dbcdda2,2026-07-28T11:00:00,cdn-edge-service,9cfb1442da8840f398ac14ae1e39a669,dev_21@enterprise.com,Deploy new CDN routing rules,PR #8821 - Optimizing DNS resolution for EU edge nodes.,ROLLED_BACK,production-eu
DEP-b881b61e,2026-07-28T16:00:00,cdn-edge-service,86504ec4b1004af29fdd8aa0e072d69c,dev_62@enterprise.com,Deploy new CDN routing rules,PR #8821 - Optimizing DNS resolution for EU edge nodes.,FAILED,production-eu
DEP-5e75d1e3,2026-07-28T16:00:00,recommendation-engine,4fa374f5e8b847f2ae28ee7797327879,dev_17@enterprise.com,Deploy recommendation-engine v4.8.1,PR #8233 - Routine deployment. Dependency updates.,ROLLED_BACK,production-na
DEP-fb6110d9,2026-07-28T17:00:00,cdn-edge-service,4b570dd739004bc591887d6869a9bcfd,dev_77@enterprise.com,Deploy new CDN routing rules,PR #8821 - Optimizing DNS resolution for EU edge nodes.,FAILED,production-eu
DEP-df0c69d5,2026-07-28T19:00:00,cdn-edge-service,0b2dbf5557f24fc7a6562ba3eafb422a,dev_55@enterprise.com,Deploy new CDN routing rules,PR #8821 - Optimizing DNS resolution for EU edge nodes.,FAILED,production-eu
DEP-409ae544,2026-07-28T21:00:00,checkout-auth-service,a5d6765753764b3a92088ec619b3a40f,dev_4@enterprise.com,Deploy checkout-auth-service v10.0.9,PR #4061 - Routine deployment. Dependency updates.,COMPLETED,production-na
DEP-bdc3a0c9,2026-07-29T00:00:00,search-service,aea516f5dc7345d0a152acf33395ccc0,dev_75@enterprise.com,Deploy search-service v4.3.5,PR #3773 - Routine deployment. Dependency updates.,COMPLETED,production-emea
DEP-f3b5eab1,2026-07-29T01:00:00,order-fulfillment-service,5e74afdda6b2413eb4314fa4e2c9403e,dev_66@enterprise.com,Deploy order-fulfillment-service v7.3.9,PR #4371 - Routine deployment. Dependency updates.,COMPLETED,production-apac
DEP-8778aefe,2026-07-29T07:00:00,cdn-edge-service,aaca9c549a2c405d8ab44e83105765f1,dev_73@enterprise.com,Deploy new CDN routing rules,PR #8821 - Optimizing DNS resolution for EU edge nodes.,ROLLED_BACK,production-eu
DEP-1ac98956,2026-07-29T07:00:00,payment-gateway-service,82f2c5286bb84756be233be32578f8e0,dev_69@enterprise.com,Deploy payment-gateway-service v9.9.0,PR #5632 - Routine deployment. Dependency updates.,COMPLETED,production-eu
DEP-875729fa,2026-07-29T10:00:00,cdn-edge-service,e89686aa5050447295c5abfcd9b3a4e9,dev_76@enterprise.com,Deploy new CDN routing rules,PR #8821 - Optimizing DNS resolution for EU edge nodes.,ROLLED_BACK,production-eu
DEP-ac03159c,2026-07-29T13:00:00,cdn-edge-service,32b68bf2f73f4dea9355b5d308a04518,dev_99@enterprise.com,Deploy new CDN routing rules,PR #8821 - Optimizing DNS resolution for EU edge nodes.,FAILED,production-eu
DEP-648ce34a,2026-07-29T13:00:00,cdn-edge-service,d8126abe2ac64b9e8d9f4ac706d36238,dev_66@enterprise.com,Deploy new CDN routing rules,PR #8821 - Optimizing DNS resolution for EU edge nodes.,ROLLED_BACK,production-eu
DEP-86240624,2026-07-29T14:00:00,cdn-edge-service,db489610b203448fb9014dda696163d4,dev_43@enterprise.com,Deploy new CDN routing rules,PR #8821 - Optimizing DNS resolution for EU edge nodes.,FAILED,production-eu
DEP-1db39686,2026-07-29T17:00:00,cdn-edge-service,40219b9f471e4286bc6a2d73a9add37f,dev_61@enterprise.com,Deploy cdn-edge-service v9.7.7,PR #5078 - Routine deployment. Dependency updates.,ROLLED_BACK,canary
DEP-03608c8b,2026-07-29T18:00:00,notification-service,4a04033585f24d529efcf787a3c0aa93,dev_37@enterprise.com,Deploy notification-service v7.4.3,PR #5494 - Routine deployment. Dependency updates.,COMPLETED,production-na
DEP-e0c5c3d6,2026-07-29T18:00:00,inventory-service,80979f9c54b143b5aece539d0fad245d,dev_92@enterprise.com,Deploy inventory-service v2.5.4,PR #6712 - Routine deployment. Dependency updates.,COMPLETED,production-latam
DEP-088f2591,2026-07-29T20:00:00,search-service,4c15fdfbe140424cb0d88f79b79fa06b,dev_50@enterprise.com,Deploy search-service v7.1.0,PR #6654 - Routine deployment. Dependency updates.,COMPLETED,staging
DEP-f97a5f14,2026-07-29T20:00:00,notification-service,d440f2b4dda74689b1c1d0d4c602e627,dev_27@enterprise.com,Deploy notification-service v5.0.8,PR #8164 - Routine deployment. Dependency updates.,COMPLETED,staging
DEP-0c5b2eaa,2026-07-30T01:00:00,user-auth-service,6da916eeb31e407b89da35772bf9ea55,dev_23@enterprise.com,Deploy user-auth-service v3.6.9,PR #7924 - Routine deployment. Dependency updates.,COMPLETED,canary
DEP-b9634a54,2026-07-30T02:00:00,cdn-edge-service,2a0cfb070851451ba183898bb24ea3d5,dev_27@enterprise.com,Deploy new CDN routing rules,PR #8821 - Optimizing DNS resolution for EU edge nodes.,ROLLED_BACK,production-eu
DEP-65e9de6e,2026-07-30T04:00:00,inventory-service,33b76be3f03e42508e4576de4a353140,dev_29@enterprise.com,Deploy inventory-service v9.5.4,PR #6288 - Routine deployment. Dependency updates.,COMPLETED,staging
DEP-5f259e43,2026-07-30T06:00:00,cdn-edge-service,6a91ec384f9c49f292e7604d1c51c9fc,dev_26@enterprise.com,Deploy new CDN routing rules,PR #8821 - Optimizing DNS resolution for EU edge nodes.,FAILED,production-eu
DEP-b4503d18,2026-07-30T10:00:00,cdn-edge-service,98aac9b870934ae7a2df3487d271f19c,dev_94@enterprise.com,Deploy new CDN routing rules,PR #8821 - Optimizing DNS resolution for EU edge nodes.,FAILED,production-eu
DEP-530bf570,2026-07-30T11:00:00,order-fulfillment-service,9dc79ccf05314f9fbadc76927d315627,dev_94@enterprise.com,Deploy order-fulfillment-service v9.0.3,PR #8561 - Routine deployment. Dependency updates.,COMPLETED,production-apac
DEP-11bb8252,2026-07-30T15:00:00,notification-service,db112325440141e4ad0813d790f2729a,dev_70@enterprise.com,Deploy notification-service v9.5.0,PR #8639 - Routine deployment. Dependency updates.,COMPLETED,production-emea
DEP-518b9a2e,2026-07-30T17:00:00,cdn-edge-service,f1d3a0131f704766b9083e35f140a005,dev_60@enterprise.com,Deploy new CDN routing rules,PR #8821 - Optimizing DNS resolution for EU edge nodes.,FAILED,production-eu
DEP-52dcab08,2026-07-30T17:00:00,database-migration-service,6b71169227bf45ecb7aa696437fe51f6,dev_89@enterprise.com,Deploy database-migration-service v6.8.9,PR #7366 - Routine deployment. Dependency updates.,COMPLETED,production-eu
DEP-a2f94ef4,2026-07-30T23:00:00,checkout-auth-service,12568227a6cc4c139ee266a87a6db5c9,dev_89@enterprise.com,Deploy checkout-auth-service v1.6.6,PR #3428 - Routine deployment. Dependency updates.,COMPLETED,production-latam
DEP-a53e489e,2026-07-31T03:00:00,cdn-edge-service,0952cd63e44c41c89a8652df1aa57f09,dev_74@enterprise.com,Deploy new CDN routing rules,PR #8821 - Optimizing DNS resolution for EU edge nodes.,ROLLED_BACK,production-eu
DEP-fe58c399,2026-07-31T09:00:00,notification-service,228b1fa697c34f79af9088139f4885bc,dev_15@enterprise.com,Deploy notification-service v2.8.1,PR #1507 - Routine deployment. Dependency updates.,COMPLETED,production-apac
DEP-ac0b66fb,2026-07-31T11:00:00,inventory-service,07a315dda78a4c22874fa465f69212c0,dev_89@enterprise.com,Deploy inventory-service v7.0.2,PR #6754 - Routine deployment. Dependency updates.,COMPLETED,canary
DEP-96fd4104,2026-07-31T11:00:00,cdn-edge-service,a1f2ae59901b4ec6a2c883d66389d977,dev_99@enterprise.com,Deploy new CDN routing rules,PR #8821 - Optimizing DNS resolution for EU edge nodes.,ROLLED_BACK,production-eu
DEP-7a5605ad,2026-07-31T14:00:00,notification-service,ef7300b6b9a64e82a26ad95eed7334e5,dev_12@enterprise.com,Deploy notification-service v5.1.7,PR #1400 - Routine deployment. Dependency updates.,COMPLETED,production-na
DEP-b46f56a1,2026-07-31T14:00:00,order-fulfillment-service,287e526adbf0404e93946c483f16d983,dev_7@enterprise.com,Deploy order-fulfillment-service v7.3.7,PR #5706 - Routine deployment. Dependency updates.,COMPLETED,production-latam
DEP-99023618,2026-07-31T16:00:00,cart-microservice,360f0b1b7d0c40b098a42314ec8d5480,dev_86@enterprise.com,Deploy cart-microservice v4.7.9,PR #8197 - Routine deployment. Dependency updates.,COMPLETED,production-latam
DEP-3643be9a,2026-07-31T17:00:00,cdn-edge-service,88ecc629836f40fb911b8c7cdf5b0d96,dev_1@enterprise.com,Deploy new CDN routing rules,PR #8821 - Optimizing DNS resolution for EU edge nodes.,FAILED,production-eu
DEP-0ca8ba2c,2026-07-31T19:00:00,cdn-edge-service,de1f5e4b75fc4555b95c77abf2ab4280,dev_49@enterprise.com,Deploy cdn-edge-service v5.8.3,PR #4809 - Routine deployment. Dependency updates.,COMPLETED,production-eu
DEP-b4421f8d,2026-07-31T19:00:00,order-fulfillment-service,e6240a83c1de49f0aace9f8baa181476,dev_38@enterprise.com,Deploy order-fulfillment-service v9.6.2,PR #7543 - Routine deployment. Dependency updates.,COMPLETED,production-eu
DEP-5b647ded,2026-07-31T23:00:00,cdn-edge-service,d3ee719fc0c84e24819536f064e7ac6f,dev_25@enterprise.com,Deploy new CDN routing rules,PR #8821 - Optimizing DNS resolution for EU edge nodes.,ROLLED_BACK,production-eu
DEP-c0ffadc3,2026-08-01T02:00:00,search-service,14073619ee7d48e2b79e1eb5fe742c9a,dev_91@enterprise.com,Deploy search-service v8.9.7,PR #2964 - Routine deployment. Dependency updates.,ROLLED_BACK,production-emea
DEP-fbb9cd89,2026-08-01T13:00:00,notification-service,408cd897494c40258adb0b14625e9cf4,dev_31@enterprise.com,Deploy notification-service v3.9.8,PR #8699 - Routine deployment. Dependency updates.,COMPLETED,production-na
DEP-ac464fd4,2026-08-01T15:00:00,cdn-edge-service,3f75a9c3906f446e9d96ac49a5b24a68,dev_96@enterprise.com,Deploy new CDN routing rules,PR #8821 - Optimizing DNS resolution for EU edge nodes.,FAILED,production-eu
DEP-c15ca0ea,2026-08-01T23:00:00,api-gateway,12bb81050d814fb688b8cc9fff1b058e,dev_6@enterprise.com,Deploy api-gateway v1.3.0,PR #5091 - Routine deployment. Dependency updates.,COMPLETED,production-latam
DEP-e20e4a62,2026-08-01T23:00:00,cdn-edge-service,52d91fdc29834abe975dc41ca1b30b1f,dev_66@enterprise.com,Deploy new CDN routing rules,PR #8821 - Optimizing DNS resolution for EU edge nodes.,FAILED,production-eu
DEP-81d40deb,2026-08-02T02:00:00,order-fulfillment-service,b826a2c91b2d41b3873d12c19788dc8f,dev_56@enterprise.com,Deploy order-fulfillment-service v3.5.4,PR #3060 - Routine deployment. Dependency updates.,COMPLETED,staging
DEP-537bdc94,2026-08-02T03:00:00,cdn-edge-service,ebb815688fb047999d72aefb574f6cc0,dev_25@enterprise.com,Deploy new CDN routing rules,PR #8821 - Optimizing DNS resolution for EU edge nodes.,ROLLED_BACK,production-eu
DEP-c0b6cf35,2026-08-02T04:00:00,search-service,8893497e43ae456e81d1b3b3fd936e00,dev_37@enterprise.com,Deploy search-service v7.4.4,PR #6299 - Routine deployment. Dependency updates.,COMPLETED,production-latam
DEP-eda3b150,2026-08-02T05:00:00,cdn-edge-service,13d00f4cf0d540f8bf609ec1fcfb4acb,dev_97@enterprise.com,Deploy new CDN routing rules,PR #8821 - Optimizing DNS resolution for EU edge nodes.,FAILED,production-eu
DEP-947585fd,2026-08-02T06:00:00,cdn-edge-service,a6263171e4854d98ab692ee3854d0a69,dev_10@enterprise.com,Deploy new CDN routing rules,PR #8821 - Optimizing DNS resolution for EU edge nodes.,FAILED,production-eu
DEP-ea34d60f,2026-08-02T09:00:00,cdn-edge-service,c50c7a13a1674b589c070ad68b81ab69,dev_86@enterprise.com,Deploy new CDN routing rules,PR #8821 - Optimizing DNS resolution for EU edge nodes.,ROLLED_BACK,production-eu
DEP-61497cbc,2026-08-02T09:00:00,cdn-edge-service,4a4dae97d3f843d1862efad86ecf5c15,dev_44@enterprise.com,Deploy new CDN routing rules,PR #8821 - Optimizing DNS resolution for EU edge nodes.,FAILED,production-eu
DEP-d37e2862,2026-08-02T10:00:00,cart-microservice,16a07fda983a4cfb9bf4ece41c6f7f3b,dev_66@enterprise.com,Deploy cart-microservice v8.7.6,PR #7015 - Routine deployment. Dependency updates.,COMPLETED,canary
DEP-6ff76270,2026-08-02T10:00:00,cdn-edge-service,1868569f49cf4c3b9bdf27353d3b753d,dev_96@enterprise.com,Deploy new CDN routing rules,PR #8821 - Optimizing DNS resolution for EU edge nodes.,FAILED,production-eu
DEP-2863ec16,2026-08-02T21:00:00,api-gateway,6f4a4bbeeb12405892989954b740845e,dev_2@enterprise.com,Deploy api-gateway v4.4.1,PR #6788 - Routine deployment. Dependency updates.,COMPLETED,production-na
DEP-4856799e,2026-08-02T21:00:00,search-service,c60399ec76344e8daf888b009e8bdfa2,dev_64@enterprise.com,Deploy search-service v4.7.5,PR #1590 - Routine deployment. Dependency updates.,COMPLETED,production-na
DEP-9307418a,2026-08-03T00:00:00,cdn-edge-service,555ffb11e9ad49c4b70819a70915cf97,dev_31@enterprise.com,Deploy new CDN routing rules,PR #8821 - Optimizing DNS resolution for EU edge nodes.,FAILED,production-eu
DEP-0ddb27fb,2026-08-03T01:00:00,order-fulfillment-service,696fb56009dd4ebbb5bac296058e015f,dev_29@enterprise.com,Deploy order-fulfillment-service v2.1.1,PR #5595 - Routine deployment. Dependency updates.,COMPLETED,production-emea
DEP-294ba8a0,2026-08-03T04:00:00,cdn-edge-service,b8b71d736bc44be4a138aebaa9e072e1,dev_77@enterprise.com,Deploy new CDN routing rules,PR #8821 - Optimizing DNS resolution for EU edge nodes.,ROLLED_BACK,production-eu
DEP-c6125a6b,2026-08-03T06:00:00,cdn-edge-service,5e519b9efdc44a918869b1a6027d4398,dev_41@enterprise.com,Deploy new CDN routing rules,PR #8821 - Optimizing DNS resolution for EU edge nodes.,FAILED,production-eu
DEP-52eb42f7,2026-08-03T08:00:00,cdn-edge-service,818afb210ab840dbbd236adfdf9e411e,dev_17@enterprise.com,Deploy new CDN routing rules,PR #8821 - Optimizing DNS resolution for EU edge nodes.,FAILED,production-eu
DEP-c7b00f11,2026-08-03T11:00:00,notification-service,5d6d0957bace4cb7bef894fc3837542e,dev_5@enterprise.com,Deploy notification-service v3.3.4,PR #5734 - Routine deployment. Dependency updates.,COMPLETED,canary
DEP-97a449c6,2026-08-03T13:00:00,cart-microservice,c7390971e5fd417481b37096cf3f6d5a,dev_63@enterprise.com,Deploy cart-microservice v6.4.8,PR #7175 - Routine deployment. Dependency updates.,ROLLED_BACK,production-emea
DEP-cdd9e87c,2026-08-04T01:00:00,checkout-auth-service,309a7628501b4b06b62938eb6e8443e3,dev_62@enterprise.com,Deploy checkout-auth-service v2.2.6,PR #1663 - Routine deployment. Dependency updates.,FAILED,production-latam
DEP-722a6987,2026-08-04T02:00:00,cdn-edge-service,3822c01ac1df46faa06f18549529036a,dev_57@enterprise.com,Deploy new CDN routing rules,PR #8821 - Optimizing DNS resolution for EU edge nodes.,ROLLED_BACK,production-eu
DEP-1ecfa5ea,2026-08-04T02:00:00,cdn-edge-service,51bbe3a00739410586ae1e747a34c114,dev_89@enterprise.com,Deploy new CDN routing rules,PR #8821 - Optimizing DNS resolution for EU edge nodes.,ROLLED_BACK,production-eu
DEP-effbe17b,2026-08-04T03:00:00,cdn-edge-service,e3a54986b2714fa4a33bf5ca2c999914,dev_11@enterprise.com,Deploy new CDN routing rules,PR #8821 - Optimizing DNS resolution for EU edge nodes.,ROLLED_BACK,production-eu
DEP-461f190e,2026-08-04T12:00:00,database-migration-service,b5114d440b9440a3a5a327e95daa84c5,dev_20@enterprise.com,Deploy database-migration-service v10.5.5,PR #6189 - Routine deployment. Dependency updates.,COMPLETED,production-eu
DEP-2f6bc8a6,2026-08-04T16:00:00,database-migration-service,971f105240cc4e12b9bb35b63f5c39fc,dev_43@enterprise.com,Deploy database-migration-service v6.5.9,PR #7331 - Routine deployment. Dependency updates.,COMPLETED,production-apac
DEP-2be9d8ad,2026-08-04T17:00:00,recommendation-engine,243c9eb939584723b6297996554c0e55,dev_56@enterprise.com,Deploy recommendation-engine v3.9.5,PR #3568 - Routine deployment. Dependency updates.,COMPLETED,production-emea
DEP-51c8f387,2026-08-04T21:00:00,order-fulfillment-service,91e2ac0c2b9741208dfbba661e53c89a,dev_20@enterprise.com,Deploy order-fulfillment-service v5.3.3,PR #1344 - Routine deployment. Dependency updates.,COMPLETED,canary
DEP-f749fab5,2026-08-05T01:00:00,cdn-edge-service,1e1be85042b946f4b76a314c9b55addf,dev_90@enterprise.com,Deploy new CDN routing rules,PR #8821 - Optimizing DNS resolution for EU edge nodes.,FAILED,production-eu
DEP-81f98913,2026-08-05T05:00:00,cdn-edge-service,be86974ab47243c0b19ff5a079f16d16,dev_12@enterprise.com,Deploy new CDN routing rules,PR #8821 - Optimizing DNS resolution for EU edge nodes.,ROLLED_BACK,production-eu
DEP-c16f1bef,2026-08-05T10:00:00,cdn-edge-service,fd7eca487f6f449b9e84e1b744c0c2d0,dev_18@enterprise.com,Deploy new CDN routing rules,PR #8821 - Optimizing DNS resolution for EU edge nodes.,ROLLED_BACK,production-eu
DEP-c5bbe9ad,2026-08-05T11:00:00,cdn-edge-service,9e0ceb6af62b43eb90478159bcb6d3e1,dev_31@enterprise.com,Deploy new CDN routing rules,PR #8821 - Optimizing DNS resolution for EU edge nodes.,FAILED,production-eu
DEP-08d0575c,2026-08-05T12:00:00,cdn-edge-service,b3207bea172745f0909b3bcc3f7bf0f9,dev_37@enterprise.com,Deploy new CDN routing rules,PR #8821 - Optimizing DNS resolution for EU edge nodes.,FAILED,production-eu
DEP-474ddf2b,2026-08-05T12:00:00,cdn-edge-service,632c9aaf283a48b880881c451397ffe7,dev_2@enterprise.com,Deploy new CDN routing rules,PR #8821 - Optimizing DNS resolution for EU edge nodes.,ROLLED_BACK,production-eu
DEP-668fc35d,2026-08-05T14:00:00,checkout-auth-service,612f59bd857248a9a090c0ddc47aa244,dev_7@enterprise.com,Deploy checkout-auth-service v2.1.8,PR #8646 - Routine deployment. Dependency updates.,COMPLETED,production-latam
DEP-a6e5f0dc,2026-08-05T14:00:00,cdn-edge-service,51ccac9f8e69476ca1bd464bd37d0506,dev_54@enterprise.com,Deploy new CDN routing rules,PR #8821 - Optimizing DNS resolution for EU edge nodes.,ROLLED_BACK,production-eu
DEP-546ee882,2026-08-05T16:00:00,cdn-edge-service,7a4f65eb481947b88ffee678565eb3f9,dev_18@enterprise.com,Deploy new CDN routing rules,PR #8821 - Optimizing DNS resolution for EU edge nodes.,FAILED,production-eu
DEP-3cfa4e5b,2026-08-05T17:00:00,cdn-edge-service,c7690ca9120c41b7ba96ab765aa1f37d,dev_53@enterprise.com,Deploy new CDN routing rules,PR #8821 - Optimizing DNS resolution for EU edge nodes.,FAILED,production-eu
DEP-78505705,2026-08-05T17:00:00,inventory-service,2dcaaa17feb74793a3098cc819953664,dev_79@enterprise.com,Deploy inventory-service v10.2.7,PR #4298 - Routine deployment. Dependency updates.,FAILED,production-eu
DEP-326d4553,2026-08-05T19:00:00,api-gateway,ca4c97e67d314050b4bcda64e287eca7,dev_47@enterprise.com,Deploy api-gateway v9.1.9,PR #8682 - Routine deployment. Dependency updates.,COMPLETED,production-emea
DEP-e9e014f8,2026-08-05T19:00:00,cdn-edge-service,41ba4cb02e1c4c248ba8ef89eb8108f2,dev_55@enterprise.com,Deploy new CDN routing rules,PR #8821 - Optimizing DNS resolution for EU edge nodes.,ROLLED_BACK,production-eu
DEP-cb02924e,2026-08-05T21:00:00,inventory-service,f43e19a27d834b51956a76aad4c5b15f,dev_80@enterprise.com,Deploy inventory-service v1.5.3,PR #5831 - Routine deployment. Dependency updates.,ROLLED_BACK,canary
DEP-34e8a229,2026-08-05T22:00:00,inventory-service,52824973500b4440a203af6e34f914da,dev_2@enterprise.com,Deploy inventory-service v6.6.0,PR #6014 - Routine deployment. Dependency updates.,COMPLETED,production-apac
DEP-94042b14,2026-08-06T03:00:00,cdn-edge-service,da051f5a5c3d4a42ad7e6c9fceedb442,dev_81@enterprise.com,Deploy new CDN routing rules,PR #8821 - Optimizing DNS resolution for EU edge nodes.,FAILED,production-eu
DEP-6a20d650,2026-08-06T04:00:00,api-gateway,f425f115cdcb4e8884ea1ef7dbb36d85,dev_69@enterprise.com,Deploy api-gateway v8.8.3,PR #9577 - Routine deployment. Dependency updates.,COMPLETED,canary
DEP-c717ce2d,2026-08-06T11:00:00,cdn-edge-service,6ec56d9ab945450494d1957dc9325a72,dev_98@enterprise.com,Deploy new CDN routing rules,PR #8821 - Optimizing DNS resolution for EU edge nodes.,FAILED,production-eu
DEP-4ab1cebd,2026-08-06T14:00:00,cdn-edge-service,fecf1d5abdcb42cfb5a97f0b56e2737d,dev_5@enterprise.com,Deploy new CDN routing rules,PR #8821 - Optimizing DNS resolution for EU edge nodes.,FAILED,production-eu
DEP-069815f9,2026-08-07T06:00:00,cdn-edge-service,451345859bb345d697a16643434f4c40,dev_35@enterprise.com,Deploy new CDN routing rules,PR #8821 - Optimizing DNS resolution for EU edge nodes.,ROLLED_BACK,production-eu
DEP-192af6d6,2026-08-07T11:00:00,cdn-edge-service,4d953f1ed303430eba8df6b719c75ccd,dev_37@enterprise.com,Deploy new CDN routing rules,PR #8821 - Optimizing DNS resolution for EU edge nodes.,FAILED,production-eu
DEP-96bcfea1,2026-08-07T16:00:00,search-service,dd05222ce17d46b38d0b02f58c134f28,dev_44@enterprise.com,Deploy search-service v7.0.3,PR #8143 - Routine deployment. Dependency updates.,COMPLETED,canary
DEP-5865183f,2026-08-07T22:00:00,user-auth-service,73e9764864744bf9a332fb7a3c12111c,dev_73@enterprise.com,Deploy user-auth-service v5.0.2,PR #3135 - Routine deployment. Dependency updates.,ROLLED_BACK,staging
DEP-2b2f893b,2026-08-08T03:00:00,cdn-edge-service,0e1d40f1e5c046758814c1b31fbcbc90,dev_13@enterprise.com,Deploy new CDN routing rules,PR #8821 - Optimizing DNS resolution for EU edge nodes.,ROLLED_BACK,production-eu
DEP-06b9ffa8,2026-08-08T03:00:00,cdn-edge-service,d4f2e17a62a14c7cbe5c55ad5acb370d,dev_76@enterprise.com,Deploy new CDN routing rules,PR #8821 - Optimizing DNS resolution for EU edge nodes.,FAILED,production-eu
DEP-4db1fb13,2026-08-08T10:00:00,cdn-edge-service,67eb6816653c466897f21f39b408b5d9,dev_15@enterprise.com,Deploy new CDN routing rules,PR #8821 - Optimizing DNS resolution for EU edge nodes.,FAILED,production-eu
DEP-7315553d,2026-08-08T12:00:00,cdn-edge-service,bad40f282d6548b2b71fd66366688ac9,dev_4@enterprise.com,Deploy cdn-edge-service v4.4.8,PR #1520 - Routine deployment. Dependency updates.,COMPLETED,production-eu
DEP-902535f4,2026-08-08T15:00:00,cdn-edge-service,a4acba0b2d05420cb1d9b8ccb5b505a5,dev_70@enterprise.com,Deploy new CDN routing rules,PR #8821 - Optimizing DNS resolution for EU edge nodes.,ROLLED_BACK,production-eu
DEP-f2a35e32,2026-08-08T15:00:00,cdn-edge-service,9279aa7e4e134beea7ff5189e3ab6f50,dev_9@enterprise.com,Deploy new CDN routing rules,PR #8821 - Optimizing DNS resolution for EU edge nodes.,ROLLED_BACK,production-eu
DEP-08d6dfcd,2026-08-08T18:00:00,payment-gateway-service,0d7c29973e9c43cc895d2961b7081793,dev_68@enterprise.com,Deploy payment-gateway-service v4.0.0,PR #4781 - Routine deployment. Dependency updates.,ROLLED_BACK,production-apac
DEP-005b1ac0,2026-08-08T23:00:00,search-service,55c1ed6fffef447b99ac4adfda22687a,dev_72@enterprise.com,Deploy search-service v4.6.9,PR #5286 - Routine deployment. Dependency updates.,ROLLED_BACK,production-na
DEP-112147e9,2026-08-09T03:00:00,cdn-edge-service,f8489dfbafa449ffa73226b71986eb34,dev_73@enterprise.com,Deploy new CDN routing rules,PR #8821 - Optimizing DNS resolution for EU edge nodes.,FAILED,production-eu
DEP-4ac71f04,2026-08-09T05:00:00,cdn-edge-service,d656feb9264c415087c34ea088071a7d,dev_56@enterprise.com,Deploy new CDN routing rules,PR #8821 - Optimizing DNS resolution for EU edge nodes.,ROLLED_BACK,production-eu
DEP-bdff643d,2026-08-09T05:00:00,cdn-edge-service,f9a0ef0ce14847fabee4fac231b0dd8f,dev_48@enterprise.com,Deploy new CDN routing rules,PR #8821 - Optimizing DNS resolution for EU edge nodes.,ROLLED_BACK,production-eu
DEP-abef6e6b,2026-08-09T06:00:00,cdn-edge-service,0b90ebf7816444d1919e5a3a4ad9469f,dev_95@enterprise.com,Deploy new CDN routing rules,PR #8821 - Optimizing DNS resolution for EU edge nodes.,FAILED,production-eu
DEP-2cc86d37,2026-08-09T13:00:00,cdn-edge-service,fd5a12c4ad464d2cb291c348865894f8,dev_53@enterprise.com,Deploy new CDN routing rules,PR #8821 - Optimizing DNS resolution for EU edge nodes.,FAILED,production-eu
DEP-93a7c6a2,2026-08-10T03:00:00,cdn-edge-service,99f94827d66a4743bd2933e61655311a,dev_55@enterprise.com,Deploy new CDN routing rules,PR #8821 - Optimizing DNS resolution for EU edge nodes.,ROLLED_BACK,production-eu
DEP-9458c4ae,2026-08-10T03:00:00,cdn-edge-service,3669a5a763844037817e26e3517da434,dev_5@enterprise.com,Deploy new CDN routing rules,PR #8821 - Optimizing DNS resolution for EU edge nodes.,ROLLED_BACK,production-eu
DEP-464fd153,2026-08-10T05:00:00,database-migration-service,7cac4c21e5734621846cda109dd49377,dev_42@enterprise.com,Deploy database-migration-service v4.3.2,PR #5481 - Routine deployment. Dependency updates.,COMPLETED,staging
DEP-3476a264,2026-08-10T14:00:00,cart-microservice,d879896829584e37a94036ad48ffb378,dev_58@enterprise.com,Deploy cart-microservice v2.5.9,PR #6362 - Routine deployment. Dependency updates.,COMPLETED,production-apac
DEP-18c83f02,2026-08-10T14:00:00,order-fulfillment-service,99a0dcd571da405c8213e3a217e71e2c,dev_23@enterprise.com,Deploy order-fulfillment-service v10.4.5,PR #8991 - Routine deployment. Dependency updates.,COMPLETED,production-latam
DEP-161e6c5d,2026-08-10T16:00:00,cdn-edge-service,68ca4b1a609146819594f8b37d67e68f,dev_62@enterprise.com,Deploy new CDN routing rules,PR #8821 - Optimizing DNS resolution for EU edge nodes.,FAILED,production-eu
DEP-3dd261d5,2026-08-11T15:00:00,cdn-edge-service,fc5aa720d64a47d186b805a113af0730,dev_49@enterprise.com,Deploy new CDN routing rules,PR #8821 - Optimizing DNS resolution for EU edge nodes.,ROLLED_BACK,production-eu
DEP-47f33224,2026-08-11T18:00:00,cdn-edge-service,fe9120c6d5574499b9ea6077e8ea8ae3,dev_17@enterprise.com,Deploy new CDN routing rules,PR #8821 - Optimizing DNS resolution for EU edge nodes.,FAILED,production-eu
DEP-d7c96967,2026-08-11T20:00:00,cdn-edge-service,a668c4c835e3429592a727bac2c096e1,dev_78@enterprise.com,Deploy new CDN routing rules,PR #8821 - Optimizing DNS resolution for EU edge nodes.,ROLLED_BACK,production-eu
DEP-66f96fcc,2026-08-11T21:00:00,recommendation-engine,9168292bf8fb47f48859dffb19e25c4b,dev_81@enterprise.com,Deploy recommendation-engine v6.8.8,PR #8755 - Routine deployment. Dependency updates.,FAILED,production-eu
DEP-688429a5,2026-08-11T22:00:00,cdn-edge-service,42152c655dda476486752321e92804a5,dev_94@enterprise.com,Deploy new CDN routing rules,PR #8821 - Optimizing DNS resolution for EU edge nodes.,ROLLED_BACK,production-eu
DEP-04f7fc9a,2026-08-12T05:00:00,cdn-edge-service,c16c6052bef24d8e817154805e44a3a8,dev_66@enterprise.com,Deploy new CDN routing rules,PR #8821 - Optimizing DNS resolution for EU edge nodes.,FAILED,production-eu
DEP-21e6ee51,2026-08-12T17:00:00,order-fulfillment-service,e8721205c7b44f22ad20a2629ee5fa98,dev_84@enterprise.com,Deploy order-fulfillment-service v8.0.6,PR #4320 - Routine deployment. Dependency updates.,FAILED,production-emea
DEP-8fb5c1ea,2026-08-12T17:00:00,cdn-edge-service,51d9770af1c74889b81b7e15661484ba,dev_54@enterprise.com,Deploy new CDN routing rules,PR #8821 - Optimizing DNS resolution for EU edge nodes.,ROLLED_BACK,production-eu
DEP-8823e4ee,2026-08-12T19:00:00,inventory-service,bf19c23b38b24d29b9d5097c7ee11c76,dev_31@enterprise.com,Deploy inventory-service v10.0.0,PR #1786 - Routine deployment. Dependency updates.,COMPLETED,staging
DEP-c9c3ca5e,2026-08-12T23:00:00,cdn-edge-service,4fc734c559ae4c3cbd7e36d9b5e58279,dev_24@enterprise.com,Deploy new CDN routing rules,PR #8821 - Optimizing DNS resolution for EU edge nodes.,ROLLED_BACK,production-eu
DEP-2abe7186,2026-08-13T13:00:00,cdn-edge-service,8fb8d8ac6cb6461ea8e945011bce1ef7,dev_80@enterprise.com,Deploy new CDN routing rules,PR #8821 - Optimizing DNS resolution for EU edge nodes.,FAILED,production-eu
DEP-b002a2d5,2026-08-13T15:00:00,search-service,689c1120ac154b54a4f05991146a5702,dev_76@enterprise.com,Deploy search-service v7.0.9,PR #9673 - Routine deployment. Dependency updates.,COMPLETED,canary
DEP-e9b85127,2026-08-13T19:00:00,cdn-edge-service,80a869a3a3f04991b6e458d7004e715c,dev_17@enterprise.com,Deploy new CDN routing rules,PR #8821 - Optimizing DNS resolution for EU edge nodes.,ROLLED_BACK,production-eu
DEP-b745c43e,2026-08-13T21:00:00,cdn-edge-service,471679b038be4ace8e20a31cf57c5100,dev_66@enterprise.com,Deploy new CDN routing rules,PR #8821 - Optimizing DNS resolution for EU edge nodes.,FAILED,production-eu
DEP-5a80fa69,2026-08-13T23:00:00,cdn-edge-service,d30d571be31b4087a1585cbf2da618aa,dev_98@enterprise.com,Deploy new CDN routing rules,PR #8821 - Optimizing DNS resolution for EU edge nodes.,FAILED,production-eu
DEP-f2e85f68,2026-08-14T00:00:00,payment-gateway-service,c0df91ceab4a4253b263deb3c50e82a9,dev_36@enterprise.com,Deploy payment-gateway-service v5.8.4,PR #7921 - Routine deployment. Dependency updates.,COMPLETED,production-latam
DEP-f8b75a89,2026-08-14T05:00:00,payment-gateway-service,0a49daabf4594ab682f5cd46b6657ba7,dev_23@enterprise.com,Update Stripe 3DS SDK,PR #5532 - Upgrading Stripe 3DS SDK to latest version for APAC compliance.,FAILED,production-apac
DEP-37249261,2026-08-14T23:00:00,cart-microservice,b9a6e184745d4c8b911dc133a8d50777,dev_91@enterprise.com,Deploy cart-microservice v2.2.7,PR #4270 - Routine deployment. Dependency updates.,COMPLETED,production-apac
DEP-fdb9b4d3,2026-08-14T23:00:00,payment-gateway-service,6f3a47de59cb45b686010190bc1dfeb7,dev_88@enterprise.com,Deploy payment-gateway-service v8.8.5,PR #5321 - Routine deployment. Dependency updates.,COMPLETED,production-latam
DEP-fe18d986,2026-08-15T00:00:00,search-service,24c046c2951548eebf012d2fb83c9a52,dev_49@enterprise.com,Deploy search-service v2.1.2,PR #5334 - Routine deployment. Dependency updates.,COMPLETED,production-apac
DEP-753a23cd,2026-08-15T04:00:00,payment-gateway-service,09901b7af5d441f3a36d124c9c54be46,dev_29@enterprise.com,Update Stripe 3DS SDK,PR #5532 - Upgrading Stripe 3DS SDK to latest version for APAC compliance.,FAILED,production-apac
DEP-d2b502c2,2026-08-15T08:00:00,order-fulfillment-service,f24493677ba245dca248acb8fa379d59,dev_41@enterprise.com,Deploy order-fulfillment-service v5.8.6,PR #1224 - Routine deployment. Dependency updates.,COMPLETED,production-latam
DEP-9c3b5a4e,2026-08-15T10:00:00,order-fulfillment-service,94e7518fd8ba42c2a03634a900c220b0,dev_26@enterprise.com,Deploy order-fulfillment-service v10.3.0,PR #4332 - Routine deployment. Dependency updates.,COMPLETED,production-na
DEP-ebaefd25,2026-08-15T17:00:00,payment-gateway-service,872721193677427a8f286440f709bdea,dev_83@enterprise.com,Update Stripe 3DS SDK,PR #5532 - Upgrading Stripe 3DS SDK to latest version for APAC compliance.,FAILED,production-apac
DEP-0bc543e1,2026-08-15T19:00:00,order-fulfillment-service,5ef22db328444e2eba9d255231bff225,dev_6@enterprise.com,Deploy order-fulfillment-service v2.9.3,PR #3259 - Routine deployment. Dependency updates.,COMPLETED,production-emea
DEP-8dc99ef7,2026-08-16T01:00:00,payment-gateway-service,add423899b8646998b0801dd380f3e05,dev_62@enterprise.com,Update Stripe 3DS SDK,PR #5532 - Upgrading Stripe 3DS SDK to latest version for APAC compliance.,FAILED,production-apac
DEP-eed796ef,2026-08-16T02:00:00,database-migration-service,f024d39c51454e3d9b43c96850dbeba0,dev_5@enterprise.com,Deploy database-migration-service v7.8.8,PR #5968 - Routine deployment. Dependency updates.,ROLLED_BACK,staging
DEP-b66fe54c,2026-08-16T04:00:00,user-auth-service,a9ee4d87464247d7ad3746edb620a4c3,dev_24@enterprise.com,Deploy user-auth-service v9.8.3,PR #8105 - Routine deployment. Dependency updates.,COMPLETED,production-na
DEP-3ec00b55,2026-08-16T06:00:00,payment-gateway-service,6b3a7782de7348e9a0c37ea66f7562b5,dev_64@enterprise.com,Update Stripe 3DS SDK,PR #5532 - Upgrading Stripe 3DS SDK to latest version for APAC compliance.,FAILED,production-apac
DEP-5a1dc0a4,2026-08-16T07:00:00,cart-microservice,956858e967004f819a676e52046dfeb6,dev_98@enterprise.com,Deploy cart-microservice v7.3.3,PR #5279 - Routine deployment. Dependency updates.,COMPLETED,production-apac
DEP-31182082,2026-08-16T09:00:00,payment-gateway-service,38122f73df344f69855d66269808128d,dev_25@enterprise.com,Update Stripe 3DS SDK,PR #5532 - Upgrading Stripe 3DS SDK to latest version for APAC compliance.,FAILED,production-apac
DEP-33847926,2026-08-16T11:00:00,payment-gateway-service,a2d28f4216384879a725580fd944caca,dev_37@enterprise.com,Update Stripe 3DS SDK,PR #5532 - Upgrading Stripe 3DS SDK to latest version for APAC compliance.,FAILED,production-apac
DEP-ef21fd03,2026-08-16T16:00:00,payment-gateway-service,15b9495ef34843e9ae8bdf59a222bf91,dev_29@enterprise.com,Update Stripe 3DS SDK,PR #5532 - Upgrading Stripe 3DS SDK to latest version for APAC compliance.,FAILED,production-apac
DEP-c500b4a7,2026-08-17T07:00:00,payment-gateway-service,1f0fff02dfd047d0a8d29109545a9901,dev_90@enterprise.com,Update Stripe 3DS SDK,PR #5532 - Upgrading Stripe 3DS SDK to latest version for APAC compliance.,FAILED,production-apac
DEP-609d33f8,2026-08-17T07:00:00,search-service,ba8b679e70fc40e8bb8d028137840a38,dev_26@enterprise.com,Deploy search-service v3.5.2,PR #4938 - Routine deployment. Dependency updates.,COMPLETED,canary
DEP-8e0472bc,2026-08-17T09:00:00,payment-gateway-service,8590ac9714aa465cacd0c21f2e191c5e,dev_82@enterprise.com,Update Stripe 3DS SDK,PR #5532 - Upgrading Stripe 3DS SDK to latest version for APAC compliance.,FAILED,production-apac
DEP-02dfbeb3,2026-08-17T14:00:00,payment-gateway-service,19c8de2870d14ec0bf3527b744573adc,dev_10@enterprise.com,Update Stripe 3DS SDK,PR #5532 - Upgrading Stripe 3DS SDK to latest version for APAC compliance.,FAILED,production-apac
DEP-b179bb5d,2026-08-17T18:00:00,notification-service,0d776b6d89ab47c4a2f27792f5a675ae,dev_54@enterprise.com,Deploy notification-service v5.7.3,PR #8199 - Routine deployment. Dependency updates.,COMPLETED,staging
DEP-5be16ca6,2026-08-18T05:00:00,payment-gateway-service,1ef7d0837f204a0db0fb9070d32f35e1,dev_11@enterprise.com,Update Stripe 3DS SDK,PR #5532 - Upgrading Stripe 3DS SDK to latest version for APAC compliance.,FAILED,production-apac
DEP-0aaa4b7e,2026-08-18T06:00:00,payment-gateway-service,978aea039eb644a3a8f379bdccf060d0,dev_99@enterprise.com,Update Stripe 3DS SDK,PR #5532 - Upgrading Stripe 3DS SDK to latest version for APAC compliance.,FAILED,production-apac
DEP-d193c96a,2026-08-18T14:00:00,inventory-service,9b5ed9ea335541239f69d816e14631ee,dev_54@enterprise.com,Deploy inventory-service v5.8.3,PR #5424 - Routine deployment. Dependency updates.,COMPLETED,production-na
DEP-b7497c9a,2026-08-18T15:00:00,search-service,f4f464134f094b5ca8067e642d376815,dev_23@enterprise.com,Deploy search-service v7.2.1,PR #4187 - Routine deployment. Dependency updates.,COMPLETED,production-emea
DEP-a6198dd3,2026-08-18T19:00:00,payment-gateway-service,4d37b93f2d54412ab000a4fef7dba5b8,dev_88@enterprise.com,Update Stripe 3DS SDK,PR #5532 - Upgrading Stripe 3DS SDK to latest version for APAC compliance.,FAILED,production-apac
DEP-5ba8b5ea,2026-08-19T01:00:00,payment-gateway-service,f3ce647242b5411baaf51feeb67df224,dev_53@enterprise.com,Update Stripe 3DS SDK,PR #5532 - Upgrading Stripe 3DS SDK to latest version for APAC compliance.,FAILED,production-apac
DEP-f4a790e7,2026-08-19T03:00:00,api-gateway,56a2517510e24cb1adfb5436457e5e02,dev_84@enterprise.com,Deploy api-gateway v5.9.2,PR #5421 - Routine deployment. Dependency updates.,COMPLETED,production-latam
DEP-01cdbd76,2026-08-19T08:00:00,cdn-edge-service,e63e62a8e08845fc9debd51c0682018e,dev_43@enterprise.com,Deploy cdn-edge-service v1.0.2,PR #2319 - Routine deployment. Dependency updates.,ROLLED_BACK,canary
DEP-b5aa8ef2,2026-08-19T17:00:00,payment-gateway-service,4f04da8d2ed9440c8ab8d4793155f28f,dev_87@enterprise.com,Update Stripe 3DS SDK,PR #5532 - Upgrading Stripe 3DS SDK to latest version for APAC compliance.,FAILED,production-apac
DEP-572ac8a1,2026-08-19T19:00:00,recommendation-engine,d1e0915c6d1f41a99a1fee8a1da764fd,dev_62@enterprise.com,Deploy recommendation-engine v6.7.9,PR #1468 - Routine deployment. Dependency updates.,COMPLETED,production-apac
DEP-1b439efc,2026-08-19T22:00:00,payment-gateway-service,27039365363f4fef9086c028cc6a3483,dev_62@enterprise.com,Update Stripe 3DS SDK,PR #5532 - Upgrading Stripe 3DS SDK to latest version for APAC compliance.,FAILED,production-apac
DEP-13c28e61,2026-08-20T00:00:00,database-migration-service,ac84cf23fd884411bef600d2c501ea5f,dev_29@enterprise.com,Deploy database-migration-service v10.9.2,PR #5083 - Routine deployment. Dependency updates.,COMPLETED,production-na
DEP-8cefcd6a,2026-08-20T01:00:00,payment-gateway-service,2639e567b6c549c2badf47ece8d4f202,dev_1@enterprise.com,Update Stripe 3DS SDK,PR #5532 - Upgrading Stripe 3DS SDK to latest version for APAC compliance.,FAILED,production-apac
DEP-54f98fcf,2026-08-20T07:00:00,payment-gateway-service,62ccc9e98f554e5ab052746aa44b0cf4,dev_38@enterprise.com,Update Stripe 3DS SDK,PR #5532 - Upgrading Stripe 3DS SDK to latest version for APAC compliance.,FAILED,production-apac
DEP-a849d76a,2026-08-20T12:00:00,payment-gateway-service,bd8ff4c19643496bab59170eacfea781,dev_95@enterprise.com,Deploy payment-gateway-service v7.1.6,PR #4461 - Routine deployment. Dependency updates.,COMPLETED,production-eu
DEP-50a02cd0,2026-08-20T21:00:00,payment-gateway-service,1748d72664ed4d8cbb705dde63d4cf9e,dev_74@enterprise.com,Update Stripe 3DS SDK,PR #5532 - Upgrading Stripe 3DS SDK to latest version for APAC compliance.,FAILED,production-apac
DEP-79f3fec7,2026-08-20T22:00:00,inventory-service,b7846aad191b479883f4117e8c1312a1,dev_59@enterprise.com,Deploy inventory-service v8.1.4,PR #9651 - Routine deployment. Dependency updates.,COMPLETED,staging
DEP-88da53ff,2026-08-21T01:00:00,database-migration-service,7b87fed2b3ee416b810744f64fac7114,dev_65@enterprise.com,Deploy database-migration-service v8.2.6,PR #5440 - Routine deployment. Dependency updates.,COMPLETED,production-emea
DEP-dfcef337,2026-08-21T04:00:00,inventory-service,2ec2a3acb50d49c5b77605e51f0abbc8,dev_43@enterprise.com,Deploy inventory-service v3.8.4,PR #8586 - Routine deployment. Dependency updates.,FAILED,staging
DEP-c0f9de72,2026-08-21T09:00:00,cart-microservice,1ba21cb4f086417b9c562f5b0de11a52,dev_54@enterprise.com,Deploy cart-microservice v3.6.4,PR #7590 - Routine deployment. Dependency updates.,COMPLETED,production-eu
DEP-2927cd5b,2026-08-21T12:00:00,payment-gateway-service,50894ba89acb4e3b99e53b54b6a69c0e,dev_97@enterprise.com,Update Stripe 3DS SDK,PR #5532 - Upgrading Stripe 3DS SDK to latest version for APAC compliance.,FAILED,production-apac
DEP-5979ebb6,2026-08-21T17:00:00,database-migration-service,fa8eed0b956c4766834c85b224de419d,dev_78@enterprise.com,Deploy database-migration-service v5.3.0,PR #5604 - Routine deployment. Dependency updates.,COMPLETED,staging
DEP-7d28433f,2026-08-22T00:00:00,payment-gateway-service,338af4a338c84c26853a63ca48029d01,dev_26@enterprise.com,Update Stripe 3DS SDK,PR #5532 - Upgrading Stripe 3DS SDK to latest version for APAC compliance.,FAILED,production-apac
DEP-1f96dbef,2026-08-22T04:00:00,payment-gateway-service,6d625ce01f494946996b7b644c68a23d,dev_4@enterprise.com,Update Stripe 3DS SDK,PR #5532 - Upgrading Stripe 3DS SDK to latest version for APAC compliance.,FAILED,production-apac
DEP-d6040e1f,2026-08-22T05:00:00,recommendation-engine,de508c08563f4115ab7d0ea325d7b9a8,dev_44@enterprise.com,Deploy recommendation-engine v1.0.1,PR #4234 - Routine deployment. Dependency updates.,COMPLETED,canary
DEP-7806d8d3,2026-08-22T08:00:00,order-fulfillment-service,8de37335b30548caa27e2770ab3e8124,dev_14@enterprise.com,Deploy order-fulfillment-service v8.1.3,PR #6333 - Routine deployment. Dependency updates.,FAILED,production-na
DEP-f380cf84,2026-08-22T10:00:00,payment-gateway-service,0f9aa06108244e81aa1d7de308508449,dev_80@enterprise.com,Update Stripe 3DS SDK,PR #5532 - Upgrading Stripe 3DS SDK to latest version for APAC compliance.,FAILED,production-apac
DEP-948f7156,2026-08-22T17:00:00,payment-gateway-service,4803e35f605c4d1d89392bd263500164,dev_21@enterprise.com,Update Stripe 3DS SDK,PR #5532 - Upgrading Stripe 3DS SDK to latest version for APAC compliance.,FAILED,production-apac
DEP-69268c53,2026-08-22T18:00:00,checkout-auth-service,ea7921d3f9834ccb8b2a05379b5f6b9f,dev_57@enterprise.com,Deploy checkout-auth-service v6.2.2,PR #6101 - Routine deployment. Dependency updates.,ROLLED_BACK,production-na
DEP-2a42fc12,2026-08-22T20:00:00,payment-gateway-service,7369867452d64b90bc179b5993dd798e,dev_23@enterprise.com,Update Stripe 3DS SDK,PR #5532 - Upgrading Stripe 3DS SDK to latest version for APAC compliance.,FAILED,production-apac
DEP-309de511,2026-08-22T21:00:00,payment-gateway-service,0e193e6b4d0a46c29a9e4d59c2efdcaf,dev_31@enterprise.com,Update Stripe 3DS SDK,PR #5532 - Upgrading Stripe 3DS SDK to latest version for APAC compliance.,FAILED,production-apac
DEP-cff15396,2026-08-22T22:00:00,payment-gateway-service,5de76bd4b46749f292627076301d3c05,dev_9@enterprise.com,Update Stripe 3DS SDK,PR #5532 - Upgrading Stripe 3DS SDK to latest version for APAC compliance.,FAILED,production-apac
DEP-f10c9788,2026-08-23T05:00:00,cdn-edge-service,baea640a6cd04231906e30bcec0dbea6,dev_53@enterprise.com,Deploy cdn-edge-service v8.8.3,PR #3966 - Routine deployment. Dependency updates.,COMPLETED,production-na
DEP-1178eec7,2026-08-23T09:00:00,cart-microservice,14a265d2b57649c0a2dae143db6100fc,dev_59@enterprise.com,Deploy cart-microservice v5.5.9,PR #4433 - Routine deployment. Dependency updates.,ROLLED_BACK,canary
DEP-10dd077b,2026-08-23T23:00:00,payment-gateway-service,536c46e27cc34fad828517425df91933,dev_64@enterprise.com,Update Stripe 3DS SDK,PR #5532 - Upgrading Stripe 3DS SDK to latest version for APAC compliance.,FAILED,production-apac
DEP-b8eeac53,2026-08-24T01:00:00,api-gateway,bc7c255786624b028919f07ff9e3f4d4,dev_76@enterprise.com,Deploy api-gateway v7.5.6,PR #2964 - Routine deployment. Dependency updates.,COMPLETED,production-na
DEP-7e6f6abf,2026-08-24T04:00:00,payment-gateway-service,ca9ea52d4408434699b24646e94dd188,dev_36@enterprise.com,Update Stripe 3DS SDK,PR #5532 - Upgrading Stripe 3DS SDK to latest version for APAC compliance.,FAILED,production-apac
DEP-3821bdcb,2026-08-24T08:00:00,recommendation-engine,79b0bc3e2b8d46f0a7347b05cd515161,dev_1@enterprise.com,Deploy recommendation-engine v2.0.6,PR #6328 - Routine deployment. Dependency updates.,COMPLETED,staging
DEP-ac09042a,2026-08-24T12:00:00,inventory-service,1fe039eab96a48b1a9811bde46120b93,dev_22@enterprise.com,Deploy inventory-service v6.4.3,PR #7395 - Routine deployment. Dependency updates.,ROLLED_BACK,production-eu
DEP-0cb9dc1d,2026-08-24T15:00:00,payment-gateway-service,969f83e953d04f4e90a45940c7c7a045,dev_89@enterprise.com,Update Stripe 3DS SDK,PR #5532 - Upgrading Stripe 3DS SDK to latest version for APAC compliance.,FAILED,production-apac
DEP-d2f59444,2026-08-24T17:00:00,payment-gateway-service,3648a445af724cfcbc83f46c9e04e974,dev_46@enterprise.com,Update Stripe 3DS SDK,PR #5532 - Upgrading Stripe 3DS SDK to latest version for APAC compliance.,FAILED,production-apac
DEP-615aad43,2026-08-25T03:00:00,payment-gateway-service,d5dac7dd4c1b4b42adbbe6225757f558,dev_92@enterprise.com,Update Stripe 3DS SDK,PR #5532 - Upgrading Stripe 3DS SDK to latest version for APAC compliance.,FAILED,production-apac
DEP-8baaba7d,2026-08-25T09:00:00,payment-gateway-service,54a405cee14e427e98906329556760e2,dev_14@enterprise.com,Update Stripe 3DS SDK,PR #5532 - Upgrading Stripe 3DS SDK to latest version for APAC compliance.,FAILED,production-apac
DEP-2d9150f0,2026-08-25T10:00:00,recommendation-engine,741bc44b6b9f40058358b5dbe3dbd799,dev_91@enterprise.com,Deploy recommendation-engine v7.6.9,PR #9907 - Routine deployment. Dependency updates.,FAILED,production-emea
DEP-4c390892,2026-08-25T12:00:00,payment-gateway-service,88898b6662354e888e00832eeff45f9e,dev_76@enterprise.com,Update Stripe 3DS SDK,PR #5532 - Upgrading Stripe 3DS SDK to latest version for APAC compliance.,FAILED,production-apac
DEP-fff6f9d0,2026-08-25T15:00:00,payment-gateway-service,b01b720fa7704a9ab08654684b7e8627,dev_90@enterprise.com,Update Stripe 3DS SDK,PR #5532 - Upgrading Stripe 3DS SDK to latest version for APAC compliance.,FAILED,production-apac
DEP-74325974,2026-08-25T16:00:00,payment-gateway-service,73282f78812d416c9c083251e1606ab7,dev_40@enterprise.com,Update Stripe 3DS SDK,PR #5532 - Upgrading Stripe 3DS SDK to latest version for APAC compliance.,FAILED,production-apac
DEP-fccba95c,2026-08-25T23:00:00,database-migration-service,5adc4c09ec404c129f921d43fe92aea8,dev_74@enterprise.com,Deploy database-migration-service v3.2.3,PR #6318 - Routine deployment. Dependency updates.,FAILED,production-emea
DEP-15b75eae,2026-08-25T23:00:00,cdn-edge-service,8fc8cb26d82e451fbb4c491280309e2a,dev_69@enterprise.com,Deploy cdn-edge-service v3.1.0,PR #5154 - Routine deployment. Dependency updates.,COMPLETED,staging
DEP-528b9a2c,2026-08-26T00:00:00,checkout-auth-service,5fddcc5d9d474ed4af55e3a6cb32031f,dev_68@enterprise.com,Deploy checkout-auth-service v9.1.5,PR #4595 - Routine deployment. Dependency updates.,COMPLETED,production-eu
DEP-be4a4917,2026-08-26T03:00:00,payment-gateway-service,5a5e30306f9a4a559b363324f07cc186,dev_87@enterprise.com,Update Stripe 3DS SDK,PR #5532 - Upgrading Stripe 3DS SDK to latest version for APAC compliance.,FAILED,production-apac
DEP-ffd1233b,2026-08-26T04:00:00,payment-gateway-service,88d98cf203ee401ca4816a29636a684e,dev_71@enterprise.com,Update Stripe 3DS SDK,PR #5532 - Upgrading Stripe 3DS SDK to latest version for APAC compliance.,FAILED,production-apac
DEP-f90a3735,2026-08-26T05:00:00,payment-gateway-service,14222d04bc1246e9b8bb24ddac10b4e2,dev_7@enterprise.com,Update Stripe 3DS SDK,PR #5532 - Upgrading Stripe 3DS SDK to latest version for APAC compliance.,FAILED,production-apac
DEP-3b3dc12f,2026-08-26T10:00:00,search-service,8d9407a770f24a549a76af58674dbbc5,dev_52@enterprise.com,Deploy search-service v7.2.7,PR #3942 - Routine deployment. Dependency updates.,ROLLED_BACK,production-eu
DEP-0795c4cc,2026-08-26T10:00:00,payment-gateway-service,a92f185c79874d3ba95fb1f09d6bbbec,dev_95@enterprise.com,Deploy payment-gateway-service v6.7.4,PR #4518 - Routine deployment. Dependency updates.,COMPLETED,production-emea
DEP-c73a8dc7,2026-08-26T13:00:00,database-migration-service,730002122ba8412d9d9e83c2588d8464,dev_54@enterprise.com,Deploy database-migration-service v7.5.8,PR #9096 - Routine deployment. Dependency updates.,COMPLETED,production-apac
DEP-fd668e79,2026-08-26T14:00:00,payment-gateway-service,a2be2dfbf9c14187831119ed605268e9,dev_69@enterprise.com,Update Stripe 3DS SDK,PR #5532 - Upgrading Stripe 3DS SDK to latest version for APAC compliance.,FAILED,production-apac
DEP-a6d7ecf0,2026-08-26T15:00:00,notification-service,7a91f05e04b54e47af85a6f8debbaf0f,dev_84@enterprise.com,Deploy notification-service v7.1.0,PR #9286 - Routine deployment. Dependency updates.,ROLLED_BACK,canary
DEP-01d67851,2026-08-26T19:00:00,checkout-auth-service,43dfaeb3aae848e9a3d055a2c73a45b2,dev_41@enterprise.com,Deploy checkout-auth-service v8.0.6,PR #4112 - Routine deployment. Dependency updates.,COMPLETED,staging
DEP-9c8a1b70,2026-08-26T20:00:00,payment-gateway-service,3f43cedaf42f4bb3b97bbbd2e91a519e,dev_10@enterprise.com,Update Stripe 3DS SDK,PR #5532 - Upgrading Stripe 3DS SDK to latest version for APAC compliance.,FAILED,production-apac
DEP-35f8cc6c,2026-08-27T00:00:00,search-service,ce99177192934354b3ca11425b33d83c,dev_62@enterprise.com,Deploy search-service v10.0.3,PR #7699 - Routine deployment. Dependency updates.,FAILED,staging
DEP-b894a0fb,2026-08-27T09:00:00,api-gateway,5edfd9fd9de24bae9e5d9c26fc7dc1f7,dev_20@enterprise.com,Deploy api-gateway v5.9.2,PR #2180 - Routine deployment. Dependency updates.,COMPLETED,production-latam
DEP-92b4fcbe,2026-08-27T16:00:00,search-service,396550239cae4c4abd0e3fe8134d22b6,dev_31@enterprise.com,Deploy search-service v4.9.4,PR #2164 - Routine deployment. Dependency updates.,COMPLETED,production-apac
DEP-859e7aab,2026-08-27T17:00:00,payment-gateway-service,f1318c7aa5534ed08d1f048d56cbadc2,dev_85@enterprise.com,Update Stripe 3DS SDK,PR #5532 - Upgrading Stripe 3DS SDK to latest version for APAC compliance.,FAILED,production-apac
DEP-c649d987,2026-08-27T21:00:00,payment-gateway-service,9ee0a7ee768f435b8302ccc54e69b70e,dev_31@enterprise.com,Update Stripe 3DS SDK,PR #5532 - Upgrading Stripe 3DS SDK to latest version for APAC compliance.,FAILED,production-apac
DEP-1f074e5d,2026-08-28T10:00:00,cart-microservice,d48db06b46e3455c9bf10b884a9931a8,dev_45@enterprise.com,Deploy cart-microservice v10.3.8,PR #3637 - Routine deployment. Dependency updates.,COMPLETED,production-apac
DEP-df65025a,2026-08-28T10:00:00,payment-gateway-service,f5ebe3cd57f944acb334972c54867160,dev_27@enterprise.com,Deploy payment-gateway-service v3.8.7,PR #3158 - Routine deployment. Dependency updates.,COMPLETED,production-emea
DEP-9f5b28dc,2026-08-28T15:00:00,payment-gateway-service,fdbc4e9b6bff473e967d95a5b70fb857,dev_93@enterprise.com,Update Stripe 3DS SDK,PR #5532 - Upgrading Stripe 3DS SDK to latest version for APAC compliance.,FAILED,production-apac
DEP-13d127f2,2026-08-28T18:00:00,payment-gateway-service,c3826faa3c6442fda39f92383a2822e9,dev_87@enterprise.com,Deploy payment-gateway-service v4.0.0,PR #1175 - Routine deployment. Dependency updates.,COMPLETED,production-latam
DEP-4b61c8d2,2026-08-28T22:00:00,payment-gateway-service,2447df13aec049f88cebbc5debc57372,dev_7@enterprise.com,Update Stripe 3DS SDK,PR #5532 - Upgrading Stripe 3DS SDK to latest version for APAC compliance.,FAILED,production-apac
