alert_id,channel,timestamp,severity,source,message,metric_tag
ALRT-95665bc1,#infra-alerts,2025-08-29T01:00:00,WARNING,New-Relic,Routine alert: Conversion_Rate is behaving normally.,Conversion_Rate
ALRT-a9bd63bd,#platform-stability,2025-08-29T06:00:00,INFO,Google-Analytics,Routine alert: Sessions is behaving normally.,Sessions
ALRT-22284d21,#db-alerts,2025-08-29T06:00:00,WARNING,AWS-CloudWatch,Routine alert: CPU_Usage is behaving normally.,CPU_Usage
ALRT-13720890,#platform-stability,2025-08-29T07:00:00,INFO,Sentry,Routine alert: Conversion_Rate is behaving normally.,Conversion_Rate
ALRT-6234bb0e,#release-pipeline,2025-08-29T13:00:00,WARNING,Datadog-APM,Routine alert: Memory_Usage is behaving normally.,Memory_Usage
ALRT-42c94350,#incident-response,2025-08-29T17:00:00,INFO,Grafana-Prometheus,Routine alert: AOV is behaving normally.,AOV
ALRT-1bd88e2b,#incident-response,2025-08-29T23:00:00,INFO,Google-Analytics,Routine alert: Conversion_Rate is behaving normally.,Conversion_Rate
ALRT-10f3831f,#growth-marketing,2025-08-29T23:00:00,INFO,PagerDuty,Routine alert: Memory_Usage is behaving normally.,Memory_Usage
ALRT-e8a24e83,#release-pipeline,2025-08-30T01:00:00,INFO,StatusPage,Routine alert: Sessions is behaving normally.,Sessions
ALRT-0553d464,#api-health,2025-08-30T11:00:00,WARNING,Google-Analytics,Routine alert: CPU_Usage is behaving normally.,CPU_Usage
ALRT-1c7d74d0,#infra-alerts,2025-08-31T01:00:00,INFO,StatusPage,Routine alert: Payment_Success_Rate is behaving normally.,Payment_Success_Rate
ALRT-590eb72a,#db-alerts,2025-08-31T10:00:00,INFO,ElasticSearch-APM,Routine alert: Sessions is behaving normally.,Sessions
ALRT-bc0eb0ba,#platform-stability,2025-08-31T13:00:00,INFO,Grafana-Prometheus,Routine alert: Revenue is behaving normally.,Revenue
ALRT-06b2c263,#platform-stability,2025-08-31T17:00:00,INFO,Google-Analytics,Routine alert: Conversion_Rate is behaving normally.,Conversion_Rate
ALRT-8208e926,#incident-response,2025-08-31T19:00:00,WARNING,Grafana-Prometheus,Routine alert: Disk_IO is behaving normally.,Disk_IO
ALRT-c831947b,#incident-response,2025-09-01T00:00:00,INFO,StatusPage,Routine alert: CPU_Usage is behaving normally.,CPU_Usage
ALRT-743f7f92,#infra-alerts,2025-09-01T02:00:00,WARNING,New-Relic,Routine alert: Disk_IO is behaving normally.,Disk_IO
ALRT-a0d436ab,#growth-marketing,2025-09-01T03:00:00,WARNING,PagerDuty,Routine alert: Payment_Success_Rate is behaving normally.,Payment_Success_Rate
ALRT-874d8ebb,#api-health,2025-09-01T06:00:00,INFO,Cloudflare-DNS,Routine alert: AOV is behaving normally.,AOV
ALRT-db1b1cda,#incident-response,2025-09-01T07:00:00,INFO,AWS-CloudWatch,Routine alert: Revenue is behaving normally.,Revenue
ALRT-fc4293d0,#ops-monitoring,2025-09-01T08:00:00,WARNING,Cloudflare-DNS,Routine alert: Payment_Success_Rate is behaving normally.,Payment_Success_Rate
ALRT-02eb6615,#war-room-checkout,2025-09-01T15:00:00,INFO,Cloudflare-DNS,Routine alert: Disk_IO is behaving normally.,Disk_IO
ALRT-f22cdb92,#platform-stability,2025-09-01T19:00:00,WARNING,StatusPage,Routine alert: Payment_Success_Rate is behaving normally.,Payment_Success_Rate
ALRT-1a119c27,#db-alerts,2025-09-02T03:00:00,WARNING,New-Relic,Routine alert: Conversion_Rate is behaving normally.,Conversion_Rate
ALRT-c7872d17,#infra-alerts,2025-09-02T10:00:00,INFO,Grafana-Prometheus,Routine alert: Latency is behaving normally.,Latency
ALRT-73ef9d58,#db-alerts,2025-09-02T15:00:00,INFO,AWS-CloudWatch,Routine alert: AOV is behaving normally.,AOV
ALRT-73b0183c,#security-incidents,2025-09-03T01:00:00,INFO,StatusPage,Routine alert: Payment_Success_Rate is behaving normally.,Payment_Success_Rate
ALRT-f779e58e,#release-pipeline,2025-09-03T04:00:00,WARNING,StatusPage,Routine alert: Payment_Success_Rate is behaving normally.,Payment_Success_Rate
ALRT-158793c9,#security-incidents,2025-09-03T04:00:00,INFO,Datadog-APM,Routine alert: Error_Rate is behaving normally.,Error_Rate
ALRT-7bbe3e93,#db-alerts,2025-09-03T17:00:00,INFO,Grafana-Prometheus,Routine alert: Revenue is behaving normally.,Revenue
ALRT-f3a2712b,#war-room-checkout,2025-09-03T22:00:00,WARNING,AWS-CloudWatch,Routine alert: Disk_IO is behaving normally.,Disk_IO
ALRT-f7f61064,#war-room-checkout,2025-09-04T09:00:00,WARNING,Cloudflare-DNS,Routine alert: Error_Rate is behaving normally.,Error_Rate
ALRT-817f4e1b,#growth-marketing,2025-09-04T15:00:00,WARNING,StatusPage,Routine alert: Error_Rate is behaving normally.,Error_Rate
ALRT-11bfbad6,#platform-stability,2025-09-04T15:00:00,WARNING,Sentry,Routine alert: AOV is behaving normally.,AOV
ALRT-51711e04,#infra-alerts,2025-09-04T17:00:00,INFO,AWS-CloudWatch,Routine alert: Memory_Usage is behaving normally.,Memory_Usage
ALRT-41fd63e0,#war-room-checkout,2025-09-04T21:00:00,WARNING,ElasticSearch-APM,Routine alert: Revenue is behaving normally.,Revenue
ALRT-e5eb53dc,#war-room-checkout,2025-09-05T00:00:00,INFO,New-Relic,Routine alert: Memory_Usage is behaving normally.,Memory_Usage
ALRT-b9d0ee96,#infra-alerts,2025-09-05T07:00:00,INFO,Sentry,Routine alert: Payment_Success_Rate is behaving normally.,Payment_Success_Rate
ALRT-7e96e799,#release-pipeline,2025-09-05T07:00:00,INFO,Grafana-Prometheus,Routine alert: Disk_IO is behaving normally.,Disk_IO
ALRT-6388b23b,#infra-alerts,2025-09-05T21:00:00,INFO,Google-Analytics,Routine alert: CPU_Usage is behaving normally.,CPU_Usage
ALRT-2c4eb7a1,#api-health,2025-09-06T03:00:00,INFO,StatusPage,Routine alert: Conversion_Rate is behaving normally.,Conversion_Rate
ALRT-1a921c5f,#infra-alerts,2025-09-06T23:00:00,INFO,Grafana-Prometheus,Routine alert: Error_Rate is behaving normally.,Error_Rate
ALRT-8ec0cc2d,#infra-alerts,2025-09-07T06:00:00,INFO,Datadog-APM,Routine alert: Conversion_Rate is behaving normally.,Conversion_Rate
ALRT-27308217,#infra-alerts,2025-09-07T07:00:00,WARNING,StatusPage,Routine alert: Memory_Usage is behaving normally.,Memory_Usage
ALRT-632c9dd4,#growth-marketing,2025-09-07T14:00:00,WARNING,StatusPage,Routine alert: Payment_Success_Rate is behaving normally.,Payment_Success_Rate
ALRT-b193c733,#incident-response,2025-09-07T17:00:00,INFO,PagerDuty,Routine alert: Conversion_Rate is behaving normally.,Conversion_Rate
ALRT-d755c8bc,#war-room-checkout,2025-09-07T22:00:00,WARNING,Google-Analytics,Routine alert: Error_Rate is behaving normally.,Error_Rate
ALRT-6a85201b,#growth-marketing,2025-09-08T05:00:00,WARNING,Datadog-APM,Routine alert: Payment_Success_Rate is behaving normally.,Payment_Success_Rate
ALRT-fab2759f,#incident-response,2025-09-08T16:00:00,INFO,Sentry,Routine alert: AOV is behaving normally.,AOV
ALRT-31f549b8,#db-alerts,2025-09-08T19:00:00,INFO,Google-Analytics,Routine alert: Latency is behaving normally.,Latency
ALRT-f2c7ea76,#platform-stability,2025-09-08T19:00:00,WARNING,ElasticSearch-APM,Routine alert: Payment_Success_Rate is behaving normally.,Payment_Success_Rate
ALRT-31bdcddb,#infra-alerts,2025-09-09T00:00:00,INFO,AWS-CloudWatch,Routine alert: Sessions is behaving normally.,Sessions
ALRT-181b64eb,#incident-response,2025-09-09T10:00:00,WARNING,Sentry,Routine alert: Disk_IO is behaving normally.,Disk_IO
ALRT-dcf53d6c,#infra-alerts,2025-09-09T13:00:00,INFO,PagerDuty,Routine alert: Memory_Usage is behaving normally.,Memory_Usage
ALRT-e4b2a611,#release-pipeline,2025-09-10T09:00:00,INFO,PagerDuty,Routine alert: Latency is behaving normally.,Latency
ALRT-1397388c,#platform-stability,2025-09-10T09:00:00,WARNING,Google-Analytics,Routine alert: Latency is behaving normally.,Latency
ALRT-ebaa415f,#ops-monitoring,2025-09-10T14:00:00,WARNING,PagerDuty,Routine alert: Revenue is behaving normally.,Revenue
ALRT-582093e4,#infra-alerts,2025-09-10T16:00:00,WARNING,AWS-CloudWatch,Routine alert: Error_Rate is behaving normally.,Error_Rate
ALRT-5a3d6ed0,#war-room-checkout,2025-09-10T18:00:00,WARNING,AWS-CloudWatch,Routine alert: Memory_Usage is behaving normally.,Memory_Usage
ALRT-65fe6d02,#infra-alerts,2025-09-10T20:00:00,INFO,StatusPage,Routine alert: Sessions is behaving normally.,Sessions
ALRT-b9001ed9,#platform-stability,2025-09-10T20:00:00,INFO,AWS-CloudWatch,Routine alert: Sessions is behaving normally.,Sessions
ALRT-7585a428,#release-pipeline,2025-09-10T22:00:00,WARNING,Datadog-APM,Routine alert: Payment_Success_Rate is behaving normally.,Payment_Success_Rate
ALRT-35ab5f1b,#ops-monitoring,2025-09-11T02:00:00,INFO,New-Relic,Routine alert: Disk_IO is behaving normally.,Disk_IO
ALRT-8305de51,#war-room-checkout,2025-09-11T10:00:00,WARNING,StatusPage,Routine alert: Disk_IO is behaving normally.,Disk_IO
ALRT-36857b6d,#release-pipeline,2025-09-11T23:00:00,INFO,StatusPage,Routine alert: Conversion_Rate is behaving normally.,Conversion_Rate
ALRT-379563f7,#war-room-checkout,2025-09-12T04:00:00,WARNING,Grafana-Prometheus,Routine alert: Payment_Success_Rate is behaving normally.,Payment_Success_Rate
ALRT-3b7aa1f8,#incident-response,2025-09-12T06:00:00,WARNING,Sentry,Routine alert: Latency is behaving normally.,Latency
ALRT-a94b74c2,#api-health,2025-09-12T10:00:00,WARNING,AWS-CloudWatch,Routine alert: Latency is behaving normally.,Latency
ALRT-a6899f47,#war-room-checkout,2025-09-12T10:00:00,WARNING,Grafana-Prometheus,Routine alert: CPU_Usage is behaving normally.,CPU_Usage
ALRT-f5a779c0,#release-pipeline,2025-09-12T11:00:00,WARNING,Cloudflare-DNS,Routine alert: Disk_IO is behaving normally.,Disk_IO
ALRT-4931b8d3,#incident-response,2025-09-12T15:00:00,INFO,Google-Analytics,Routine alert: Revenue is behaving normally.,Revenue
ALRT-35898d34,#api-health,2025-09-12T18:00:00,WARNING,PagerDuty,Routine alert: AOV is behaving normally.,AOV
ALRT-7dcbbd2a,#api-health,2025-09-13T01:00:00,WARNING,Google-Analytics,Routine alert: Sessions is behaving normally.,Sessions
ALRT-a1fb8d41,#security-incidents,2025-09-13T17:00:00,INFO,AWS-CloudWatch,Routine alert: Payment_Success_Rate is behaving normally.,Payment_Success_Rate
ALRT-a5ab5e13,#security-incidents,2025-09-14T02:00:00,INFO,Google-Analytics,Routine alert: AOV is behaving normally.,AOV
ALRT-ae7b294d,#war-room-checkout,2025-09-14T04:00:00,WARNING,AWS-CloudWatch,Routine alert: Error_Rate is behaving normally.,Error_Rate
ALRT-e8597bcc,#api-health,2025-09-14T08:00:00,INFO,Grafana-Prometheus,Routine alert: Disk_IO is behaving normally.,Disk_IO
ALRT-2c59034a,#security-incidents,2025-09-14T16:00:00,INFO,New-Relic,Routine alert: CPU_Usage is behaving normally.,CPU_Usage
ALRT-f75e0736,#platform-stability,2025-09-14T18:00:00,WARNING,StatusPage,Routine alert: Latency is behaving normally.,Latency
ALRT-fa0b5d29,#security-incidents,2025-09-14T20:00:00,INFO,Cloudflare-DNS,Routine alert: AOV is behaving normally.,AOV
ALRT-010f4dfa,#release-pipeline,2025-09-14T21:00:00,WARNING,New-Relic,Routine alert: CPU_Usage is behaving normally.,CPU_Usage
ALRT-929b260c,#release-pipeline,2025-09-15T03:00:00,WARNING,New-Relic,Routine alert: Payment_Success_Rate is behaving normally.,Payment_Success_Rate
ALRT-a23b56f5,#security-incidents,2025-09-15T15:00:00,WARNING,Grafana-Prometheus,Routine alert: Payment_Success_Rate is behaving normally.,Payment_Success_Rate
ALRT-5a7ff316,#db-alerts,2025-09-16T05:00:00,WARNING,Cloudflare-DNS,Routine alert: Error_Rate is behaving normally.,Error_Rate
ALRT-0ecfcf1e,#api-health,2025-09-16T06:00:00,INFO,ElasticSearch-APM,Routine alert: AOV is behaving normally.,AOV
ALRT-43cea480,#growth-marketing,2025-09-16T22:00:00,INFO,Google-Analytics,Routine alert: Error_Rate is behaving normally.,Error_Rate
ALRT-f359be81,#release-pipeline,2025-09-17T02:00:00,WARNING,Datadog-APM,Routine alert: Memory_Usage is behaving normally.,Memory_Usage
ALRT-35677cd8,#security-incidents,2025-09-17T07:00:00,INFO,Datadog-APM,Routine alert: CPU_Usage is behaving normally.,CPU_Usage
ALRT-925c9b52,#incident-response,2025-09-17T08:00:00,INFO,Cloudflare-DNS,Routine alert: Payment_Success_Rate is behaving normally.,Payment_Success_Rate
ALRT-8d90e13f,#ops-monitoring,2025-09-17T09:00:00,WARNING,StatusPage,Routine alert: Latency is behaving normally.,Latency
ALRT-a58bba53,#api-health,2025-09-17T19:00:00,WARNING,PagerDuty,Routine alert: Error_Rate is behaving normally.,Error_Rate
ALRT-c00e5209,#growth-marketing,2025-09-17T21:00:00,INFO,Grafana-Prometheus,Routine alert: CPU_Usage is behaving normally.,CPU_Usage
ALRT-797305aa,#growth-marketing,2025-09-18T11:00:00,INFO,Google-Analytics,Routine alert: Revenue is behaving normally.,Revenue
ALRT-4a3ce51b,#growth-marketing,2025-09-18T14:00:00,WARNING,PagerDuty,Routine alert: Revenue is behaving normally.,Revenue
ALRT-11c1f93f,#api-health,2025-09-18T19:00:00,WARNING,New-Relic,Routine alert: Disk_IO is behaving normally.,Disk_IO
ALRT-5633c5e4,#infra-alerts,2025-09-18T23:00:00,INFO,Google-Analytics,Routine alert: Conversion_Rate is behaving normally.,Conversion_Rate
ALRT-970a194d,#platform-stability,2025-09-19T10:00:00,WARNING,PagerDuty,Routine alert: AOV is behaving normally.,AOV
ALRT-e3845554,#incident-response,2025-09-19T21:00:00,WARNING,Datadog-APM,Routine alert: Memory_Usage is behaving normally.,Memory_Usage
ALRT-299d5d1c,#db-alerts,2025-09-19T22:00:00,WARNING,PagerDuty,Routine alert: CPU_Usage is behaving normally.,CPU_Usage
ALRT-b3f60426,#ops-monitoring,2025-09-20T10:00:00,INFO,Datadog-APM,Routine alert: Revenue is behaving normally.,Revenue
ALRT-36f37e30,#infra-alerts,2025-09-20T11:00:00,INFO,Grafana-Prometheus,Routine alert: Memory_Usage is behaving normally.,Memory_Usage
ALRT-98e93b5d,#ops-monitoring,2025-09-20T12:00:00,INFO,Google-Analytics,Routine alert: AOV is behaving normally.,AOV
ALRT-e652780b,#ops-monitoring,2025-09-20T12:00:00,INFO,Cloudflare-DNS,Routine alert: AOV is behaving normally.,AOV
ALRT-99585410,#infra-alerts,2025-09-20T13:00:00,INFO,Grafana-Prometheus,Routine alert: CPU_Usage is behaving normally.,CPU_Usage
ALRT-7cfad5e3,#api-health,2025-09-20T18:00:00,INFO,PagerDuty,Routine alert: Payment_Success_Rate is behaving normally.,Payment_Success_Rate
ALRT-69bac5d8,#db-alerts,2025-09-20T21:00:00,WARNING,New-Relic,Routine alert: Error_Rate is behaving normally.,Error_Rate
ALRT-97d0f258,#release-pipeline,2025-09-20T22:00:00,INFO,ElasticSearch-APM,Routine alert: Latency is behaving normally.,Latency
ALRT-87c5ce31,#incident-response,2025-09-21T02:00:00,WARNING,Grafana-Prometheus,Routine alert: Conversion_Rate is behaving normally.,Conversion_Rate
ALRT-7e7524cd,#platform-stability,2025-09-21T04:00:00,INFO,Sentry,Routine alert: AOV is behaving normally.,AOV
ALRT-af5f5db0,#db-alerts,2025-09-21T13:00:00,INFO,AWS-CloudWatch,Routine alert: AOV is behaving normally.,AOV
ALRT-6ce27315,#release-pipeline,2025-09-21T18:00:00,INFO,AWS-CloudWatch,Routine alert: CPU_Usage is behaving normally.,CPU_Usage
ALRT-74abac4a,#war-room-checkout,2025-09-21T18:00:00,WARNING,Datadog-APM,Routine alert: CPU_Usage is behaving normally.,CPU_Usage
ALRT-954921aa,#incident-response,2025-09-21T19:00:00,WARNING,Datadog-APM,Routine alert: AOV is behaving normally.,AOV
ALRT-655dd7d3,#war-room-checkout,2025-09-21T20:00:00,WARNING,Sentry,Routine alert: Revenue is behaving normally.,Revenue
ALRT-7383a505,#growth-marketing,2025-09-22T07:00:00,WARNING,Cloudflare-DNS,Routine alert: Revenue is behaving normally.,Revenue
ALRT-82e654ce,#release-pipeline,2025-09-22T18:00:00,INFO,New-Relic,Routine alert: AOV is behaving normally.,AOV
ALRT-9d2e82e4,#growth-marketing,2025-09-22T18:00:00,WARNING,New-Relic,Routine alert: Memory_Usage is behaving normally.,Memory_Usage
ALRT-eb61761b,#api-health,2025-09-23T01:00:00,INFO,ElasticSearch-APM,Routine alert: Sessions is behaving normally.,Sessions
ALRT-11a2a19a,#incident-response,2025-09-23T15:00:00,WARNING,Google-Analytics,Routine alert: CPU_Usage is behaving normally.,CPU_Usage
ALRT-87813ae7,#release-pipeline,2025-09-24T18:00:00,INFO,ElasticSearch-APM,Routine alert: Error_Rate is behaving normally.,Error_Rate
ALRT-1eb30fe5,#api-health,2025-09-24T20:00:00,INFO,Grafana-Prometheus,Routine alert: Sessions is behaving normally.,Sessions
ALRT-644cd7ad,#ops-monitoring,2025-09-25T00:00:00,INFO,StatusPage,Routine alert: Conversion_Rate is behaving normally.,Conversion_Rate
ALRT-1e61420f,#incident-response,2025-09-25T03:00:00,WARNING,Google-Analytics,Routine alert: Error_Rate is behaving normally.,Error_Rate
ALRT-dd0a32f9,#db-alerts,2025-09-25T09:00:00,INFO,AWS-CloudWatch,Routine alert: Memory_Usage is behaving normally.,Memory_Usage
ALRT-aa943470,#security-incidents,2025-09-25T13:00:00,WARNING,AWS-CloudWatch,Routine alert: AOV is behaving normally.,AOV
ALRT-c59af639,#growth-marketing,2025-09-25T21:00:00,WARNING,New-Relic,Routine alert: AOV is behaving normally.,AOV
ALRT-46719648,#incident-response,2025-09-26T04:00:00,WARNING,New-Relic,Routine alert: Memory_Usage is behaving normally.,Memory_Usage
ALRT-e61a2e7b,#db-alerts,2025-09-26T04:00:00,INFO,Sentry,Routine alert: Error_Rate is behaving normally.,Error_Rate
ALRT-48030785,#war-room-checkout,2025-09-26T22:00:00,WARNING,Datadog-APM,Routine alert: Payment_Success_Rate is behaving normally.,Payment_Success_Rate
ALRT-20094e5a,#ops-monitoring,2025-09-27T02:00:00,INFO,Sentry,Routine alert: Disk_IO is behaving normally.,Disk_IO
ALRT-647c1552,#ops-monitoring,2025-09-27T03:00:00,WARNING,Google-Analytics,Routine alert: Conversion_Rate is behaving normally.,Conversion_Rate
ALRT-1f462929,#war-room-checkout,2025-09-27T04:00:00,INFO,New-Relic,Routine alert: AOV is behaving normally.,AOV
ALRT-dab98626,#incident-response,2025-09-27T07:00:00,WARNING,Datadog-APM,Routine alert: Latency is behaving normally.,Latency
ALRT-26b827c8,#infra-alerts,2025-09-27T08:00:00,WARNING,PagerDuty,Routine alert: CPU_Usage is behaving normally.,CPU_Usage
ALRT-9475256c,#ops-monitoring,2025-09-27T10:00:00,WARNING,PagerDuty,Routine alert: CPU_Usage is behaving normally.,CPU_Usage
ALRT-4f12a84d,#incident-response,2025-09-27T17:00:00,WARNING,Cloudflare-DNS,Routine alert: AOV is behaving normally.,AOV
ALRT-c9bf355a,#security-incidents,2025-09-27T22:00:00,WARNING,Sentry,Routine alert: Disk_IO is behaving normally.,Disk_IO
ALRT-6a55aae1,#ops-monitoring,2025-09-28T09:00:00,INFO,Google-Analytics,Routine alert: Revenue is behaving normally.,Revenue
ALRT-0668e8fb,#platform-stability,2025-09-28T15:00:00,WARNING,Google-Analytics,Routine alert: AOV is behaving normally.,AOV
ALRT-8452d8bb,#api-health,2025-09-28T16:00:00,INFO,Grafana-Prometheus,Routine alert: Payment_Success_Rate is behaving normally.,Payment_Success_Rate
ALRT-37131619,#api-health,2025-09-29T03:00:00,INFO,StatusPage,Routine alert: Sessions is behaving normally.,Sessions
ALRT-177e6fc6,#ops-monitoring,2025-09-29T04:00:00,INFO,Grafana-Prometheus,Routine alert: Conversion_Rate is behaving normally.,Conversion_Rate
ALRT-a1720707,#security-incidents,2025-09-29T06:00:00,INFO,PagerDuty,Routine alert: Error_Rate is behaving normally.,Error_Rate
ALRT-6e08f072,#security-incidents,2025-09-29T17:00:00,WARNING,New-Relic,Routine alert: AOV is behaving normally.,AOV
ALRT-ca8b08f5,#war-room-checkout,2025-09-29T17:00:00,WARNING,AWS-CloudWatch,Routine alert: Disk_IO is behaving normally.,Disk_IO
ALRT-3deb8a01,#api-health,2025-09-29T18:00:00,INFO,AWS-CloudWatch,Routine alert: Sessions is behaving normally.,Sessions
ALRT-35588938,#infra-alerts,2025-09-29T22:00:00,INFO,Cloudflare-DNS,Routine alert: Memory_Usage is behaving normally.,Memory_Usage
ALRT-8efa05a2,#ops-monitoring,2025-09-30T10:00:00,WARNING,StatusPage,Routine alert: Conversion_Rate is behaving normally.,Conversion_Rate
ALRT-548f1ddf,#security-incidents,2025-09-30T12:00:00,INFO,StatusPage,Routine alert: Latency is behaving normally.,Latency
ALRT-538e118c,#platform-stability,2025-09-30T13:00:00,WARNING,Grafana-Prometheus,Routine alert: Conversion_Rate is behaving normally.,Conversion_Rate
ALRT-b9e90393,#growth-marketing,2025-09-30T21:00:00,WARNING,AWS-CloudWatch,Routine alert: Latency is behaving normally.,Latency
ALRT-61ba2388,#db-alerts,2025-10-01T20:00:00,INFO,Google-Analytics,Routine alert: Conversion_Rate is behaving normally.,Conversion_Rate
ALRT-58221cde,#ops-monitoring,2025-10-01T21:00:00,INFO,Datadog-APM,Routine alert: Payment_Success_Rate is behaving normally.,Payment_Success_Rate
ALRT-93232c5d,#platform-stability,2025-10-02T03:00:00,WARNING,StatusPage,Routine alert: Memory_Usage is behaving normally.,Memory_Usage
ALRT-75d1da0a,#api-health,2025-10-02T03:00:00,WARNING,StatusPage,Routine alert: Error_Rate is behaving normally.,Error_Rate
ALRT-7936f731,#war-room-checkout,2025-10-02T06:00:00,INFO,New-Relic,Routine alert: CPU_Usage is behaving normally.,CPU_Usage
ALRT-e0255380,#api-health,2025-10-03T01:00:00,INFO,Cloudflare-DNS,Routine alert: Disk_IO is behaving normally.,Disk_IO
ALRT-c6ae57ee,#infra-alerts,2025-10-03T10:00:00,WARNING,ElasticSearch-APM,Routine alert: Sessions is behaving normally.,Sessions
ALRT-0763f289,#release-pipeline,2025-10-03T18:00:00,WARNING,New-Relic,Routine alert: Disk_IO is behaving normally.,Disk_IO
ALRT-16c2bb01,#growth-marketing,2025-10-04T00:00:00,WARNING,Datadog-APM,Routine alert: Disk_IO is behaving normally.,Disk_IO
ALRT-d0b2ba31,#platform-stability,2025-10-04T01:00:00,WARNING,ElasticSearch-APM,Routine alert: Conversion_Rate is behaving normally.,Conversion_Rate
ALRT-6dbf625a,#ops-monitoring,2025-10-04T02:00:00,INFO,StatusPage,Routine alert: Sessions is behaving normally.,Sessions
ALRT-41b3536e,#growth-marketing,2025-10-04T15:00:00,WARNING,Cloudflare-DNS,Routine alert: Revenue is behaving normally.,Revenue
ALRT-8b970294,#growth-marketing,2025-10-04T16:00:00,WARNING,New-Relic,Routine alert: Error_Rate is behaving normally.,Error_Rate
ALRT-05994bce,#incident-response,2025-10-04T16:00:00,INFO,ElasticSearch-APM,Routine alert: Disk_IO is behaving normally.,Disk_IO
ALRT-eb05b8bb,#db-alerts,2025-10-04T19:00:00,WARNING,Datadog-APM,Routine alert: Payment_Success_Rate is behaving normally.,Payment_Success_Rate
ALRT-bb7e3c8e,#api-health,2025-10-05T05:00:00,WARNING,PagerDuty,Routine alert: Conversion_Rate is behaving normally.,Conversion_Rate
ALRT-512600dd,#db-alerts,2025-10-05T16:00:00,WARNING,Datadog-APM,Routine alert: Conversion_Rate is behaving normally.,Conversion_Rate
ALRT-ba327786,#ops-monitoring,2025-10-05T23:00:00,INFO,Datadog-APM,Routine alert: Revenue is behaving normally.,Revenue
ALRT-a8786761,#war-room-checkout,2025-10-06T00:00:00,INFO,Sentry,Routine alert: Disk_IO is behaving normally.,Disk_IO
ALRT-b5d31712,#war-room-checkout,2025-10-06T03:00:00,INFO,ElasticSearch-APM,Routine alert: Conversion_Rate is behaving normally.,Conversion_Rate
ALRT-22c5f71b,#api-health,2025-10-06T12:00:00,WARNING,PagerDuty,Routine alert: Memory_Usage is behaving normally.,Memory_Usage
ALRT-d342da9b,#platform-stability,2025-10-06T12:00:00,WARNING,PagerDuty,Routine alert: Latency is behaving normally.,Latency
ALRT-615db03f,#security-incidents,2025-10-06T12:00:00,INFO,ElasticSearch-APM,Routine alert: Revenue is behaving normally.,Revenue
ALRT-0b0620a1,#security-incidents,2025-10-06T16:00:00,WARNING,Grafana-Prometheus,Routine alert: Sessions is behaving normally.,Sessions
ALRT-3e98d4ab,#war-room-checkout,2025-10-06T22:00:00,INFO,Grafana-Prometheus,Routine alert: Payment_Success_Rate is behaving normally.,Payment_Success_Rate
ALRT-9d94db52,#platform-stability,2025-10-06T22:00:00,WARNING,Sentry,Routine alert: Error_Rate is behaving normally.,Error_Rate
ALRT-ac30c46d,#api-health,2025-10-07T06:00:00,WARNING,PagerDuty,Routine alert: CPU_Usage is behaving normally.,CPU_Usage
ALRT-762f1cc9,#ops-monitoring,2025-10-07T18:00:00,WARNING,StatusPage,Routine alert: Payment_Success_Rate is behaving normally.,Payment_Success_Rate
ALRT-3999ca80,#security-incidents,2025-10-07T21:00:00,WARNING,Datadog-APM,Routine alert: Memory_Usage is behaving normally.,Memory_Usage
ALRT-4ff19792,#release-pipeline,2025-10-08T07:00:00,INFO,Google-Analytics,Routine alert: Revenue is behaving normally.,Revenue
ALRT-55e350f6,#release-pipeline,2025-10-08T09:00:00,WARNING,Grafana-Prometheus,Routine alert: Error_Rate is behaving normally.,Error_Rate
ALRT-bdab7e05,#growth-marketing,2025-10-08T16:00:00,INFO,ElasticSearch-APM,Routine alert: Revenue is behaving normally.,Revenue
ALRT-5a68c92f,#release-pipeline,2025-10-08T20:00:00,WARNING,Sentry,Routine alert: Latency is behaving normally.,Latency
ALRT-6370952c,#db-alerts,2025-10-09T00:00:00,INFO,StatusPage,Routine alert: Memory_Usage is behaving normally.,Memory_Usage
ALRT-f8140a85,#release-pipeline,2025-10-09T02:00:00,WARNING,Sentry,Routine alert: Memory_Usage is behaving normally.,Memory_Usage
ALRT-9df3b182,#infra-alerts,2025-10-09T06:00:00,WARNING,New-Relic,Routine alert: CPU_Usage is behaving normally.,CPU_Usage
ALRT-d06498f0,#release-pipeline,2025-10-09T10:00:00,INFO,New-Relic,Routine alert: CPU_Usage is behaving normally.,CPU_Usage
ALRT-e3057df2,#ops-monitoring,2025-10-09T13:00:00,WARNING,Datadog-APM,Routine alert: Memory_Usage is behaving normally.,Memory_Usage
ALRT-cfd6f27f,#ops-monitoring,2025-10-09T23:00:00,WARNING,Google-Analytics,Routine alert: Disk_IO is behaving normally.,Disk_IO
ALRT-4860b9ff,#db-alerts,2025-10-10T01:00:00,WARNING,Datadog-APM,Routine alert: CPU_Usage is behaving normally.,CPU_Usage
ALRT-70185efc,#infra-alerts,2025-10-10T03:00:00,WARNING,Cloudflare-DNS,Routine alert: Revenue is behaving normally.,Revenue
ALRT-0fbb022c,#war-room-checkout,2025-10-10T03:00:00,INFO,StatusPage,Routine alert: Sessions is behaving normally.,Sessions
ALRT-38e31583,#war-room-checkout,2025-10-10T04:00:00,INFO,ElasticSearch-APM,Routine alert: Disk_IO is behaving normally.,Disk_IO
ALRT-60c56e40,#db-alerts,2025-10-10T05:00:00,INFO,ElasticSearch-APM,Routine alert: Memory_Usage is behaving normally.,Memory_Usage
ALRT-7bbe8b64,#release-pipeline,2025-10-10T06:00:00,WARNING,PagerDuty,Routine alert: Memory_Usage is behaving normally.,Memory_Usage
ALRT-b80a3071,#growth-marketing,2025-10-10T22:00:00,INFO,Cloudflare-DNS,Routine alert: Conversion_Rate is behaving normally.,Conversion_Rate
ALRT-e94ef511,#infra-alerts,2025-10-10T23:00:00,WARNING,StatusPage,Routine alert: Sessions is behaving normally.,Sessions
ALRT-f254560e,#growth-marketing,2025-10-11T05:00:00,WARNING,Google-Analytics,Routine alert: Error_Rate is behaving normally.,Error_Rate
ALRT-f4c3de82,#infra-alerts,2025-10-11T06:00:00,WARNING,StatusPage,Routine alert: AOV is behaving normally.,AOV
ALRT-ec1f71ae,#api-health,2025-10-11T09:00:00,WARNING,Google-Analytics,Routine alert: Disk_IO is behaving normally.,Disk_IO
ALRT-18a21b34,#growth-marketing,2025-10-11T10:00:00,INFO,New-Relic,Routine alert: CPU_Usage is behaving normally.,CPU_Usage
ALRT-357a1bd3,#api-health,2025-10-11T10:00:00,WARNING,Cloudflare-DNS,Routine alert: Conversion_Rate is behaving normally.,Conversion_Rate
ALRT-804d5fc1,#db-alerts,2025-10-11T10:00:00,INFO,Sentry,Routine alert: Disk_IO is behaving normally.,Disk_IO
ALRT-2c570206,#security-incidents,2025-10-11T14:00:00,INFO,New-Relic,Routine alert: Error_Rate is behaving normally.,Error_Rate
ALRT-f4e1edd2,#platform-stability,2025-10-11T18:00:00,WARNING,AWS-CloudWatch,Routine alert: Error_Rate is behaving normally.,Error_Rate
ALRT-b026a4ab,#api-health,2025-10-12T04:00:00,WARNING,PagerDuty,Routine alert: Disk_IO is behaving normally.,Disk_IO
ALRT-257fb3cb,#api-health,2025-10-12T08:00:00,WARNING,AWS-CloudWatch,Routine alert: CPU_Usage is behaving normally.,CPU_Usage
ALRT-8457112f,#security-incidents,2025-10-12T09:00:00,INFO,Grafana-Prometheus,Routine alert: Memory_Usage is behaving normally.,Memory_Usage
ALRT-37bd8c9d,#security-incidents,2025-10-12T11:00:00,WARNING,Grafana-Prometheus,Routine alert: Error_Rate is behaving normally.,Error_Rate
ALRT-b86b5909,#api-health,2025-10-12T14:00:00,WARNING,PagerDuty,Routine alert: Sessions is behaving normally.,Sessions
ALRT-f46cfdbe,#war-room-checkout,2025-10-12T14:00:00,WARNING,New-Relic,Routine alert: Memory_Usage is behaving normally.,Memory_Usage
ALRT-4533775f,#war-room-checkout,2025-10-13T06:00:00,WARNING,Google-Analytics,Routine alert: Memory_Usage is behaving normally.,Memory_Usage
ALRT-42f6a729,#incident-response,2025-10-13T09:00:00,INFO,Grafana-Prometheus,Routine alert: Revenue is behaving normally.,Revenue
ALRT-59e6fd0b,#release-pipeline,2025-10-14T06:00:00,INFO,Cloudflare-DNS,Routine alert: Sessions is behaving normally.,Sessions
ALRT-2b3953e1,#incident-response,2025-10-14T08:00:00,INFO,AWS-CloudWatch,Routine alert: Error_Rate is behaving normally.,Error_Rate
ALRT-76c2628a,#infra-alerts,2025-10-14T11:00:00,INFO,ElasticSearch-APM,Routine alert: Revenue is behaving normally.,Revenue
ALRT-9185c442,#war-room-checkout,2025-10-14T12:00:00,INFO,Google-Analytics,Routine alert: Memory_Usage is behaving normally.,Memory_Usage
ALRT-1292ebd6,#api-health,2025-10-14T17:00:00,INFO,StatusPage,Routine alert: Latency is behaving normally.,Latency
ALRT-7d9d380e,#ops-monitoring,2025-10-14T18:00:00,INFO,AWS-CloudWatch,Routine alert: Memory_Usage is behaving normally.,Memory_Usage
ALRT-1c4b613c,#growth-marketing,2025-10-15T15:00:00,WARNING,Google-Analytics,Routine alert: Conversion_Rate is behaving normally.,Conversion_Rate
ALRT-a2611f9c,#db-alerts,2025-10-15T17:00:00,WARNING,PagerDuty,Routine alert: CPU_Usage is behaving normally.,CPU_Usage
ALRT-38c2d3aa,#war-room-checkout,2025-10-15T21:00:00,INFO,Grafana-Prometheus,Routine alert: Disk_IO is behaving normally.,Disk_IO
ALRT-ebe56db7,#db-alerts,2025-10-15T21:00:00,WARNING,Datadog-APM,Routine alert: Disk_IO is behaving normally.,Disk_IO
ALRT-188ac575,#security-incidents,2025-10-16T00:00:00,WARNING,New-Relic,Routine alert: Latency is behaving normally.,Latency
ALRT-1e94ff98,#incident-response,2025-10-16T02:00:00,WARNING,Sentry,Routine alert: Latency is behaving normally.,Latency
ALRT-51e626ba,#security-incidents,2025-10-16T05:00:00,INFO,New-Relic,Routine alert: AOV is behaving normally.,AOV
ALRT-a2ebd117,#infra-alerts,2025-10-16T07:00:00,INFO,New-Relic,Routine alert: AOV is behaving normally.,AOV
ALRT-00761a33,#incident-response,2025-10-16T12:00:00,WARNING,New-Relic,Routine alert: Sessions is behaving normally.,Sessions
ALRT-858a9a5b,#growth-marketing,2025-10-17T00:00:00,WARNING,New-Relic,Routine alert: Memory_Usage is behaving normally.,Memory_Usage
ALRT-aca238b6,#war-room-checkout,2025-10-17T09:00:00,INFO,Cloudflare-DNS,Routine alert: AOV is behaving normally.,AOV
ALRT-7a0675b1,#release-pipeline,2025-10-17T10:00:00,INFO,AWS-CloudWatch,Routine alert: Disk_IO is behaving normally.,Disk_IO
ALRT-79d20a07,#release-pipeline,2025-10-17T16:00:00,INFO,Datadog-APM,Routine alert: Error_Rate is behaving normally.,Error_Rate
ALRT-1c2f5b89,#release-pipeline,2025-10-17T18:00:00,WARNING,Datadog-APM,Routine alert: Error_Rate is behaving normally.,Error_Rate
ALRT-80b7f29e,#api-health,2025-10-18T06:00:00,WARNING,AWS-CloudWatch,Routine alert: Conversion_Rate is behaving normally.,Conversion_Rate
ALRT-e934b4dc,#api-health,2025-10-18T14:00:00,WARNING,StatusPage,Routine alert: Error_Rate is behaving normally.,Error_Rate
ALRT-b8e6b9e1,#ops-monitoring,2025-10-18T17:00:00,INFO,ElasticSearch-APM,Routine alert: Latency is behaving normally.,Latency
ALRT-ad0dfb7b,#security-incidents,2025-10-18T17:00:00,INFO,ElasticSearch-APM,Routine alert: Disk_IO is behaving normally.,Disk_IO
ALRT-e0654cf6,#security-incidents,2025-10-18T21:00:00,INFO,Cloudflare-DNS,Routine alert: Conversion_Rate is behaving normally.,Conversion_Rate
ALRT-e5e9fcd4,#api-health,2025-10-19T00:00:00,INFO,AWS-CloudWatch,Routine alert: Conversion_Rate is behaving normally.,Conversion_Rate
ALRT-0bb1eee2,#war-room-checkout,2025-10-19T02:00:00,WARNING,New-Relic,Routine alert: Latency is behaving normally.,Latency
ALRT-25f19411,#growth-marketing,2025-10-19T03:00:00,INFO,AWS-CloudWatch,Routine alert: Disk_IO is behaving normally.,Disk_IO
ALRT-49f3c1e4,#security-incidents,2025-10-19T08:00:00,WARNING,Grafana-Prometheus,Routine alert: Sessions is behaving normally.,Sessions
ALRT-074ef817,#db-alerts,2025-10-19T09:00:00,INFO,Grafana-Prometheus,Routine alert: AOV is behaving normally.,AOV
ALRT-3d873941,#security-incidents,2025-10-19T12:00:00,INFO,New-Relic,Routine alert: Latency is behaving normally.,Latency
ALRT-a4491443,#api-health,2025-10-19T16:00:00,WARNING,AWS-CloudWatch,Routine alert: Sessions is behaving normally.,Sessions
ALRT-777c3bc4,#war-room-checkout,2025-10-19T19:00:00,WARNING,Grafana-Prometheus,Routine alert: CPU_Usage is behaving normally.,CPU_Usage
ALRT-c5419ac8,#release-pipeline,2025-10-20T09:00:00,WARNING,New-Relic,Routine alert: AOV is behaving normally.,AOV
ALRT-5ff8f9a1,#infra-alerts,2025-10-20T16:00:00,INFO,AWS-CloudWatch,Routine alert: AOV is behaving normally.,AOV
ALRT-24a06af9,#platform-stability,2025-10-20T17:00:00,INFO,PagerDuty,Routine alert: Payment_Success_Rate is behaving normally.,Payment_Success_Rate
ALRT-b86f8385,#security-incidents,2025-10-21T15:00:00,WARNING,AWS-CloudWatch,Routine alert: Error_Rate is behaving normally.,Error_Rate
ALRT-a0960424,#infra-alerts,2025-10-21T16:00:00,WARNING,Cloudflare-DNS,Routine alert: Sessions is behaving normally.,Sessions
ALRT-7348f8ea,#incident-response,2025-10-22T12:00:00,INFO,Google-Analytics,Routine alert: CPU_Usage is behaving normally.,CPU_Usage
ALRT-eb1e4967,#war-room-checkout,2025-10-22T21:00:00,WARNING,ElasticSearch-APM,Routine alert: Payment_Success_Rate is behaving normally.,Payment_Success_Rate
ALRT-d0c76a7c,#incident-response,2025-10-22T23:00:00,WARNING,PagerDuty,Routine alert: AOV is behaving normally.,AOV
ALRT-d8ab5717,#infra-alerts,2025-10-23T03:00:00,WARNING,StatusPage,Routine alert: Latency is behaving normally.,Latency
ALRT-01f06d81,#incident-response,2025-10-23T04:00:00,INFO,AWS-CloudWatch,Routine alert: Disk_IO is behaving normally.,Disk_IO
ALRT-c8d85834,#incident-response,2025-10-23T07:00:00,WARNING,New-Relic,Routine alert: Disk_IO is behaving normally.,Disk_IO
ALRT-dbcaf414,#war-room-checkout,2025-10-23T09:00:00,INFO,Datadog-APM,Routine alert: Sessions is behaving normally.,Sessions
ALRT-10c09063,#incident-response,2025-10-23T09:00:00,WARNING,New-Relic,Routine alert: CPU_Usage is behaving normally.,CPU_Usage
ALRT-959046fb,#war-room-checkout,2025-10-23T13:00:00,WARNING,StatusPage,Routine alert: AOV is behaving normally.,AOV
ALRT-ad52e919,#growth-marketing,2025-10-23T14:00:00,INFO,Grafana-Prometheus,Routine alert: Memory_Usage is behaving normally.,Memory_Usage
ALRT-cfc10740,#infra-alerts,2025-10-23T22:00:00,INFO,Google-Analytics,Routine alert: Latency is behaving normally.,Latency
ALRT-cb349524,#ops-monitoring,2025-10-24T15:00:00,INFO,Google-Analytics,Routine alert: Disk_IO is behaving normally.,Disk_IO
ALRT-54c6c8e3,#db-alerts,2025-10-24T21:00:00,INFO,ElasticSearch-APM,Routine alert: Disk_IO is behaving normally.,Disk_IO
ALRT-90e9b23d,#war-room-checkout,2025-10-24T22:00:00,INFO,Cloudflare-DNS,Routine alert: AOV is behaving normally.,AOV
ALRT-ea29b13c,#infra-alerts,2025-10-25T00:00:00,WARNING,Datadog-APM,Routine alert: Disk_IO is behaving normally.,Disk_IO
ALRT-8042debb,#war-room-checkout,2025-10-25T01:00:00,WARNING,New-Relic,Routine alert: CPU_Usage is behaving normally.,CPU_Usage
ALRT-b3e394cd,#war-room-checkout,2025-10-25T02:00:00,WARNING,Google-Analytics,Routine alert: Sessions is behaving normally.,Sessions
ALRT-05eec4a2,#release-pipeline,2025-10-25T05:00:00,WARNING,ElasticSearch-APM,Routine alert: CPU_Usage is behaving normally.,CPU_Usage
ALRT-7f145f0a,#api-health,2025-10-25T06:00:00,INFO,Sentry,Routine alert: AOV is behaving normally.,AOV
ALRT-627beea6,#security-incidents,2025-10-25T13:00:00,INFO,ElasticSearch-APM,Routine alert: CPU_Usage is behaving normally.,CPU_Usage
ALRT-6ac71507,#growth-marketing,2025-10-25T14:00:00,WARNING,StatusPage,Routine alert: Error_Rate is behaving normally.,Error_Rate
ALRT-22c0b72e,#ops-monitoring,2025-10-25T17:00:00,WARNING,AWS-CloudWatch,Routine alert: Latency is behaving normally.,Latency
ALRT-ef5693ea,#ops-monitoring,2025-10-26T03:00:00,INFO,AWS-CloudWatch,Routine alert: Sessions is behaving normally.,Sessions
ALRT-45e24468,#war-room-checkout,2025-10-26T05:00:00,WARNING,New-Relic,Routine alert: Memory_Usage is behaving normally.,Memory_Usage
ALRT-716651e4,#growth-marketing,2025-10-26T08:00:00,WARNING,Grafana-Prometheus,Routine alert: Error_Rate is behaving normally.,Error_Rate
ALRT-27b75dc7,#war-room-checkout,2025-10-26T13:00:00,INFO,AWS-CloudWatch,Routine alert: Sessions is behaving normally.,Sessions
ALRT-79ce1b9c,#platform-stability,2025-10-26T18:00:00,WARNING,Datadog-APM,Routine alert: Error_Rate is behaving normally.,Error_Rate
ALRT-beea91be,#release-pipeline,2025-10-26T19:00:00,WARNING,StatusPage,Routine alert: Revenue is behaving normally.,Revenue
ALRT-496ab079,#incident-response,2025-10-27T01:00:00,INFO,PagerDuty,Routine alert: Conversion_Rate is behaving normally.,Conversion_Rate
ALRT-8310c3e2,#release-pipeline,2025-10-27T14:00:00,WARNING,Grafana-Prometheus,Routine alert: Payment_Success_Rate is behaving normally.,Payment_Success_Rate
ALRT-9ecf6819,#ops-monitoring,2025-10-27T14:00:00,INFO,Google-Analytics,Routine alert: Memory_Usage is behaving normally.,Memory_Usage
ALRT-4e0a13af,#platform-stability,2025-10-27T14:00:00,WARNING,Cloudflare-DNS,Routine alert: Latency is behaving normally.,Latency
ALRT-6fdeef6d,#api-health,2025-10-27T14:00:00,WARNING,Sentry,Routine alert: Memory_Usage is behaving normally.,Memory_Usage
ALRT-4f58e86a,#infra-alerts,2025-10-27T15:00:00,INFO,StatusPage,Routine alert: AOV is behaving normally.,AOV
ALRT-48245f48,#incident-response,2025-10-27T19:00:00,INFO,AWS-CloudWatch,Routine alert: Disk_IO is behaving normally.,Disk_IO
ALRT-db00d85e,#db-alerts,2025-10-27T20:00:00,INFO,ElasticSearch-APM,Routine alert: Sessions is behaving normally.,Sessions
ALRT-4e938dfb,#ops-monitoring,2025-10-28T00:00:00,INFO,New-Relic,Routine alert: Revenue is behaving normally.,Revenue
ALRT-94e3041b,#db-alerts,2025-10-28T12:00:00,WARNING,Sentry,Routine alert: CPU_Usage is behaving normally.,CPU_Usage
ALRT-980e97fc,#infra-alerts,2025-10-29T05:00:00,INFO,Sentry,Routine alert: Error_Rate is behaving normally.,Error_Rate
ALRT-98cc3c28,#platform-stability,2025-10-29T09:00:00,WARNING,Sentry,Routine alert: Conversion_Rate is behaving normally.,Conversion_Rate
ALRT-14c8e62e,#incident-response,2025-10-29T09:00:00,WARNING,AWS-CloudWatch,Routine alert: Error_Rate is behaving normally.,Error_Rate
ALRT-e4559275,#platform-stability,2025-10-29T18:00:00,INFO,Cloudflare-DNS,Routine alert: Conversion_Rate is behaving normally.,Conversion_Rate
ALRT-18d0b61e,#infra-alerts,2025-10-29T21:00:00,WARNING,ElasticSearch-APM,Routine alert: Revenue is behaving normally.,Revenue
ALRT-1f65a342,#ops-monitoring,2025-10-30T01:00:00,INFO,Sentry,Routine alert: Sessions is behaving normally.,Sessions
ALRT-54f18508,#platform-stability,2025-10-30T02:00:00,WARNING,StatusPage,Routine alert: Revenue is behaving normally.,Revenue
ALRT-aa6efc97,#platform-stability,2025-10-30T12:00:00,INFO,AWS-CloudWatch,Routine alert: Latency is behaving normally.,Latency
ALRT-3d231139,#growth-marketing,2025-10-30T16:00:00,WARNING,Google-Analytics,Routine alert: Latency is behaving normally.,Latency
ALRT-2663634b,#security-incidents,2025-10-30T22:00:00,WARNING,Cloudflare-DNS,Routine alert: Latency is behaving normally.,Latency
ALRT-3b4d82fd,#security-incidents,2025-10-31T00:00:00,WARNING,AWS-CloudWatch,Routine alert: CPU_Usage is behaving normally.,CPU_Usage
ALRT-f8e59398,#platform-stability,2025-10-31T04:00:00,WARNING,ElasticSearch-APM,Routine alert: Error_Rate is behaving normally.,Error_Rate
ALRT-7db134aa,#platform-stability,2025-10-31T13:00:00,WARNING,Datadog-APM,Routine alert: Revenue is behaving normally.,Revenue
ALRT-49aede21,#db-alerts,2025-10-31T14:00:00,INFO,New-Relic,Routine alert: Revenue is behaving normally.,Revenue
ALRT-a9124368,#infra-alerts,2025-10-31T17:00:00,INFO,New-Relic,Routine alert: Payment_Success_Rate is behaving normally.,Payment_Success_Rate
ALRT-eef62515,#release-pipeline,2025-10-31T17:00:00,INFO,StatusPage,Routine alert: Conversion_Rate is behaving normally.,Conversion_Rate
ALRT-4109c5fc,#growth-marketing,2025-10-31T20:00:00,WARNING,AWS-CloudWatch,Routine alert: Memory_Usage is behaving normally.,Memory_Usage
ALRT-29cdfe0a,#infra-alerts,2025-11-01T02:00:00,INFO,ElasticSearch-APM,Routine alert: AOV is behaving normally.,AOV
ALRT-263fbd62,#security-incidents,2025-11-01T04:00:00,INFO,Cloudflare-DNS,Routine alert: CPU_Usage is behaving normally.,CPU_Usage
ALRT-e6824126,#platform-stability,2025-11-01T05:00:00,INFO,AWS-CloudWatch,Routine alert: Disk_IO is behaving normally.,Disk_IO
ALRT-fd155f34,#ops-monitoring,2025-11-01T05:00:00,INFO,StatusPage,Routine alert: Latency is behaving normally.,Latency
ALRT-3c6eee4d,#ops-monitoring,2025-11-01T20:00:00,INFO,Cloudflare-DNS,Routine alert: Payment_Success_Rate is behaving normally.,Payment_Success_Rate
ALRT-8b3dedac,#incident-response,2025-11-01T22:00:00,INFO,Sentry,Routine alert: Sessions is behaving normally.,Sessions
ALRT-90e7758e,#ops-monitoring,2025-11-01T23:00:00,INFO,Google-Analytics,Routine alert: Disk_IO is behaving normally.,Disk_IO
ALRT-eedc1734,#security-incidents,2025-11-01T23:00:00,WARNING,ElasticSearch-APM,Routine alert: AOV is behaving normally.,AOV
ALRT-a5cd8ef7,#war-room-checkout,2025-11-02T00:00:00,WARNING,Google-Analytics,Routine alert: Latency is behaving normally.,Latency
ALRT-9f9124fc,#db-alerts,2025-11-02T07:00:00,INFO,Cloudflare-DNS,Routine alert: CPU_Usage is behaving normally.,CPU_Usage
ALRT-04f127f9,#api-health,2025-11-02T13:00:00,WARNING,StatusPage,Routine alert: AOV is behaving normally.,AOV
ALRT-b9a63f5f,#api-health,2025-11-02T14:00:00,INFO,Grafana-Prometheus,Routine alert: Payment_Success_Rate is behaving normally.,Payment_Success_Rate
ALRT-bc5d3023,#security-incidents,2025-11-02T17:00:00,INFO,Grafana-Prometheus,Routine alert: Sessions is behaving normally.,Sessions
ALRT-8bf62412,#security-incidents,2025-11-02T17:00:00,INFO,Datadog-APM,Routine alert: Latency is behaving normally.,Latency
ALRT-f34f17bb,#incident-response,2025-11-02T20:00:00,INFO,PagerDuty,Routine alert: Latency is behaving normally.,Latency
ALRT-8c67c66c,#security-incidents,2025-11-03T06:00:00,WARNING,ElasticSearch-APM,Routine alert: Conversion_Rate is behaving normally.,Conversion_Rate
ALRT-cb1c316b,#platform-stability,2025-11-03T09:00:00,WARNING,PagerDuty,Routine alert: Error_Rate is behaving normally.,Error_Rate
ALRT-7694c630,#api-health,2025-11-04T01:00:00,WARNING,Google-Analytics,Routine alert: Conversion_Rate is behaving normally.,Conversion_Rate
ALRT-9a340eac,#platform-stability,2025-11-04T04:00:00,INFO,AWS-CloudWatch,Routine alert: Payment_Success_Rate is behaving normally.,Payment_Success_Rate
ALRT-a8f7b61b,#war-room-checkout,2025-11-04T10:00:00,INFO,Google-Analytics,Routine alert: Payment_Success_Rate is behaving normally.,Payment_Success_Rate
ALRT-0c938b10,#release-pipeline,2025-11-04T15:00:00,WARNING,Sentry,Routine alert: AOV is behaving normally.,AOV
ALRT-9f372eec,#platform-stability,2025-11-05T06:00:00,INFO,Sentry,Routine alert: Payment_Success_Rate is behaving normally.,Payment_Success_Rate
ALRT-418d76cc,#db-alerts,2025-11-05T08:00:00,WARNING,ElasticSearch-APM,Routine alert: Error_Rate is behaving normally.,Error_Rate
ALRT-6339228c,#release-pipeline,2025-11-06T02:00:00,INFO,Sentry,Routine alert: Latency is behaving normally.,Latency
ALRT-ebd645b7,#incident-response,2025-11-06T06:00:00,INFO,Grafana-Prometheus,Routine alert: Revenue is behaving normally.,Revenue
ALRT-1aabd8e4,#platform-stability,2025-11-06T20:00:00,INFO,AWS-CloudWatch,Routine alert: Disk_IO is behaving normally.,Disk_IO
ALRT-5836663a,#platform-stability,2025-11-07T00:00:00,WARNING,Grafana-Prometheus,Routine alert: Payment_Success_Rate is behaving normally.,Payment_Success_Rate
ALRT-072d573a,#war-room-checkout,2025-11-07T05:00:00,INFO,Datadog-APM,Routine alert: Payment_Success_Rate is behaving normally.,Payment_Success_Rate
ALRT-746a83ff,#db-alerts,2025-11-07T06:00:00,WARNING,Cloudflare-DNS,Routine alert: Memory_Usage is behaving normally.,Memory_Usage
ALRT-2858ea29,#war-room-checkout,2025-11-07T19:00:00,INFO,ElasticSearch-APM,Routine alert: AOV is behaving normally.,AOV
ALRT-b5f03932,#infra-alerts,2025-11-07T20:00:00,INFO,Grafana-Prometheus,Routine alert: Revenue is behaving normally.,Revenue
ALRT-4b441733,#security-incidents,2025-11-08T12:00:00,WARNING,StatusPage,Routine alert: Error_Rate is behaving normally.,Error_Rate
ALRT-00ebbff3,#incident-response,2025-11-08T12:00:00,INFO,Datadog-APM,Routine alert: Memory_Usage is behaving normally.,Memory_Usage
ALRT-2fefe648,#security-incidents,2025-11-08T14:00:00,WARNING,StatusPage,Routine alert: Sessions is behaving normally.,Sessions
ALRT-aa7082af,#db-alerts,2025-11-08T16:00:00,WARNING,StatusPage,Routine alert: Error_Rate is behaving normally.,Error_Rate
ALRT-efae6cba,#infra-alerts,2025-11-09T05:00:00,WARNING,New-Relic,Routine alert: Sessions is behaving normally.,Sessions
ALRT-347af969,#platform-stability,2025-11-09T06:00:00,WARNING,New-Relic,Routine alert: Memory_Usage is behaving normally.,Memory_Usage
ALRT-f6f1d88e,#platform-stability,2025-11-09T12:00:00,INFO,Datadog-APM,Routine alert: CPU_Usage is behaving normally.,CPU_Usage
ALRT-3c9b9c34,#infra-alerts,2025-11-09T19:00:00,WARNING,ElasticSearch-APM,Routine alert: Payment_Success_Rate is behaving normally.,Payment_Success_Rate
ALRT-7f2829db,#incident-response,2025-11-09T21:00:00,INFO,PagerDuty,Routine alert: Disk_IO is behaving normally.,Disk_IO
ALRT-50cff130,#ops-monitoring,2025-11-09T23:00:00,WARNING,Google-Analytics,Routine alert: Conversion_Rate is behaving normally.,Conversion_Rate
ALRT-7e1f8d29,#incident-response,2025-11-10T02:00:00,WARNING,ElasticSearch-APM,Routine alert: Conversion_Rate is behaving normally.,Conversion_Rate
ALRT-042fad05,#release-pipeline,2025-11-10T14:00:00,WARNING,StatusPage,Routine alert: Sessions is behaving normally.,Sessions
ALRT-ccbb6c55,#platform-stability,2025-11-11T04:00:00,WARNING,New-Relic,Routine alert: Latency is behaving normally.,Latency
ALRT-0aec70b2,#platform-stability,2025-11-11T05:00:00,WARNING,StatusPage,Routine alert: AOV is behaving normally.,AOV
ALRT-315acd07,#incident-response,2025-11-11T05:00:00,WARNING,Google-Analytics,Routine alert: AOV is behaving normally.,AOV
ALRT-24e4eb76,#incident-response,2025-11-11T14:00:00,INFO,AWS-CloudWatch,Routine alert: Error_Rate is behaving normally.,Error_Rate
ALRT-70e63ebf,#release-pipeline,2025-11-12T04:00:00,WARNING,Grafana-Prometheus,Routine alert: Conversion_Rate is behaving normally.,Conversion_Rate
ALRT-f92a29c8,#growth-marketing,2025-11-12T06:00:00,INFO,Google-Analytics,Routine alert: Payment_Success_Rate is behaving normally.,Payment_Success_Rate
ALRT-21d267ba,#api-health,2025-11-13T03:00:00,WARNING,New-Relic,Routine alert: Revenue is behaving normally.,Revenue
ALRT-99d36d5c,#incident-response,2025-11-13T13:00:00,WARNING,AWS-CloudWatch,Routine alert: Disk_IO is behaving normally.,Disk_IO
ALRT-41b19be4,#release-pipeline,2025-11-14T00:00:00,WARNING,AWS-CloudWatch,Routine alert: Memory_Usage is behaving normally.,Memory_Usage
ALRT-c99e879e,#incident-response,2025-11-14T03:00:00,INFO,Grafana-Prometheus,Routine alert: Revenue is behaving normally.,Revenue
ALRT-cbe3ec45,#api-health,2025-11-14T07:00:00,WARNING,Cloudflare-DNS,Routine alert: CPU_Usage is behaving normally.,CPU_Usage
ALRT-04b5b20a,#release-pipeline,2025-11-14T13:00:00,INFO,Google-Analytics,Routine alert: Conversion_Rate is behaving normally.,Conversion_Rate
ALRT-992759b1,#api-health,2025-11-15T02:00:00,WARNING,StatusPage,Routine alert: Memory_Usage is behaving normally.,Memory_Usage
ALRT-f54c46d9,#infra-alerts,2025-11-15T04:00:00,WARNING,New-Relic,Routine alert: Disk_IO is behaving normally.,Disk_IO
ALRT-b7178c79,#api-health,2025-11-15T05:00:00,WARNING,Cloudflare-DNS,Routine alert: Conversion_Rate is behaving normally.,Conversion_Rate
ALRT-cc347e79,#growth-marketing,2025-11-15T08:00:00,WARNING,ElasticSearch-APM,Routine alert: Error_Rate is behaving normally.,Error_Rate
ALRT-a8321528,#api-health,2025-11-15T09:00:00,WARNING,StatusPage,Routine alert: Sessions is behaving normally.,Sessions
ALRT-ea873459,#war-room-checkout,2025-11-15T12:00:00,WARNING,PagerDuty,Routine alert: Latency is behaving normally.,Latency
ALRT-69847965,#platform-stability,2025-11-15T20:00:00,INFO,Google-Analytics,Routine alert: Conversion_Rate is behaving normally.,Conversion_Rate
ALRT-88de16e8,#war-room-checkout,2025-11-15T23:00:00,INFO,PagerDuty,Routine alert: Sessions is behaving normally.,Sessions
ALRT-3ecf6f65,#release-pipeline,2025-11-16T04:00:00,INFO,Cloudflare-DNS,Routine alert: Conversion_Rate is behaving normally.,Conversion_Rate
ALRT-dad82dc3,#release-pipeline,2025-11-16T16:00:00,WARNING,New-Relic,Routine alert: CPU_Usage is behaving normally.,CPU_Usage
ALRT-a7a17b46,#platform-stability,2025-11-17T16:00:00,WARNING,StatusPage,Routine alert: Revenue is behaving normally.,Revenue
ALRT-fb21ce0a,#platform-stability,2025-11-17T21:00:00,INFO,Grafana-Prometheus,Routine alert: Error_Rate is behaving normally.,Error_Rate
ALRT-f5e3f359,#ops-monitoring,2025-11-17T21:00:00,WARNING,PagerDuty,Routine alert: Conversion_Rate is behaving normally.,Conversion_Rate
ALRT-64c64502,#ops-monitoring,2025-11-18T00:00:00,WARNING,Datadog-APM,Routine alert: Payment_Success_Rate is behaving normally.,Payment_Success_Rate
ALRT-d0afef5e,#api-health,2025-11-18T13:00:00,WARNING,ElasticSearch-APM,Routine alert: Memory_Usage is behaving normally.,Memory_Usage
ALRT-a107a1e3,#platform-stability,2025-11-19T00:00:00,INFO,StatusPage,Routine alert: Memory_Usage is behaving normally.,Memory_Usage
ALRT-01a73216,#infra-alerts,2025-11-19T19:00:00,WARNING,StatusPage,Routine alert: Conversion_Rate is behaving normally.,Conversion_Rate
ALRT-f6cdb95e,#platform-stability,2025-11-19T21:00:00,WARNING,Cloudflare-DNS,Routine alert: Revenue is behaving normally.,Revenue
ALRT-be78239d,#ops-monitoring,2025-11-20T04:00:00,WARNING,New-Relic,Routine alert: Conversion_Rate is behaving normally.,Conversion_Rate
ALRT-29cf89a1,#platform-stability,2025-11-20T10:00:00,INFO,Sentry,Routine alert: Payment_Success_Rate is behaving normally.,Payment_Success_Rate
ALRT-f7188f65,#api-health,2025-11-20T13:00:00,INFO,New-Relic,Routine alert: Disk_IO is behaving normally.,Disk_IO
ALRT-7b311fc2,#incident-response,2025-11-20T16:00:00,INFO,Google-Analytics,Routine alert: Revenue is behaving normally.,Revenue
ALRT-12e8727d,#growth-marketing,2025-11-21T01:00:00,WARNING,Google-Analytics,Routine alert: Memory_Usage is behaving normally.,Memory_Usage
ALRT-62466ace,#release-pipeline,2025-11-21T05:00:00,INFO,Datadog-APM,Routine alert: Sessions is behaving normally.,Sessions
ALRT-f8b7d18c,#ops-monitoring,2025-11-21T09:00:00,INFO,New-Relic,Routine alert: Payment_Success_Rate is behaving normally.,Payment_Success_Rate
ALRT-f7eea819,#platform-stability,2025-11-21T12:00:00,WARNING,New-Relic,Routine alert: Sessions is behaving normally.,Sessions
ALRT-f988ce1a,#growth-marketing,2025-11-21T13:00:00,INFO,Grafana-Prometheus,Routine alert: CPU_Usage is behaving normally.,CPU_Usage
ALRT-511cb2db,#ops-monitoring,2025-11-21T16:00:00,WARNING,AWS-CloudWatch,Routine alert: Conversion_Rate is behaving normally.,Conversion_Rate
ALRT-cf6f76b3,#release-pipeline,2025-11-21T19:00:00,INFO,ElasticSearch-APM,Routine alert: Error_Rate is behaving normally.,Error_Rate
ALRT-71cf3950,#db-alerts,2025-11-21T20:00:00,WARNING,Grafana-Prometheus,Routine alert: Revenue is behaving normally.,Revenue
ALRT-66fa3a25,#ops-monitoring,2025-11-22T00:00:00,INFO,PagerDuty,Routine alert: CPU_Usage is behaving normally.,CPU_Usage
ALRT-d7d8e231,#security-incidents,2025-11-22T09:00:00,WARNING,Datadog-APM,Routine alert: Conversion_Rate is behaving normally.,Conversion_Rate
ALRT-2f0aa719,#platform-stability,2025-11-22T23:00:00,WARNING,AWS-CloudWatch,Routine alert: Revenue is behaving normally.,Revenue
ALRT-309834b3,#db-alerts,2025-11-23T02:00:00,INFO,Datadog-APM,Routine alert: Latency is behaving normally.,Latency
ALRT-ded84f57,#growth-marketing,2025-11-23T05:00:00,INFO,Datadog-APM,Routine alert: Revenue is behaving normally.,Revenue
ALRT-b6b6a9c5,#incident-response,2025-11-23T10:00:00,INFO,ElasticSearch-APM,Routine alert: Error_Rate is behaving normally.,Error_Rate
ALRT-5ccafa39,#incident-response,2025-11-23T16:00:00,INFO,PagerDuty,Routine alert: Conversion_Rate is behaving normally.,Conversion_Rate
ALRT-2173ae89,#db-alerts,2025-11-23T21:00:00,INFO,New-Relic,Routine alert: AOV is behaving normally.,AOV
ALRT-095d5171,#platform-stability,2025-11-24T03:00:00,WARNING,Cloudflare-DNS,Routine alert: CPU_Usage is behaving normally.,CPU_Usage
ALRT-cbf71418,#infra-alerts,2025-11-24T10:00:00,WARNING,Sentry,Routine alert: Sessions is behaving normally.,Sessions
ALRT-80136631,#war-room-checkout,2025-11-25T04:00:00,INFO,ElasticSearch-APM,Routine alert: Disk_IO is behaving normally.,Disk_IO
ALRT-67b05836,#security-incidents,2025-11-25T06:00:00,WARNING,ElasticSearch-APM,Routine alert: Revenue is behaving normally.,Revenue
ALRT-a8dd0704,#release-pipeline,2025-11-25T16:00:00,INFO,New-Relic,Routine alert: Disk_IO is behaving normally.,Disk_IO
ALRT-f5dab213,#incident-response,2025-11-26T18:00:00,INFO,New-Relic,Routine alert: AOV is behaving normally.,AOV
ALRT-3db0175e,#war-room-checkout,2025-11-26T21:00:00,WARNING,StatusPage,Routine alert: Payment_Success_Rate is behaving normally.,Payment_Success_Rate
ALRT-d807f963,#infra-alerts,2025-11-26T23:00:00,WARNING,ElasticSearch-APM,Routine alert: Payment_Success_Rate is behaving normally.,Payment_Success_Rate
ALRT-cce2e26f,#release-pipeline,2025-11-27T01:00:00,INFO,Datadog-APM,Routine alert: Latency is behaving normally.,Latency
ALRT-55e497d7,#incident-response,2025-11-27T03:00:00,INFO,ElasticSearch-APM,Routine alert: AOV is behaving normally.,AOV
ALRT-5a1fc1b5,#db-alerts,2025-11-27T10:00:00,INFO,Grafana-Prometheus,Routine alert: Revenue is behaving normally.,Revenue
ALRT-ba3fc193,#infra-alerts,2025-11-27T12:00:00,INFO,ElasticSearch-APM,Routine alert: CPU_Usage is behaving normally.,CPU_Usage
ALRT-3891b374,#api-health,2025-11-27T17:00:00,INFO,Google-Analytics,Routine alert: CPU_Usage is behaving normally.,CPU_Usage
ALRT-8c7fea8b,#security-incidents,2025-11-27T21:00:00,INFO,StatusPage,Routine alert: Sessions is behaving normally.,Sessions
ALRT-28c2eff2,#db-alerts,2025-11-28T06:00:00,INFO,New-Relic,Routine alert: Latency is behaving normally.,Latency
ALRT-252cc0ba,#infra-alerts,2025-11-28T20:00:00,WARNING,ElasticSearch-APM,Routine alert: Disk_IO is behaving normally.,Disk_IO
ALRT-daf0d38b,#api-health,2025-11-28T22:00:00,WARNING,Datadog-APM,Routine alert: Disk_IO is behaving normally.,Disk_IO
ALRT-052e3103,#growth-marketing,2025-11-28T22:00:00,WARNING,AWS-CloudWatch,Routine alert: Payment_Success_Rate is behaving normally.,Payment_Success_Rate
ALRT-7b4273ab,#db-alerts,2025-11-29T04:00:00,WARNING,New-Relic,Routine alert: Revenue is behaving normally.,Revenue
ALRT-558aa5a2,#db-alerts,2025-11-29T06:00:00,WARNING,AWS-CloudWatch,Routine alert: Sessions is behaving normally.,Sessions
ALRT-21fb6477,#war-room-checkout,2025-11-29T07:00:00,WARNING,Datadog-APM,Routine alert: Sessions is behaving normally.,Sessions
ALRT-e68b3038,#security-incidents,2025-11-29T10:00:00,INFO,PagerDuty,Routine alert: Memory_Usage is behaving normally.,Memory_Usage
ALRT-a52fb854,#war-room-checkout,2025-11-29T13:00:00,INFO,Grafana-Prometheus,Routine alert: Conversion_Rate is behaving normally.,Conversion_Rate
ALRT-2a23ffe2,#release-pipeline,2025-11-30T00:00:00,INFO,New-Relic,Routine alert: Revenue is behaving normally.,Revenue
ALRT-e9ec197d,#war-room-checkout,2025-11-30T02:00:00,INFO,Google-Analytics,Routine alert: Sessions is behaving normally.,Sessions
ALRT-353482b5,#growth-marketing,2025-11-30T02:00:00,INFO,Grafana-Prometheus,Routine alert: Disk_IO is behaving normally.,Disk_IO
ALRT-722892e5,#ops-monitoring,2025-11-30T02:00:00,INFO,AWS-CloudWatch,Routine alert: Disk_IO is behaving normally.,Disk_IO
ALRT-b517ff24,#ops-monitoring,2025-11-30T06:00:00,INFO,Sentry,Routine alert: Revenue is behaving normally.,Revenue
ALRT-2975febb,#ops-monitoring,2025-12-01T14:00:00,INFO,New-Relic,Routine alert: Latency is behaving normally.,Latency
ALRT-0c611c31,#infra-alerts,2025-12-01T14:00:00,WARNING,Grafana-Prometheus,Routine alert: Memory_Usage is behaving normally.,Memory_Usage
ALRT-90b63535,#war-room-checkout,2025-12-02T02:00:00,INFO,PagerDuty,Routine alert: Error_Rate is behaving normally.,Error_Rate
ALRT-5a0ad4d2,#api-health,2025-12-02T16:00:00,INFO,StatusPage,Routine alert: CPU_Usage is behaving normally.,CPU_Usage
ALRT-10f564ad,#war-room-checkout,2025-12-02T21:00:00,INFO,StatusPage,Routine alert: Sessions is behaving normally.,Sessions
ALRT-f6a2125c,#security-incidents,2025-12-02T21:00:00,WARNING,ElasticSearch-APM,Routine alert: Conversion_Rate is behaving normally.,Conversion_Rate
ALRT-d5256197,#infra-alerts,2025-12-03T07:00:00,WARNING,Sentry,Routine alert: Conversion_Rate is behaving normally.,Conversion_Rate
ALRT-20cc88cd,#growth-marketing,2025-12-03T08:00:00,WARNING,Datadog-APM,Routine alert: Disk_IO is behaving normally.,Disk_IO
ALRT-c98eaa6b,#platform-stability,2025-12-03T11:00:00,INFO,Grafana-Prometheus,Routine alert: Error_Rate is behaving normally.,Error_Rate
ALRT-050a5e69,#platform-stability,2025-12-03T14:00:00,INFO,Grafana-Prometheus,Routine alert: Payment_Success_Rate is behaving normally.,Payment_Success_Rate
ALRT-d83899e5,#release-pipeline,2025-12-04T06:00:00,WARNING,AWS-CloudWatch,Routine alert: Conversion_Rate is behaving normally.,Conversion_Rate
ALRT-53f55fd1,#release-pipeline,2025-12-04T11:00:00,INFO,Google-Analytics,Routine alert: Sessions is behaving normally.,Sessions
ALRT-4fcfdf0a,#release-pipeline,2025-12-04T16:00:00,WARNING,Grafana-Prometheus,Routine alert: Disk_IO is behaving normally.,Disk_IO
ALRT-4fc2a5d6,#ops-monitoring,2025-12-04T19:00:00,INFO,Grafana-Prometheus,Routine alert: Error_Rate is behaving normally.,Error_Rate
ALRT-e7a2901d,#growth-marketing,2025-12-05T00:00:00,WARNING,AWS-CloudWatch,Routine alert: Payment_Success_Rate is behaving normally.,Payment_Success_Rate
ALRT-9585ab02,#security-incidents,2025-12-05T08:00:00,INFO,StatusPage,Routine alert: Error_Rate is behaving normally.,Error_Rate
ALRT-1631cb71,#api-health,2025-12-05T09:00:00,WARNING,Grafana-Prometheus,Routine alert: Latency is behaving normally.,Latency
ALRT-6bf75320,#incident-response,2025-12-05T10:00:00,WARNING,Sentry,Routine alert: CPU_Usage is behaving normally.,CPU_Usage
ALRT-6a2e4718,#infra-alerts,2025-12-05T21:00:00,WARNING,AWS-CloudWatch,Routine alert: Latency is behaving normally.,Latency
ALRT-1d7098cf,#release-pipeline,2025-12-06T07:00:00,WARNING,AWS-CloudWatch,Routine alert: Error_Rate is behaving normally.,Error_Rate
ALRT-b720b831,#api-health,2025-12-06T12:00:00,INFO,Google-Analytics,Routine alert: Disk_IO is behaving normally.,Disk_IO
ALRT-f0081820,#growth-marketing,2025-12-07T04:00:00,INFO,StatusPage,Routine alert: Error_Rate is behaving normally.,Error_Rate
ALRT-433b3285,#release-pipeline,2025-12-07T19:00:00,INFO,Cloudflare-DNS,Routine alert: Latency is behaving normally.,Latency
ALRT-939927ec,#security-incidents,2025-12-08T03:00:00,WARNING,PagerDuty,Routine alert: CPU_Usage is behaving normally.,CPU_Usage
ALRT-303e1790,#release-pipeline,2025-12-08T17:00:00,WARNING,ElasticSearch-APM,Routine alert: Sessions is behaving normally.,Sessions
ALRT-c1e49942,#war-room-checkout,2025-12-09T06:00:00,WARNING,AWS-CloudWatch,Routine alert: Revenue is behaving normally.,Revenue
ALRT-dcac8d15,#platform-stability,2025-12-09T16:00:00,WARNING,AWS-CloudWatch,Routine alert: Revenue is behaving normally.,Revenue
ALRT-85fe8f74,#war-room-checkout,2025-12-09T16:00:00,INFO,Sentry,Routine alert: Error_Rate is behaving normally.,Error_Rate
ALRT-d23fe01b,#db-alerts,2025-12-09T21:00:00,INFO,Grafana-Prometheus,Routine alert: AOV is behaving normally.,AOV
ALRT-ce202196,#api-health,2025-12-10T05:00:00,INFO,Google-Analytics,Routine alert: AOV is behaving normally.,AOV
ALRT-62b36fc2,#growth-marketing,2025-12-10T05:00:00,WARNING,AWS-CloudWatch,Routine alert: CPU_Usage is behaving normally.,CPU_Usage
ALRT-6a2fc72a,#incident-response,2025-12-10T08:00:00,INFO,Cloudflare-DNS,Routine alert: Memory_Usage is behaving normally.,Memory_Usage
ALRT-87330275,#war-room-checkout,2025-12-10T15:00:00,INFO,New-Relic,Routine alert: CPU_Usage is behaving normally.,CPU_Usage
ALRT-13eca7f6,#infra-alerts,2025-12-10T18:00:00,WARNING,Cloudflare-DNS,Routine alert: AOV is behaving normally.,AOV
ALRT-aa162d11,#platform-stability,2025-12-10T19:00:00,INFO,Datadog-APM,Routine alert: AOV is behaving normally.,AOV
ALRT-3c9fd2e0,#api-health,2025-12-10T23:00:00,WARNING,Sentry,Routine alert: AOV is behaving normally.,AOV
ALRT-a7f477b9,#release-pipeline,2025-12-11T06:00:00,INFO,Sentry,Routine alert: Memory_Usage is behaving normally.,Memory_Usage
ALRT-a7245f59,#db-alerts,2025-12-11T11:00:00,WARNING,ElasticSearch-APM,Routine alert: Revenue is behaving normally.,Revenue
ALRT-f52ce576,#war-room-checkout,2025-12-12T08:00:00,INFO,Datadog-APM,Routine alert: Sessions is behaving normally.,Sessions
ALRT-5d8d8cf9,#infra-alerts,2025-12-12T19:00:00,WARNING,PagerDuty,Routine alert: Revenue is behaving normally.,Revenue
ALRT-8dd1f71c,#api-health,2025-12-12T22:00:00,WARNING,Cloudflare-DNS,Routine alert: Memory_Usage is behaving normally.,Memory_Usage
ALRT-67e3c8d1,#release-pipeline,2025-12-13T00:00:00,WARNING,Datadog-APM,Routine alert: Disk_IO is behaving normally.,Disk_IO
ALRT-06a46bcc,#api-health,2025-12-13T01:00:00,WARNING,ElasticSearch-APM,Routine alert: CPU_Usage is behaving normally.,CPU_Usage
ALRT-e000ecad,#ops-monitoring,2025-12-13T07:00:00,INFO,Sentry,Routine alert: Conversion_Rate is behaving normally.,Conversion_Rate
ALRT-4b7ee8e1,#growth-marketing,2025-12-13T08:00:00,WARNING,StatusPage,Routine alert: Latency is behaving normally.,Latency
ALRT-a2085df4,#db-alerts,2025-12-13T11:00:00,INFO,PagerDuty,Routine alert: Disk_IO is behaving normally.,Disk_IO
ALRT-d4eb427f,#db-alerts,2025-12-13T12:00:00,INFO,ElasticSearch-APM,Routine alert: Disk_IO is behaving normally.,Disk_IO
ALRT-297976dd,#security-incidents,2025-12-13T21:00:00,WARNING,Cloudflare-DNS,Routine alert: Revenue is behaving normally.,Revenue
ALRT-6620ff8c,#api-health,2025-12-14T15:00:00,WARNING,StatusPage,Routine alert: Revenue is behaving normally.,Revenue
ALRT-0efe3f2c,#api-health,2025-12-14T22:00:00,WARNING,Grafana-Prometheus,Routine alert: Error_Rate is behaving normally.,Error_Rate
ALRT-185c4c25,#release-pipeline,2025-12-15T06:00:00,WARNING,Cloudflare-DNS,Routine alert: Sessions is behaving normally.,Sessions
ALRT-a3b5ed47,#release-pipeline,2025-12-15T08:00:00,WARNING,Sentry,Routine alert: Latency is behaving normally.,Latency
ALRT-4bda7fcf,#release-pipeline,2025-12-15T10:00:00,WARNING,AWS-CloudWatch,Routine alert: Conversion_Rate is behaving normally.,Conversion_Rate
ALRT-d4d77ec6,#growth-marketing,2025-12-15T20:00:00,WARNING,Cloudflare-DNS,Routine alert: Payment_Success_Rate is behaving normally.,Payment_Success_Rate
ALRT-90073bb0,#platform-stability,2025-12-16T01:00:00,WARNING,Grafana-Prometheus,Routine alert: Disk_IO is behaving normally.,Disk_IO
ALRT-50d0ac30,#security-incidents,2025-12-16T19:00:00,INFO,Google-Analytics,Routine alert: Payment_Success_Rate is behaving normally.,Payment_Success_Rate
ALRT-0a061523,#incident-response,2025-12-17T00:00:00,WARNING,Cloudflare-DNS,Routine alert: Latency is behaving normally.,Latency
ALRT-59b121e9,#growth-marketing,2025-12-17T03:00:00,INFO,Grafana-Prometheus,Routine alert: AOV is behaving normally.,AOV
ALRT-d1695680,#growth-marketing,2025-12-17T04:00:00,INFO,Datadog-APM,Routine alert: Error_Rate is behaving normally.,Error_Rate
ALRT-d4724745,#war-room-checkout,2025-12-17T07:00:00,WARNING,New-Relic,Routine alert: CPU_Usage is behaving normally.,CPU_Usage
ALRT-426c0ce6,#war-room-checkout,2025-12-17T09:00:00,INFO,Cloudflare-DNS,Routine alert: CPU_Usage is behaving normally.,CPU_Usage
ALRT-ac4a984c,#api-health,2025-12-18T01:00:00,INFO,Google-Analytics,Routine alert: AOV is behaving normally.,AOV
ALRT-c4ffb0aa,#incident-response,2025-12-18T06:00:00,WARNING,StatusPage,Routine alert: Conversion_Rate is behaving normally.,Conversion_Rate
ALRT-4cd428f6,#war-room-checkout,2025-12-18T12:00:00,WARNING,Grafana-Prometheus,Routine alert: Payment_Success_Rate is behaving normally.,Payment_Success_Rate
ALRT-d4c905fd,#growth-marketing,2025-12-18T12:00:00,INFO,AWS-CloudWatch,Routine alert: AOV is behaving normally.,AOV
ALRT-c9f59a6b,#war-room-checkout,2025-12-18T12:00:00,WARNING,AWS-CloudWatch,Routine alert: Memory_Usage is behaving normally.,Memory_Usage
ALRT-d0d2f09d,#infra-alerts,2025-12-18T14:00:00,INFO,PagerDuty,Routine alert: AOV is behaving normally.,AOV
ALRT-55a70919,#security-incidents,2025-12-18T18:00:00,INFO,PagerDuty,Routine alert: Payment_Success_Rate is behaving normally.,Payment_Success_Rate
ALRT-06fceba0,#ops-monitoring,2025-12-18T20:00:00,INFO,Sentry,Routine alert: Conversion_Rate is behaving normally.,Conversion_Rate
ALRT-e7210fd7,#db-alerts,2025-12-19T06:00:00,INFO,PagerDuty,Routine alert: Payment_Success_Rate is behaving normally.,Payment_Success_Rate
ALRT-c04ed26b,#growth-marketing,2025-12-19T08:00:00,INFO,New-Relic,Routine alert: AOV is behaving normally.,AOV
ALRT-f50aaa16,#growth-marketing,2025-12-19T12:00:00,INFO,Grafana-Prometheus,Routine alert: Latency is behaving normally.,Latency
ALRT-e91cb4bf,#api-health,2025-12-19T13:00:00,INFO,New-Relic,Routine alert: Latency is behaving normally.,Latency
ALRT-5cdbe827,#incident-response,2025-12-19T21:00:00,INFO,Datadog-APM,Routine alert: Memory_Usage is behaving normally.,Memory_Usage
ALRT-e49e6488,#incident-response,2025-12-20T06:00:00,INFO,AWS-CloudWatch,Routine alert: AOV is behaving normally.,AOV
ALRT-2dfbedc9,#incident-response,2025-12-20T07:00:00,WARNING,Sentry,Routine alert: Error_Rate is behaving normally.,Error_Rate
ALRT-508e283a,#infra-alerts,2025-12-20T07:00:00,INFO,StatusPage,Routine alert: Disk_IO is behaving normally.,Disk_IO
ALRT-721ec5f2,#api-health,2025-12-20T08:00:00,INFO,New-Relic,Routine alert: Payment_Success_Rate is behaving normally.,Payment_Success_Rate
ALRT-45c254c3,#war-room-checkout,2025-12-20T11:00:00,WARNING,StatusPage,Routine alert: Latency is behaving normally.,Latency
ALRT-02d7cdb3,#incident-response,2025-12-20T11:00:00,INFO,AWS-CloudWatch,Routine alert: Payment_Success_Rate is behaving normally.,Payment_Success_Rate
ALRT-3337d339,#platform-stability,2025-12-21T02:00:00,INFO,Cloudflare-DNS,Routine alert: Disk_IO is behaving normally.,Disk_IO
ALRT-280a5d11,#db-alerts,2025-12-21T02:00:00,INFO,PagerDuty,Routine alert: Memory_Usage is behaving normally.,Memory_Usage
ALRT-cbd03672,#infra-alerts,2025-12-21T09:00:00,WARNING,New-Relic,Routine alert: Revenue is behaving normally.,Revenue
ALRT-bfcf79e0,#release-pipeline,2025-12-21T09:00:00,INFO,Grafana-Prometheus,Routine alert: Conversion_Rate is behaving normally.,Conversion_Rate
ALRT-4b77f246,#release-pipeline,2025-12-21T10:00:00,INFO,PagerDuty,Routine alert: Error_Rate is behaving normally.,Error_Rate
ALRT-3fe5aeb6,#platform-stability,2025-12-21T12:00:00,INFO,ElasticSearch-APM,Routine alert: Memory_Usage is behaving normally.,Memory_Usage
ALRT-f6535772,#release-pipeline,2025-12-21T14:00:00,WARNING,Datadog-APM,Routine alert: Error_Rate is behaving normally.,Error_Rate
ALRT-703ab283,#war-room-checkout,2025-12-21T17:00:00,WARNING,AWS-CloudWatch,Routine alert: Disk_IO is behaving normally.,Disk_IO
ALRT-0f252e39,#war-room-checkout,2025-12-22T00:00:00,WARNING,New-Relic,Routine alert: Error_Rate is behaving normally.,Error_Rate
ALRT-a5f82cff,#platform-stability,2025-12-22T00:00:00,WARNING,Grafana-Prometheus,Routine alert: Memory_Usage is behaving normally.,Memory_Usage
ALRT-d1c4ba8d,#infra-alerts,2025-12-22T03:00:00,WARNING,StatusPage,Routine alert: AOV is behaving normally.,AOV
ALRT-56e02936,#growth-marketing,2025-12-22T12:00:00,WARNING,Cloudflare-DNS,Routine alert: Memory_Usage is behaving normally.,Memory_Usage
ALRT-51349522,#api-health,2025-12-22T17:00:00,INFO,Cloudflare-DNS,Routine alert: Error_Rate is behaving normally.,Error_Rate
ALRT-c05a5569,#war-room-checkout,2025-12-22T20:00:00,WARNING,Cloudflare-DNS,Routine alert: Payment_Success_Rate is behaving normally.,Payment_Success_Rate
ALRT-788e3329,#ops-monitoring,2025-12-22T20:00:00,INFO,Cloudflare-DNS,Routine alert: Error_Rate is behaving normally.,Error_Rate
ALRT-c7cbc051,#incident-response,2025-12-22T22:00:00,INFO,Grafana-Prometheus,Routine alert: AOV is behaving normally.,AOV
ALRT-1935a9f1,#war-room-checkout,2025-12-23T04:00:00,INFO,Grafana-Prometheus,Routine alert: Payment_Success_Rate is behaving normally.,Payment_Success_Rate
ALRT-cf197cbf,#growth-marketing,2025-12-23T08:00:00,WARNING,Cloudflare-DNS,Routine alert: Memory_Usage is behaving normally.,Memory_Usage
ALRT-e46340fa,#war-room-checkout,2025-12-23T19:00:00,WARNING,Grafana-Prometheus,Routine alert: Memory_Usage is behaving normally.,Memory_Usage
ALRT-5591e9c2,#ops-monitoring,2025-12-23T21:00:00,WARNING,New-Relic,Routine alert: Latency is behaving normally.,Latency
ALRT-6e86a9ef,#platform-stability,2025-12-24T04:00:00,WARNING,Sentry,Routine alert: Conversion_Rate is behaving normally.,Conversion_Rate
ALRT-ca82a793,#security-incidents,2025-12-24T08:00:00,INFO,Sentry,Routine alert: AOV is behaving normally.,AOV
ALRT-bd69bc3e,#infra-alerts,2025-12-24T13:00:00,WARNING,Sentry,Routine alert: CPU_Usage is behaving normally.,CPU_Usage
ALRT-0420dc6a,#ops-monitoring,2025-12-24T14:00:00,WARNING,Sentry,Routine alert: Error_Rate is behaving normally.,Error_Rate
ALRT-352bc88b,#db-alerts,2025-12-24T14:00:00,WARNING,Datadog-APM,Routine alert: AOV is behaving normally.,AOV
ALRT-7fbffbce,#war-room-checkout,2025-12-24T20:00:00,INFO,ElasticSearch-APM,Routine alert: Memory_Usage is behaving normally.,Memory_Usage
ALRT-7dd1cf7c,#platform-stability,2025-12-24T21:00:00,INFO,Grafana-Prometheus,Routine alert: AOV is behaving normally.,AOV
ALRT-a1c59736,#security-incidents,2025-12-24T22:00:00,INFO,StatusPage,Routine alert: Sessions is behaving normally.,Sessions
ALRT-4b1f4e63,#ops-monitoring,2025-12-25T03:00:00,INFO,New-Relic,Routine alert: Conversion_Rate is behaving normally.,Conversion_Rate
ALRT-c1aee788,#release-pipeline,2025-12-25T10:00:00,INFO,Google-Analytics,Routine alert: Latency is behaving normally.,Latency
ALRT-c08a1abb,#release-pipeline,2025-12-25T17:00:00,WARNING,New-Relic,Routine alert: Memory_Usage is behaving normally.,Memory_Usage
ALRT-9ac5655d,#db-alerts,2025-12-25T17:00:00,INFO,StatusPage,Routine alert: Payment_Success_Rate is behaving normally.,Payment_Success_Rate
ALRT-8df07501,#war-room-checkout,2025-12-25T20:00:00,WARNING,ElasticSearch-APM,Routine alert: AOV is behaving normally.,AOV
ALRT-4852b90e,#release-pipeline,2025-12-26T14:00:00,WARNING,Grafana-Prometheus,Routine alert: Disk_IO is behaving normally.,Disk_IO
ALRT-1387068d,#db-alerts,2025-12-26T15:00:00,INFO,Datadog-APM,Routine alert: Payment_Success_Rate is behaving normally.,Payment_Success_Rate
ALRT-dd07ed77,#growth-marketing,2025-12-27T04:00:00,INFO,ElasticSearch-APM,Routine alert: CPU_Usage is behaving normally.,CPU_Usage
ALRT-d167c0b8,#db-alerts,2025-12-27T09:00:00,INFO,PagerDuty,Routine alert: Conversion_Rate is behaving normally.,Conversion_Rate
ALRT-8fb7efc0,#security-incidents,2025-12-27T13:00:00,WARNING,Sentry,Routine alert: Error_Rate is behaving normally.,Error_Rate
ALRT-d81af30f,#platform-stability,2025-12-27T14:00:00,WARNING,StatusPage,Routine alert: CPU_Usage is behaving normally.,CPU_Usage
ALRT-92666006,#infra-alerts,2025-12-27T19:00:00,INFO,Google-Analytics,Routine alert: Latency is behaving normally.,Latency
ALRT-7bfa21a2,#war-room-checkout,2025-12-27T21:00:00,INFO,Datadog-APM,Routine alert: Error_Rate is behaving normally.,Error_Rate
ALRT-be0f9872,#growth-marketing,2025-12-27T22:00:00,WARNING,Sentry,Routine alert: Revenue is behaving normally.,Revenue
ALRT-705fb43f,#ops-monitoring,2025-12-28T00:00:00,WARNING,Google-Analytics,Routine alert: Disk_IO is behaving normally.,Disk_IO
ALRT-301b8418,#war-room-checkout,2025-12-28T11:00:00,INFO,StatusPage,Routine alert: Latency is behaving normally.,Latency
ALRT-35b65a66,#growth-marketing,2025-12-28T15:00:00,WARNING,Cloudflare-DNS,Routine alert: Sessions is behaving normally.,Sessions
ALRT-ce582412,#infra-alerts,2025-12-28T16:00:00,WARNING,Cloudflare-DNS,Routine alert: Payment_Success_Rate is behaving normally.,Payment_Success_Rate
ALRT-55eddfb4,#ops-monitoring,2025-12-28T19:00:00,INFO,Datadog-APM,Routine alert: Payment_Success_Rate is behaving normally.,Payment_Success_Rate
ALRT-2ec072ac,#war-room-checkout,2025-12-29T02:00:00,WARNING,Grafana-Prometheus,Routine alert: AOV is behaving normally.,AOV
ALRT-919363dd,#platform-stability,2025-12-29T04:00:00,WARNING,AWS-CloudWatch,Routine alert: CPU_Usage is behaving normally.,CPU_Usage
ALRT-6c112799,#growth-marketing,2025-12-29T08:00:00,INFO,Datadog-APM,Routine alert: Sessions is behaving normally.,Sessions
ALRT-116254f3,#incident-response,2025-12-29T09:00:00,INFO,Datadog-APM,Routine alert: Error_Rate is behaving normally.,Error_Rate
ALRT-25b7890d,#infra-alerts,2025-12-29T10:00:00,WARNING,PagerDuty,Routine alert: Error_Rate is behaving normally.,Error_Rate
ALRT-c3a1077d,#incident-response,2025-12-29T11:00:00,INFO,Cloudflare-DNS,Routine alert: Latency is behaving normally.,Latency
ALRT-6db326f8,#war-room-checkout,2025-12-29T12:00:00,WARNING,Datadog-APM,Routine alert: Conversion_Rate is behaving normally.,Conversion_Rate
ALRT-a91bc554,#platform-stability,2025-12-29T19:00:00,INFO,PagerDuty,Routine alert: Latency is behaving normally.,Latency
ALRT-88f7e544,#war-room-checkout,2025-12-30T00:00:00,WARNING,ElasticSearch-APM,Routine alert: Latency is behaving normally.,Latency
ALRT-2e569b95,#growth-marketing,2025-12-30T01:00:00,INFO,Google-Analytics,Routine alert: Conversion_Rate is behaving normally.,Conversion_Rate
ALRT-73297273,#growth-marketing,2025-12-30T03:00:00,WARNING,Google-Analytics,Routine alert: CPU_Usage is behaving normally.,CPU_Usage
ALRT-ee6fd01b,#security-incidents,2025-12-30T11:00:00,INFO,Sentry,Routine alert: CPU_Usage is behaving normally.,CPU_Usage
ALRT-1d2dd29a,#infra-alerts,2025-12-30T12:00:00,INFO,Cloudflare-DNS,Routine alert: CPU_Usage is behaving normally.,CPU_Usage
ALRT-757c4e16,#ops-monitoring,2025-12-30T17:00:00,WARNING,New-Relic,Routine alert: Sessions is behaving normally.,Sessions
ALRT-df9a7ce6,#growth-marketing,2025-12-30T22:00:00,INFO,Cloudflare-DNS,Routine alert: Revenue is behaving normally.,Revenue
ALRT-787b02de,#war-room-checkout,2025-12-31T00:00:00,INFO,Datadog-APM,Routine alert: Memory_Usage is behaving normally.,Memory_Usage
ALRT-2cb406b0,#infra-alerts,2025-12-31T02:00:00,WARNING,AWS-CloudWatch,Routine alert: Error_Rate is behaving normally.,Error_Rate
ALRT-05518f88,#db-alerts,2025-12-31T07:00:00,INFO,AWS-CloudWatch,Routine alert: Revenue is behaving normally.,Revenue
ALRT-f1f9286c,#incident-response,2025-12-31T13:00:00,INFO,Google-Analytics,Routine alert: Sessions is behaving normally.,Sessions
ALRT-5903c412,#security-incidents,2025-12-31T18:00:00,INFO,ElasticSearch-APM,Routine alert: Disk_IO is behaving normally.,Disk_IO
ALRT-6ce60a5a,#db-alerts,2025-12-31T20:00:00,WARNING,PagerDuty,Routine alert: Error_Rate is behaving normally.,Error_Rate
ALRT-9d531e4c,#infra-alerts,2026-01-01T02:00:00,WARNING,Datadog-APM,Routine alert: Error_Rate is behaving normally.,Error_Rate
ALRT-86439662,#incident-response,2026-01-01T08:00:00,WARNING,Sentry,Routine alert: AOV is behaving normally.,AOV
ALRT-82fe00f6,#infra-alerts,2026-01-01T08:00:00,INFO,StatusPage,Routine alert: Memory_Usage is behaving normally.,Memory_Usage
ALRT-6aa3e9dc,#growth-marketing,2026-01-01T09:00:00,WARNING,PagerDuty,Routine alert: Conversion_Rate is behaving normally.,Conversion_Rate
ALRT-4065ef76,#ops-monitoring,2026-01-01T19:00:00,WARNING,AWS-CloudWatch,Routine alert: Disk_IO is behaving normally.,Disk_IO
ALRT-2388c226,#api-health,2026-01-01T23:00:00,WARNING,StatusPage,Routine alert: Memory_Usage is behaving normally.,Memory_Usage
ALRT-219025cf,#db-alerts,2026-01-02T04:00:00,WARNING,Datadog-APM,Routine alert: AOV is behaving normally.,AOV
ALRT-7aaa08bd,#growth-marketing,2026-01-02T21:00:00,INFO,ElasticSearch-APM,Routine alert: Memory_Usage is behaving normally.,Memory_Usage
ALRT-e916a7f2,#platform-stability,2026-01-03T08:00:00,WARNING,Cloudflare-DNS,Routine alert: Latency is behaving normally.,Latency
ALRT-a0dac34b,#release-pipeline,2026-01-03T14:00:00,WARNING,AWS-CloudWatch,Routine alert: AOV is behaving normally.,AOV
ALRT-b5a1e364,#platform-stability,2026-01-03T15:00:00,WARNING,Sentry,Routine alert: Error_Rate is behaving normally.,Error_Rate
ALRT-c1c47707,#release-pipeline,2026-01-03T15:00:00,WARNING,ElasticSearch-APM,Routine alert: Disk_IO is behaving normally.,Disk_IO
ALRT-b50056dd,#infra-alerts,2026-01-04T04:00:00,INFO,StatusPage,Routine alert: Revenue is behaving normally.,Revenue
ALRT-b0613a1b,#ops-monitoring,2026-01-04T19:00:00,WARNING,Grafana-Prometheus,Routine alert: CPU_Usage is behaving normally.,CPU_Usage
ALRT-dfd68e56,#growth-marketing,2026-01-04T19:00:00,WARNING,Google-Analytics,Routine alert: Revenue is behaving normally.,Revenue
ALRT-719fd5c7,#db-alerts,2026-01-05T02:00:00,INFO,Datadog-APM,Routine alert: Disk_IO is behaving normally.,Disk_IO
ALRT-b0db8b80,#incident-response,2026-01-05T02:00:00,WARNING,Datadog-APM,Routine alert: Sessions is behaving normally.,Sessions
ALRT-2ded291b,#api-health,2026-01-05T05:00:00,INFO,New-Relic,Routine alert: Error_Rate is behaving normally.,Error_Rate
ALRT-fdf94b45,#security-incidents,2026-01-05T07:00:00,INFO,Datadog-APM,Routine alert: Sessions is behaving normally.,Sessions
ALRT-17317c06,#ops-monitoring,2026-01-05T12:00:00,INFO,StatusPage,Routine alert: Disk_IO is behaving normally.,Disk_IO
ALRT-b86071c5,#release-pipeline,2026-01-05T17:00:00,INFO,StatusPage,Routine alert: Memory_Usage is behaving normally.,Memory_Usage
ALRT-768598c9,#war-room-checkout,2026-01-05T19:00:00,WARNING,Google-Analytics,Routine alert: CPU_Usage is behaving normally.,CPU_Usage
ALRT-18b01bcd,#release-pipeline,2026-01-05T20:00:00,INFO,Sentry,Routine alert: Latency is behaving normally.,Latency
ALRT-be6817d0,#infra-alerts,2026-01-06T02:00:00,INFO,Cloudflare-DNS,Routine alert: Conversion_Rate is behaving normally.,Conversion_Rate
ALRT-13037398,#release-pipeline,2026-01-06T04:00:00,INFO,Sentry,Routine alert: Revenue is behaving normally.,Revenue
ALRT-e46fd2cb,#war-room-checkout,2026-01-06T07:00:00,WARNING,StatusPage,Routine alert: Revenue is behaving normally.,Revenue
ALRT-6c23fdfa,#api-health,2026-01-06T10:00:00,WARNING,New-Relic,Routine alert: Revenue is behaving normally.,Revenue
ALRT-0f5e44b9,#infra-alerts,2026-01-06T11:00:00,INFO,Cloudflare-DNS,Routine alert: CPU_Usage is behaving normally.,CPU_Usage
ALRT-0cf6c562,#infra-alerts,2026-01-06T18:00:00,WARNING,AWS-CloudWatch,Routine alert: Revenue is behaving normally.,Revenue
ALRT-371f05ca,#api-health,2026-01-06T23:00:00,WARNING,New-Relic,Routine alert: Memory_Usage is behaving normally.,Memory_Usage
ALRT-95f5649a,#incident-response,2026-01-07T00:00:00,WARNING,AWS-CloudWatch,Routine alert: Conversion_Rate is behaving normally.,Conversion_Rate
ALRT-9d41164c,#infra-alerts,2026-01-07T04:00:00,INFO,Sentry,Routine alert: Disk_IO is behaving normally.,Disk_IO
ALRT-1bdf891d,#growth-marketing,2026-01-07T10:00:00,WARNING,New-Relic,Routine alert: Latency is behaving normally.,Latency
ALRT-3577520b,#growth-marketing,2026-01-07T17:00:00,INFO,Grafana-Prometheus,Routine alert: AOV is behaving normally.,AOV
ALRT-0247af23,#platform-stability,2026-01-07T22:00:00,INFO,ElasticSearch-APM,Routine alert: Error_Rate is behaving normally.,Error_Rate
ALRT-0b44bf8c,#db-alerts,2026-01-07T23:00:00,INFO,Sentry,Routine alert: Revenue is behaving normally.,Revenue
ALRT-a084c595,#growth-marketing,2026-01-08T01:00:00,WARNING,PagerDuty,Routine alert: Error_Rate is behaving normally.,Error_Rate
ALRT-8a22fab9,#api-health,2026-01-08T01:00:00,INFO,Google-Analytics,Routine alert: Sessions is behaving normally.,Sessions
ALRT-551accbe,#war-room-checkout,2026-01-08T09:00:00,INFO,PagerDuty,Routine alert: Conversion_Rate is behaving normally.,Conversion_Rate
ALRT-aafa24b3,#platform-stability,2026-01-08T11:00:00,INFO,Cloudflare-DNS,Routine alert: Payment_Success_Rate is behaving normally.,Payment_Success_Rate
ALRT-0111f29e,#war-room-checkout,2026-01-08T12:00:00,WARNING,Sentry,Routine alert: Conversion_Rate is behaving normally.,Conversion_Rate
ALRT-2d105fb6,#db-alerts,2026-01-08T12:00:00,WARNING,AWS-CloudWatch,Routine alert: Disk_IO is behaving normally.,Disk_IO
ALRT-65205873,#infra-alerts,2026-01-08T20:00:00,INFO,New-Relic,Routine alert: Payment_Success_Rate is behaving normally.,Payment_Success_Rate
ALRT-5b63c2dc,#security-incidents,2026-01-09T03:00:00,WARNING,Datadog-APM,Routine alert: Error_Rate is behaving normally.,Error_Rate
ALRT-6ae47947,#incident-response,2026-01-09T08:00:00,WARNING,Cloudflare-DNS,Routine alert: Memory_Usage is behaving normally.,Memory_Usage
ALRT-c2c723b5,#ops-monitoring,2026-01-09T08:00:00,WARNING,Grafana-Prometheus,Routine alert: Sessions is behaving normally.,Sessions
ALRT-5e4824e7,#war-room-checkout,2026-01-09T10:00:00,WARNING,Datadog-APM,Routine alert: Latency is behaving normally.,Latency
ALRT-de9fc771,#api-health,2026-01-09T19:00:00,WARNING,AWS-CloudWatch,Routine alert: Memory_Usage is behaving normally.,Memory_Usage
ALRT-bc7fee14,#infra-alerts,2026-01-09T21:00:00,INFO,Cloudflare-DNS,Routine alert: Disk_IO is behaving normally.,Disk_IO
ALRT-ac6fa786,#war-room-checkout,2026-01-10T06:00:00,INFO,PagerDuty,Routine alert: Error_Rate is behaving normally.,Error_Rate
ALRT-a1b9fba5,#release-pipeline,2026-01-10T11:00:00,INFO,StatusPage,Routine alert: Latency is behaving normally.,Latency
ALRT-64a2b1d8,#release-pipeline,2026-01-10T14:00:00,WARNING,PagerDuty,Routine alert: Latency is behaving normally.,Latency
ALRT-e4f71d11,#db-alerts,2026-01-10T19:00:00,INFO,PagerDuty,Routine alert: Revenue is behaving normally.,Revenue
ALRT-71d47688,#ops-monitoring,2026-01-11T00:00:00,INFO,AWS-CloudWatch,Routine alert: Memory_Usage is behaving normally.,Memory_Usage
ALRT-d63c5bef,#growth-marketing,2026-01-11T04:00:00,WARNING,Datadog-APM,Routine alert: CPU_Usage is behaving normally.,CPU_Usage
ALRT-1629d4bf,#api-health,2026-01-11T04:00:00,WARNING,StatusPage,Routine alert: Latency is behaving normally.,Latency
ALRT-cb18c21d,#growth-marketing,2026-01-11T08:00:00,WARNING,Google-Analytics,Routine alert: Conversion_Rate is behaving normally.,Conversion_Rate
ALRT-a2675888,#growth-marketing,2026-01-11T13:00:00,WARNING,StatusPage,Routine alert: CPU_Usage is behaving normally.,CPU_Usage
ALRT-f7a29d6f,#infra-alerts,2026-01-11T19:00:00,INFO,Cloudflare-DNS,Routine alert: Revenue is behaving normally.,Revenue
ALRT-331dc809,#db-alerts,2026-01-11T20:00:00,INFO,Sentry,Routine alert: Error_Rate is behaving normally.,Error_Rate
ALRT-a3d4cc0b,#incident-response,2026-01-11T22:00:00,WARNING,Datadog-APM,Routine alert: Disk_IO is behaving normally.,Disk_IO
ALRT-c890c57a,#growth-marketing,2026-01-12T09:00:00,WARNING,Cloudflare-DNS,Routine alert: Disk_IO is behaving normally.,Disk_IO
ALRT-a2f10f27,#infra-alerts,2026-01-12T16:00:00,WARNING,Sentry,Routine alert: Disk_IO is behaving normally.,Disk_IO
ALRT-0eefe408,#infra-alerts,2026-01-13T02:00:00,WARNING,AWS-CloudWatch,Routine alert: Latency is behaving normally.,Latency
ALRT-85ad11c9,#platform-stability,2026-01-13T08:00:00,INFO,Sentry,Routine alert: Latency is behaving normally.,Latency
ALRT-377175a7,#incident-response,2026-01-13T20:00:00,WARNING,New-Relic,Routine alert: Latency is behaving normally.,Latency
ALRT-b4892a43,#war-room-checkout,2026-01-13T22:00:00,INFO,Google-Analytics,Routine alert: Sessions is behaving normally.,Sessions
ALRT-e285ca33,#platform-stability,2026-01-14T06:00:00,INFO,Grafana-Prometheus,Routine alert: Memory_Usage is behaving normally.,Memory_Usage
ALRT-75a64277,#incident-response,2026-01-14T07:00:00,WARNING,Sentry,Routine alert: AOV is behaving normally.,AOV
ALRT-f1ca2afc,#incident-response,2026-01-14T12:00:00,INFO,Cloudflare-DNS,Routine alert: CPU_Usage is behaving normally.,CPU_Usage
ALRT-30e8ba23,#platform-stability,2026-01-14T19:00:00,INFO,New-Relic,Routine alert: Memory_Usage is behaving normally.,Memory_Usage
ALRT-a8c538b8,#incident-response,2026-01-14T20:00:00,INFO,Google-Analytics,Routine alert: Payment_Success_Rate is behaving normally.,Payment_Success_Rate
ALRT-69eb668d,#growth-marketing,2026-01-15T03:00:00,WARNING,Google-Analytics,Routine alert: Sessions is behaving normally.,Sessions
ALRT-739eafaf,#release-pipeline,2026-01-15T04:00:00,INFO,Datadog-APM,Routine alert: Memory_Usage is behaving normally.,Memory_Usage
ALRT-72191e48,#security-incidents,2026-01-15T04:00:00,WARNING,PagerDuty,Routine alert: CPU_Usage is behaving normally.,CPU_Usage
ALRT-9ab663d0,#war-room-checkout,2026-01-15T06:00:00,INFO,Grafana-Prometheus,Routine alert: Revenue is behaving normally.,Revenue
ALRT-800c47f9,#release-pipeline,2026-01-15T07:00:00,INFO,StatusPage,Routine alert: Memory_Usage is behaving normally.,Memory_Usage
ALRT-94af7276,#growth-marketing,2026-01-15T08:00:00,INFO,PagerDuty,Routine alert: CPU_Usage is behaving normally.,CPU_Usage
ALRT-f92beabd,#security-incidents,2026-01-16T05:00:00,WARNING,PagerDuty,Routine alert: Sessions is behaving normally.,Sessions
ALRT-d4769445,#release-pipeline,2026-01-16T12:00:00,WARNING,AWS-CloudWatch,Routine alert: Payment_Success_Rate is behaving normally.,Payment_Success_Rate
ALRT-5faa5678,#security-incidents,2026-01-16T12:00:00,WARNING,Sentry,Routine alert: Sessions is behaving normally.,Sessions
ALRT-670e503e,#api-health,2026-01-16T19:00:00,INFO,Sentry,Routine alert: Revenue is behaving normally.,Revenue
ALRT-322d4dc7,#release-pipeline,2026-01-16T20:00:00,INFO,New-Relic,Routine alert: Latency is behaving normally.,Latency
ALRT-cfd3c864,#incident-response,2026-01-16T20:00:00,INFO,ElasticSearch-APM,Routine alert: Disk_IO is behaving normally.,Disk_IO
ALRT-f2e0b7df,#ops-monitoring,2026-01-16T20:00:00,INFO,Google-Analytics,Routine alert: Memory_Usage is behaving normally.,Memory_Usage
ALRT-251d4830,#infra-alerts,2026-01-17T07:00:00,INFO,Datadog-APM,Routine alert: Revenue is behaving normally.,Revenue
ALRT-80f89527,#release-pipeline,2026-01-17T08:00:00,WARNING,Google-Analytics,Routine alert: Memory_Usage is behaving normally.,Memory_Usage
ALRT-680e4438,#release-pipeline,2026-01-17T09:00:00,INFO,ElasticSearch-APM,Routine alert: Disk_IO is behaving normally.,Disk_IO
ALRT-59554e5d,#incident-response,2026-01-17T13:00:00,INFO,AWS-CloudWatch,Routine alert: Conversion_Rate is behaving normally.,Conversion_Rate
ALRT-0faba8e7,#api-health,2026-01-17T19:00:00,INFO,ElasticSearch-APM,Routine alert: Error_Rate is behaving normally.,Error_Rate
ALRT-396f3955,#security-incidents,2026-01-17T21:00:00,INFO,Grafana-Prometheus,Routine alert: Error_Rate is behaving normally.,Error_Rate
ALRT-62ec3b9c,#infra-alerts,2026-01-17T21:00:00,WARNING,Sentry,Routine alert: CPU_Usage is behaving normally.,CPU_Usage
ALRT-0ddec66a,#release-pipeline,2026-01-18T05:00:00,WARNING,PagerDuty,Routine alert: Memory_Usage is behaving normally.,Memory_Usage
ALRT-0d90e037,#war-room-checkout,2026-01-18T11:00:00,INFO,New-Relic,Routine alert: Disk_IO is behaving normally.,Disk_IO
ALRT-85f50651,#release-pipeline,2026-01-18T13:00:00,WARNING,Google-Analytics,Routine alert: Revenue is behaving normally.,Revenue
ALRT-1f89b455,#war-room-checkout,2026-01-18T19:00:00,WARNING,Sentry,Routine alert: Memory_Usage is behaving normally.,Memory_Usage
ALRT-43af2375,#security-incidents,2026-01-18T21:00:00,INFO,Sentry,Routine alert: CPU_Usage is behaving normally.,CPU_Usage
ALRT-4716946c,#security-incidents,2026-01-19T01:00:00,INFO,StatusPage,Routine alert: Memory_Usage is behaving normally.,Memory_Usage
ALRT-56979052,#infra-alerts,2026-01-19T01:00:00,WARNING,Sentry,Routine alert: Memory_Usage is behaving normally.,Memory_Usage
ALRT-89d57818,#incident-response,2026-01-19T02:00:00,INFO,PagerDuty,Routine alert: AOV is behaving normally.,AOV
ALRT-be20ebd9,#growth-marketing,2026-01-19T02:00:00,WARNING,New-Relic,Routine alert: Memory_Usage is behaving normally.,Memory_Usage
ALRT-425fff20,#ops-monitoring,2026-01-19T03:00:00,INFO,Google-Analytics,Routine alert: Memory_Usage is behaving normally.,Memory_Usage
ALRT-b678814b,#release-pipeline,2026-01-19T03:00:00,WARNING,PagerDuty,Routine alert: AOV is behaving normally.,AOV
ALRT-36460469,#api-health,2026-01-19T13:00:00,INFO,Cloudflare-DNS,Routine alert: Payment_Success_Rate is behaving normally.,Payment_Success_Rate
ALRT-da588e83,#api-health,2026-01-19T17:00:00,WARNING,Sentry,Routine alert: Conversion_Rate is behaving normally.,Conversion_Rate
ALRT-43a34259,#api-health,2026-01-20T15:00:00,WARNING,Google-Analytics,Routine alert: Memory_Usage is behaving normally.,Memory_Usage
ALRT-2b0a29ca,#db-alerts,2026-01-20T17:00:00,WARNING,Datadog-APM,Routine alert: Sessions is behaving normally.,Sessions
ALRT-bd96957a,#ops-monitoring,2026-01-21T01:00:00,INFO,Grafana-Prometheus,Routine alert: Disk_IO is behaving normally.,Disk_IO
ALRT-8805d850,#war-room-checkout,2026-01-21T16:00:00,WARNING,Grafana-Prometheus,Routine alert: Disk_IO is behaving normally.,Disk_IO
ALRT-39f7d2fd,#incident-response,2026-01-22T06:00:00,INFO,Grafana-Prometheus,Routine alert: Revenue is behaving normally.,Revenue
ALRT-3f9beea4,#platform-stability,2026-01-22T10:00:00,INFO,New-Relic,Routine alert: Memory_Usage is behaving normally.,Memory_Usage
ALRT-9751284c,#ops-monitoring,2026-01-22T16:00:00,INFO,StatusPage,Routine alert: Latency is behaving normally.,Latency
ALRT-54386764,#release-pipeline,2026-01-22T17:00:00,INFO,AWS-CloudWatch,Routine alert: Conversion_Rate is behaving normally.,Conversion_Rate
ALRT-5e330fd8,#api-health,2026-01-22T17:00:00,INFO,Sentry,Routine alert: AOV is behaving normally.,AOV
ALRT-c6494e7f,#war-room-checkout,2026-01-22T20:00:00,WARNING,StatusPage,Routine alert: Revenue is behaving normally.,Revenue
ALRT-74ea50ee,#api-health,2026-01-22T21:00:00,WARNING,PagerDuty,Routine alert: Revenue is behaving normally.,Revenue
ALRT-84f93f6f,#release-pipeline,2026-01-23T04:00:00,WARNING,Sentry,Routine alert: Payment_Success_Rate is behaving normally.,Payment_Success_Rate
ALRT-03240e77,#release-pipeline,2026-01-23T06:00:00,INFO,Datadog-APM,Routine alert: Revenue is behaving normally.,Revenue
ALRT-3f3fa084,#growth-marketing,2026-01-23T11:00:00,WARNING,ElasticSearch-APM,Routine alert: CPU_Usage is behaving normally.,CPU_Usage
ALRT-2949afa6,#war-room-checkout,2026-01-23T15:00:00,WARNING,Datadog-APM,Routine alert: Conversion_Rate is behaving normally.,Conversion_Rate
ALRT-18d82c32,#security-incidents,2026-01-24T04:00:00,WARNING,Google-Analytics,Routine alert: Latency is behaving normally.,Latency
ALRT-58c544c9,#infra-alerts,2026-01-24T04:00:00,WARNING,Cloudflare-DNS,Routine alert: Sessions is behaving normally.,Sessions
ALRT-dd2b4092,#platform-stability,2026-01-24T08:00:00,INFO,Cloudflare-DNS,Routine alert: AOV is behaving normally.,AOV
ALRT-55af1537,#incident-response,2026-01-24T12:00:00,INFO,StatusPage,Routine alert: Latency is behaving normally.,Latency
ALRT-68ecfa67,#api-health,2026-01-24T21:00:00,INFO,Grafana-Prometheus,Routine alert: Memory_Usage is behaving normally.,Memory_Usage
ALRT-e2bbb872,#db-alerts,2026-01-24T23:00:00,WARNING,PagerDuty,Routine alert: Conversion_Rate is behaving normally.,Conversion_Rate
ALRT-c09e9440,#security-incidents,2026-01-25T08:00:00,WARNING,PagerDuty,Routine alert: AOV is behaving normally.,AOV
ALRT-8abc2682,#infra-alerts,2026-01-25T16:00:00,INFO,StatusPage,Routine alert: CPU_Usage is behaving normally.,CPU_Usage
ALRT-a515f878,#api-health,2026-01-25T20:00:00,WARNING,Cloudflare-DNS,Routine alert: Revenue is behaving normally.,Revenue
ALRT-1dfa9267,#war-room-checkout,2026-01-25T21:00:00,INFO,AWS-CloudWatch,Routine alert: Payment_Success_Rate is behaving normally.,Payment_Success_Rate
ALRT-1ea425c5,#incident-response,2026-01-25T23:00:00,WARNING,Google-Analytics,Routine alert: Disk_IO is behaving normally.,Disk_IO
ALRT-d1a3543a,#platform-stability,2026-01-26T00:00:00,INFO,New-Relic,Routine alert: Revenue is behaving normally.,Revenue
ALRT-f556043e,#db-alerts,2026-01-26T01:00:00,INFO,Sentry,Routine alert: Payment_Success_Rate is behaving normally.,Payment_Success_Rate
ALRT-30d05fd5,#war-room-checkout,2026-01-26T13:00:00,WARNING,Sentry,Routine alert: CPU_Usage is behaving normally.,CPU_Usage
ALRT-e39bd22e,#war-room-checkout,2026-01-26T23:00:00,WARNING,StatusPage,Routine alert: Disk_IO is behaving normally.,Disk_IO
ALRT-880abb89,#infra-alerts,2026-01-26T23:00:00,INFO,ElasticSearch-APM,Routine alert: CPU_Usage is behaving normally.,CPU_Usage
ALRT-51738ec7,#api-health,2026-01-27T00:00:00,INFO,Google-Analytics,Routine alert: Conversion_Rate is behaving normally.,Conversion_Rate
ALRT-3a6a1adf,#growth-marketing,2026-01-27T06:00:00,INFO,ElasticSearch-APM,Routine alert: Revenue is behaving normally.,Revenue
ALRT-3457b4d5,#api-health,2026-01-27T10:00:00,INFO,AWS-CloudWatch,Routine alert: Error_Rate is behaving normally.,Error_Rate
ALRT-2b34944b,#infra-alerts,2026-01-27T12:00:00,INFO,Cloudflare-DNS,Routine alert: Disk_IO is behaving normally.,Disk_IO
ALRT-5e9c9da3,#db-alerts,2026-01-27T16:00:00,INFO,AWS-CloudWatch,Routine alert: Latency is behaving normally.,Latency
ALRT-2232ac8b,#growth-marketing,2026-01-27T20:00:00,WARNING,AWS-CloudWatch,Routine alert: CPU_Usage is behaving normally.,CPU_Usage
ALRT-762a9533,#incident-response,2026-01-28T03:00:00,WARNING,Datadog-APM,Routine alert: Sessions is behaving normally.,Sessions
ALRT-4e700172,#war-room-checkout,2026-01-28T05:00:00,INFO,Cloudflare-DNS,Routine alert: Latency is behaving normally.,Latency
ALRT-9d380ae6,#incident-response,2026-01-28T07:00:00,WARNING,Google-Analytics,Routine alert: Payment_Success_Rate is behaving normally.,Payment_Success_Rate
ALRT-ce46e792,#api-health,2026-01-28T11:00:00,WARNING,StatusPage,Routine alert: Latency is behaving normally.,Latency
ALRT-52688b8e,#infra-alerts,2026-01-29T15:00:00,WARNING,New-Relic,Routine alert: CPU_Usage is behaving normally.,CPU_Usage
ALRT-0f71a19c,#security-incidents,2026-01-29T17:00:00,WARNING,StatusPage,Routine alert: Memory_Usage is behaving normally.,Memory_Usage
ALRT-464475cf,#db-alerts,2026-01-30T01:00:00,INFO,New-Relic,Routine alert: Error_Rate is behaving normally.,Error_Rate
ALRT-ba6f9b7b,#release-pipeline,2026-01-30T05:00:00,WARNING,Cloudflare-DNS,Routine alert: Error_Rate is behaving normally.,Error_Rate
ALRT-a995b2c6,#db-alerts,2026-01-30T15:00:00,INFO,AWS-CloudWatch,Routine alert: Latency is behaving normally.,Latency
ALRT-dc7e6d81,#incident-response,2026-01-30T21:00:00,WARNING,PagerDuty,Routine alert: Revenue is behaving normally.,Revenue
ALRT-6212dc6a,#ops-monitoring,2026-01-31T10:00:00,INFO,PagerDuty,Routine alert: Error_Rate is behaving normally.,Error_Rate
ALRT-c9b434ac,#api-health,2026-01-31T20:00:00,INFO,ElasticSearch-APM,Routine alert: AOV is behaving normally.,AOV
ALRT-286017a0,#security-incidents,2026-02-01T05:00:00,WARNING,ElasticSearch-APM,Routine alert: Payment_Success_Rate is behaving normally.,Payment_Success_Rate
ALRT-a590ee95,#incident-response,2026-02-01T21:00:00,WARNING,Cloudflare-DNS,Routine alert: Latency is behaving normally.,Latency
ALRT-11228bf7,#incident-response,2026-02-02T09:00:00,WARNING,AWS-CloudWatch,Routine alert: CPU_Usage is behaving normally.,CPU_Usage
ALRT-e04bbe6f,#release-pipeline,2026-02-02T11:00:00,WARNING,PagerDuty,Routine alert: Disk_IO is behaving normally.,Disk_IO
ALRT-4418f4ed,#db-alerts,2026-02-02T12:00:00,WARNING,PagerDuty,Routine alert: AOV is behaving normally.,AOV
ALRT-37c927c0,#war-room-checkout,2026-02-02T23:00:00,WARNING,AWS-CloudWatch,Routine alert: Payment_Success_Rate is behaving normally.,Payment_Success_Rate
ALRT-dd914fc2,#security-incidents,2026-02-03T01:00:00,INFO,AWS-CloudWatch,Routine alert: Revenue is behaving normally.,Revenue
ALRT-99822725,#ops-monitoring,2026-02-03T02:00:00,INFO,Datadog-APM,Routine alert: Memory_Usage is behaving normally.,Memory_Usage
ALRT-375c94a8,#security-incidents,2026-02-03T09:00:00,INFO,Grafana-Prometheus,Routine alert: Disk_IO is behaving normally.,Disk_IO
ALRT-28ca2831,#growth-marketing,2026-02-03T17:00:00,WARNING,Sentry,Routine alert: CPU_Usage is behaving normally.,CPU_Usage
ALRT-02e5ae8d,#growth-marketing,2026-02-03T20:00:00,INFO,Datadog-APM,Routine alert: Error_Rate is behaving normally.,Error_Rate
ALRT-59608f0a,#war-room-checkout,2026-02-03T21:00:00,INFO,New-Relic,Routine alert: Payment_Success_Rate is behaving normally.,Payment_Success_Rate
ALRT-436d3d72,#release-pipeline,2026-02-03T22:00:00,INFO,Sentry,Routine alert: Payment_Success_Rate is behaving normally.,Payment_Success_Rate
ALRT-f5ffe280,#platform-stability,2026-02-03T23:00:00,INFO,StatusPage,Routine alert: Sessions is behaving normally.,Sessions
ALRT-c155536a,#security-incidents,2026-02-04T08:00:00,WARNING,Grafana-Prometheus,Routine alert: Conversion_Rate is behaving normally.,Conversion_Rate
ALRT-37c23486,#incident-response,2026-02-04T08:00:00,INFO,AWS-CloudWatch,Routine alert: Payment_Success_Rate is behaving normally.,Payment_Success_Rate
ALRT-5ec2657f,#security-incidents,2026-02-05T08:00:00,INFO,ElasticSearch-APM,Routine alert: Latency is behaving normally.,Latency
ALRT-c0a1037d,#incident-response,2026-02-05T09:00:00,INFO,New-Relic,Routine alert: Sessions is behaving normally.,Sessions
ALRT-6cb5039a,#release-pipeline,2026-02-05T10:00:00,WARNING,AWS-CloudWatch,Routine alert: Memory_Usage is behaving normally.,Memory_Usage
ALRT-a433bee6,#war-room-checkout,2026-02-05T12:00:00,INFO,Google-Analytics,Routine alert: Payment_Success_Rate is behaving normally.,Payment_Success_Rate
ALRT-bce35646,#infra-alerts,2026-02-05T12:00:00,INFO,Cloudflare-DNS,Routine alert: Revenue is behaving normally.,Revenue
ALRT-6a1fffe6,#infra-alerts,2026-02-06T07:00:00,INFO,New-Relic,Routine alert: Memory_Usage is behaving normally.,Memory_Usage
ALRT-7b917af4,#ops-monitoring,2026-02-06T11:00:00,INFO,Sentry,Routine alert: Latency is behaving normally.,Latency
ALRT-92752290,#growth-marketing,2026-02-06T16:00:00,INFO,Grafana-Prometheus,Routine alert: Latency is behaving normally.,Latency
ALRT-f6bbb830,#growth-marketing,2026-02-06T18:00:00,WARNING,AWS-CloudWatch,Routine alert: Revenue is behaving normally.,Revenue
ALRT-739025ed,#api-health,2026-02-07T07:00:00,WARNING,StatusPage,Routine alert: Payment_Success_Rate is behaving normally.,Payment_Success_Rate
ALRT-1bda48e4,#platform-stability,2026-02-07T14:00:00,INFO,StatusPage,Routine alert: Latency is behaving normally.,Latency
ALRT-fe457586,#release-pipeline,2026-02-07T18:00:00,INFO,AWS-CloudWatch,Routine alert: Latency is behaving normally.,Latency
ALRT-2a9f2274,#growth-marketing,2026-02-07T19:00:00,INFO,New-Relic,Routine alert: Conversion_Rate is behaving normally.,Conversion_Rate
ALRT-d516c9a3,#infra-alerts,2026-02-07T21:00:00,INFO,Google-Analytics,Routine alert: Disk_IO is behaving normally.,Disk_IO
ALRT-eb4076b3,#api-health,2026-02-08T00:00:00,INFO,Grafana-Prometheus,Routine alert: Sessions is behaving normally.,Sessions
ALRT-ec94f8a2,#platform-stability,2026-02-08T00:00:00,INFO,Grafana-Prometheus,Routine alert: Sessions is behaving normally.,Sessions
ALRT-e68ca2b8,#ops-monitoring,2026-02-08T08:00:00,INFO,Datadog-APM,Routine alert: Conversion_Rate is behaving normally.,Conversion_Rate
ALRT-22009621,#release-pipeline,2026-02-08T22:00:00,WARNING,Datadog-APM,Routine alert: Revenue is behaving normally.,Revenue
ALRT-e7b1af33,#db-alerts,2026-02-09T03:00:00,INFO,Sentry,Routine alert: Memory_Usage is behaving normally.,Memory_Usage
ALRT-dfc74cd1,#release-pipeline,2026-02-09T04:00:00,WARNING,Cloudflare-DNS,Routine alert: Latency is behaving normally.,Latency
ALRT-21ba239f,#growth-marketing,2026-02-10T01:00:00,WARNING,Cloudflare-DNS,Routine alert: Error_Rate is behaving normally.,Error_Rate
ALRT-bbe5456d,#infra-alerts,2026-02-10T03:00:00,WARNING,ElasticSearch-APM,Routine alert: CPU_Usage is behaving normally.,CPU_Usage
ALRT-c1d210ba,#growth-marketing,2026-02-10T08:00:00,WARNING,Sentry,Routine alert: Error_Rate is behaving normally.,Error_Rate
ALRT-eb821266,#platform-stability,2026-02-10T21:00:00,INFO,Datadog-APM,Routine alert: AOV is behaving normally.,AOV
ALRT-0f351a61,#security-incidents,2026-02-11T01:00:00,INFO,Cloudflare-DNS,Routine alert: Conversion_Rate is behaving normally.,Conversion_Rate
ALRT-e887c05d,#security-incidents,2026-02-11T01:00:00,WARNING,Google-Analytics,Routine alert: Latency is behaving normally.,Latency
ALRT-9742af17,#infra-alerts,2026-02-11T11:00:00,WARNING,PagerDuty,Routine alert: Error_Rate is behaving normally.,Error_Rate
ALRT-5493b878,#ops-monitoring,2026-02-11T12:00:00,WARNING,New-Relic,Routine alert: Disk_IO is behaving normally.,Disk_IO
ALRT-c2962afe,#ops-monitoring,2026-02-11T15:00:00,WARNING,Datadog-APM,Routine alert: AOV is behaving normally.,AOV
ALRT-3fc02b3d,#platform-stability,2026-02-11T17:00:00,WARNING,PagerDuty,Routine alert: CPU_Usage is behaving normally.,CPU_Usage
ALRT-73b08f8e,#war-room-checkout,2026-02-11T17:00:00,WARNING,Datadog-APM,Routine alert: Memory_Usage is behaving normally.,Memory_Usage
ALRT-0a1d9006,#api-health,2026-02-12T13:00:00,INFO,Google-Analytics,Routine alert: Revenue is behaving normally.,Revenue
ALRT-5e53e910,#db-alerts,2026-02-12T21:00:00,WARNING,ElasticSearch-APM,Routine alert: Conversion_Rate is behaving normally.,Conversion_Rate
ALRT-8aeb6d26,#ops-monitoring,2026-02-13T11:00:00,INFO,Cloudflare-DNS,Routine alert: CPU_Usage is behaving normally.,CPU_Usage
ALRT-61dc99de,#ops-monitoring,2026-02-13T18:00:00,WARNING,PagerDuty,Routine alert: Conversion_Rate is behaving normally.,Conversion_Rate
ALRT-605b460b,#ops-monitoring,2026-02-13T23:00:00,INFO,AWS-CloudWatch,Routine alert: Conversion_Rate is behaving normally.,Conversion_Rate
ALRT-b4d094d7,#ops-monitoring,2026-02-14T00:00:00,INFO,New-Relic,Routine alert: CPU_Usage is behaving normally.,CPU_Usage
ALRT-5c33f9c6,#security-incidents,2026-02-14T01:00:00,WARNING,Google-Analytics,Routine alert: Memory_Usage is behaving normally.,Memory_Usage
ALRT-fd5e652b,#infra-alerts,2026-02-14T01:00:00,WARNING,Datadog-APM,Routine alert: Error_Rate is behaving normally.,Error_Rate
ALRT-e9e93ac7,#war-room-checkout,2026-02-14T02:00:00,WARNING,Datadog-APM,Routine alert: Memory_Usage is behaving normally.,Memory_Usage
ALRT-6d2cd95d,#incident-response,2026-02-14T13:00:00,WARNING,ElasticSearch-APM,Routine alert: AOV is behaving normally.,AOV
ALRT-253090bf,#release-pipeline,2026-02-15T04:00:00,WARNING,AWS-CloudWatch,Routine alert: Payment_Success_Rate is behaving normally.,Payment_Success_Rate
ALRT-a72ea2ec,#ops-monitoring,2026-02-15T04:00:00,WARNING,Sentry,Routine alert: Sessions is behaving normally.,Sessions
ALRT-3fded76d,#ops-monitoring,2026-02-15T08:00:00,INFO,Grafana-Prometheus,Routine alert: Memory_Usage is behaving normally.,Memory_Usage
ALRT-de23ac75,#war-room-checkout,2026-02-15T12:00:00,WARNING,StatusPage,Routine alert: Revenue is behaving normally.,Revenue
ALRT-6643f3e1,#platform-stability,2026-02-15T13:00:00,WARNING,PagerDuty,Routine alert: AOV is behaving normally.,AOV
ALRT-2054c9ec,#security-incidents,2026-02-15T17:00:00,WARNING,Google-Analytics,Routine alert: Sessions is behaving normally.,Sessions
ALRT-8f6163f9,#api-health,2026-02-15T22:00:00,WARNING,Datadog-APM,Routine alert: Payment_Success_Rate is behaving normally.,Payment_Success_Rate
ALRT-aa968b92,#growth-marketing,2026-02-16T13:00:00,WARNING,Cloudflare-DNS,Routine alert: Latency is behaving normally.,Latency
ALRT-7f9344de,#release-pipeline,2026-02-16T15:00:00,INFO,Sentry,Routine alert: Error_Rate is behaving normally.,Error_Rate
ALRT-447e15a4,#growth-marketing,2026-02-17T22:00:00,INFO,AWS-CloudWatch,Routine alert: Memory_Usage is behaving normally.,Memory_Usage
ALRT-232326e8,#release-pipeline,2026-02-17T23:00:00,INFO,Google-Analytics,Routine alert: Revenue is behaving normally.,Revenue
ALRT-97dc6c2c,#growth-marketing,2026-02-18T09:00:00,WARNING,Google-Analytics,Routine alert: Payment_Success_Rate is behaving normally.,Payment_Success_Rate
ALRT-4a79c4b3,#infra-alerts,2026-02-18T19:00:00,WARNING,AWS-CloudWatch,Routine alert: CPU_Usage is behaving normally.,CPU_Usage
ALRT-3f6a5fdd,#db-alerts,2026-02-19T03:00:00,WARNING,Grafana-Prometheus,Routine alert: CPU_Usage is behaving normally.,CPU_Usage
ALRT-92996dc9,#growth-marketing,2026-02-19T09:00:00,INFO,StatusPage,Routine alert: Latency is behaving normally.,Latency
ALRT-219ed342,#release-pipeline,2026-02-19T10:00:00,WARNING,AWS-CloudWatch,Routine alert: Sessions is behaving normally.,Sessions
ALRT-7cd4368d,#release-pipeline,2026-02-20T00:00:00,WARNING,Sentry,Routine alert: Error_Rate is behaving normally.,Error_Rate
ALRT-7fb57255,#growth-marketing,2026-02-20T09:00:00,INFO,Google-Analytics,Routine alert: Disk_IO is behaving normally.,Disk_IO
ALRT-cb497d80,#platform-stability,2026-02-20T16:00:00,WARNING,Sentry,Routine alert: Payment_Success_Rate is behaving normally.,Payment_Success_Rate
ALRT-e082f578,#war-room-checkout,2026-02-20T18:00:00,INFO,Grafana-Prometheus,Routine alert: Error_Rate is behaving normally.,Error_Rate
ALRT-e6c61cc7,#release-pipeline,2026-02-20T20:00:00,WARNING,Google-Analytics,Routine alert: AOV is behaving normally.,AOV
ALRT-72351c14,#ops-monitoring,2026-02-20T21:00:00,WARNING,Datadog-APM,Routine alert: Payment_Success_Rate is behaving normally.,Payment_Success_Rate
ALRT-495e0cae,#security-incidents,2026-02-21T02:00:00,WARNING,PagerDuty,Routine alert: Revenue is behaving normally.,Revenue
ALRT-5e61ff7e,#war-room-checkout,2026-02-21T07:00:00,WARNING,Datadog-APM,Routine alert: Error_Rate is behaving normally.,Error_Rate
ALRT-7c7e8347,#release-pipeline,2026-02-21T10:00:00,INFO,AWS-CloudWatch,Routine alert: Memory_Usage is behaving normally.,Memory_Usage
ALRT-1264b4a6,#platform-stability,2026-02-22T00:00:00,WARNING,Cloudflare-DNS,Routine alert: Latency is behaving normally.,Latency
ALRT-d6e8bcbf,#release-pipeline,2026-02-22T01:00:00,WARNING,Google-Analytics,Routine alert: Memory_Usage is behaving normally.,Memory_Usage
ALRT-d09c05b8,#growth-marketing,2026-02-22T12:00:00,WARNING,AWS-CloudWatch,Routine alert: Latency is behaving normally.,Latency
ALRT-8ba5a68e,#api-health,2026-02-22T13:00:00,INFO,Cloudflare-DNS,Routine alert: Revenue is behaving normally.,Revenue
ALRT-8628a1da,#db-alerts,2026-02-22T14:00:00,INFO,ElasticSearch-APM,Routine alert: Revenue is behaving normally.,Revenue
ALRT-b8649002,#api-health,2026-02-22T18:00:00,INFO,Cloudflare-DNS,Routine alert: Error_Rate is behaving normally.,Error_Rate
ALRT-efbd83d0,#war-room-checkout,2026-02-22T19:00:00,WARNING,Datadog-APM,Routine alert: Conversion_Rate is behaving normally.,Conversion_Rate
ALRT-d73f018c,#growth-marketing,2026-02-23T00:00:00,INFO,Sentry,Routine alert: CPU_Usage is behaving normally.,CPU_Usage
ALRT-b226bb1d,#security-incidents,2026-02-23T04:00:00,WARNING,Google-Analytics,Routine alert: Memory_Usage is behaving normally.,Memory_Usage
ALRT-bd77f948,#infra-alerts,2026-02-23T09:00:00,INFO,Sentry,Routine alert: Revenue is behaving normally.,Revenue
ALRT-adcf3ee8,#release-pipeline,2026-02-23T10:00:00,WARNING,Google-Analytics,Routine alert: CPU_Usage is behaving normally.,CPU_Usage
ALRT-3b548489,#release-pipeline,2026-02-23T13:00:00,WARNING,Google-Analytics,Routine alert: Payment_Success_Rate is behaving normally.,Payment_Success_Rate
ALRT-83bccede,#db-alerts,2026-02-23T21:00:00,WARNING,New-Relic,Routine alert: Conversion_Rate is behaving normally.,Conversion_Rate
ALRT-2eef827d,#release-pipeline,2026-02-24T01:00:00,INFO,Google-Analytics,Routine alert: Conversion_Rate is behaving normally.,Conversion_Rate
ALRT-2d11ccf6,#infra-alerts,2026-02-24T02:00:00,WARNING,Datadog-APM,Routine alert: Disk_IO is behaving normally.,Disk_IO
ALRT-3b7bf207,#ops-monitoring,2026-02-24T10:00:00,INFO,StatusPage,Routine alert: Latency is behaving normally.,Latency
ALRT-fccbbb10,#infra-alerts,2026-02-24T16:00:00,WARNING,Cloudflare-DNS,Routine alert: Conversion_Rate is behaving normally.,Conversion_Rate
ALRT-c13a8b27,#infra-alerts,2026-02-24T18:00:00,INFO,Cloudflare-DNS,Routine alert: Conversion_Rate is behaving normally.,Conversion_Rate
ALRT-3f7a07aa,#growth-marketing,2026-02-24T20:00:00,WARNING,PagerDuty,Routine alert: Conversion_Rate is behaving normally.,Conversion_Rate
ALRT-bbd53f07,#release-pipeline,2026-02-25T01:00:00,WARNING,Cloudflare-DNS,Routine alert: Revenue is behaving normally.,Revenue
ALRT-2c89c9e5,#platform-stability,2026-02-25T13:00:00,INFO,StatusPage,Routine alert: CPU_Usage is behaving normally.,CPU_Usage
ALRT-2148108b,#db-alerts,2026-02-25T21:00:00,WARNING,Datadog-APM,Routine alert: Conversion_Rate is behaving normally.,Conversion_Rate
ALRT-115362ca,#war-room-checkout,2026-02-26T16:00:00,WARNING,Datadog-APM,Routine alert: Revenue is behaving normally.,Revenue
ALRT-41fffcf1,#api-health,2026-02-26T18:00:00,INFO,Sentry,Routine alert: AOV is behaving normally.,AOV
ALRT-a8cc4f2a,#infra-alerts,2026-02-27T04:00:00,INFO,PagerDuty,Routine alert: Payment_Success_Rate is behaving normally.,Payment_Success_Rate
ALRT-d95e4028,#incident-response,2026-02-27T05:00:00,INFO,Datadog-APM,Routine alert: Revenue is behaving normally.,Revenue
ALRT-f32d0a08,#incident-response,2026-02-27T07:00:00,INFO,Sentry,Routine alert: Conversion_Rate is behaving normally.,Conversion_Rate
ALRT-882f2fa5,#api-health,2026-02-27T08:00:00,WARNING,Cloudflare-DNS,Routine alert: Revenue is behaving normally.,Revenue
ALRT-a90aebb9,#infra-alerts,2026-02-27T15:00:00,WARNING,AWS-CloudWatch,Routine alert: CPU_Usage is behaving normally.,CPU_Usage
ALRT-f04f46d1,#ops-monitoring,2026-02-27T17:00:00,INFO,ElasticSearch-APM,Routine alert: Payment_Success_Rate is behaving normally.,Payment_Success_Rate
ALRT-af8dbb1f,#api-health,2026-02-27T18:00:00,INFO,PagerDuty,Routine alert: CPU_Usage is behaving normally.,CPU_Usage
ALRT-8e05dac2,#war-room-checkout,2026-02-27T21:00:00,INFO,PagerDuty,Routine alert: Error_Rate is behaving normally.,Error_Rate
ALRT-09c30122,#db-alerts,2026-02-28T00:00:00,WARNING,Sentry,Routine alert: Memory_Usage is behaving normally.,Memory_Usage
ALRT-0e2d4298,#ops-monitoring,2026-02-28T00:00:00,WARNING,Sentry,Routine alert: Payment_Success_Rate is behaving normally.,Payment_Success_Rate
ALRT-dff4a890,#security-incidents,2026-02-28T12:00:00,INFO,New-Relic,Routine alert: AOV is behaving normally.,AOV
ALRT-d3ca54a3,#infra-alerts,2026-02-28T21:00:00,INFO,Google-Analytics,Routine alert: Revenue is behaving normally.,Revenue
ALRT-32583e8b,#incident-response,2026-03-01T00:00:00,WARNING,ElasticSearch-APM,Routine alert: Error_Rate is behaving normally.,Error_Rate
ALRT-bba45e28,#security-incidents,2026-03-01T17:00:00,WARNING,ElasticSearch-APM,Routine alert: Latency is behaving normally.,Latency
ALRT-3eca4d75,#war-room-checkout,2026-03-02T01:00:00,WARNING,Datadog-APM,Routine alert: Latency is behaving normally.,Latency
ALRT-ee80c8fb,#incident-response,2026-03-02T13:00:00,INFO,Google-Analytics,Routine alert: Sessions is behaving normally.,Sessions
ALRT-fed39d93,#ops-monitoring,2026-03-02T16:00:00,INFO,Sentry,Routine alert: Memory_Usage is behaving normally.,Memory_Usage
ALRT-85f0060e,#db-alerts,2026-03-02T17:00:00,WARNING,New-Relic,Routine alert: Memory_Usage is behaving normally.,Memory_Usage
ALRT-1488712d,#war-room-checkout,2026-03-02T18:00:00,INFO,PagerDuty,Routine alert: Error_Rate is behaving normally.,Error_Rate
ALRT-8c75d500,#infra-alerts,2026-03-03T03:00:00,INFO,ElasticSearch-APM,Routine alert: Latency is behaving normally.,Latency
ALRT-3952f80b,#infra-alerts,2026-03-03T21:00:00,WARNING,ElasticSearch-APM,Routine alert: AOV is behaving normally.,AOV
ALRT-99c8eb6f,#war-room-checkout,2026-03-04T09:00:00,INFO,New-Relic,Routine alert: Memory_Usage is behaving normally.,Memory_Usage
ALRT-a2f2722d,#infra-alerts,2026-03-04T14:00:00,WARNING,AWS-CloudWatch,Routine alert: Revenue is behaving normally.,Revenue
ALRT-b0417c83,#growth-marketing,2026-03-04T20:00:00,INFO,StatusPage,Routine alert: Sessions is behaving normally.,Sessions
ALRT-7f8c7c5d,#release-pipeline,2026-03-05T02:00:00,INFO,ElasticSearch-APM,Routine alert: Revenue is behaving normally.,Revenue
ALRT-3580e338,#ops-monitoring,2026-03-05T14:00:00,WARNING,ElasticSearch-APM,Routine alert: Latency is behaving normally.,Latency
ALRT-eab82e83,#ops-monitoring,2026-03-06T00:00:00,WARNING,Sentry,Routine alert: Conversion_Rate is behaving normally.,Conversion_Rate
ALRT-9431d942,#growth-marketing,2026-03-06T00:00:00,WARNING,StatusPage,Routine alert: Conversion_Rate is behaving normally.,Conversion_Rate
ALRT-b91c55de,#api-health,2026-03-06T13:00:00,WARNING,Grafana-Prometheus,Routine alert: Disk_IO is behaving normally.,Disk_IO
ALRT-199125eb,#security-incidents,2026-03-06T14:00:00,INFO,Grafana-Prometheus,Routine alert: Sessions is behaving normally.,Sessions
ALRT-9e590fb4,#infra-alerts,2026-03-06T17:00:00,WARNING,Datadog-APM,Routine alert: Error_Rate is behaving normally.,Error_Rate
ALRT-e90e2e26,#api-health,2026-03-07T01:00:00,INFO,StatusPage,Routine alert: Disk_IO is behaving normally.,Disk_IO
ALRT-b29bd6e5,#platform-stability,2026-03-07T02:00:00,INFO,New-Relic,Routine alert: Disk_IO is behaving normally.,Disk_IO
ALRT-dd064dfc,#api-health,2026-03-07T03:00:00,INFO,Grafana-Prometheus,Routine alert: Latency is behaving normally.,Latency
ALRT-6e306c62,#security-incidents,2026-03-07T07:00:00,WARNING,Cloudflare-DNS,Routine alert: Sessions is behaving normally.,Sessions
ALRT-9fc3cd12,#infra-alerts,2026-03-07T09:00:00,WARNING,Grafana-Prometheus,Routine alert: Payment_Success_Rate is behaving normally.,Payment_Success_Rate
ALRT-3a3f09a7,#incident-response,2026-03-07T19:00:00,WARNING,StatusPage,Routine alert: Conversion_Rate is behaving normally.,Conversion_Rate
ALRT-88a6e32c,#security-incidents,2026-03-07T20:00:00,INFO,ElasticSearch-APM,Routine alert: Conversion_Rate is behaving normally.,Conversion_Rate
ALRT-d9955e02,#release-pipeline,2026-03-08T03:00:00,WARNING,Cloudflare-DNS,Routine alert: AOV is behaving normally.,AOV
ALRT-a360775d,#security-incidents,2026-03-08T07:00:00,WARNING,Datadog-APM,Routine alert: Conversion_Rate is behaving normally.,Conversion_Rate
ALRT-d7137a1f,#release-pipeline,2026-03-08T08:00:00,INFO,Sentry,Routine alert: Disk_IO is behaving normally.,Disk_IO
ALRT-98625508,#infra-alerts,2026-03-08T08:00:00,WARNING,Cloudflare-DNS,Routine alert: CPU_Usage is behaving normally.,CPU_Usage
ALRT-d65b991c,#war-room-checkout,2026-03-09T03:00:00,INFO,StatusPage,Routine alert: Error_Rate is behaving normally.,Error_Rate
ALRT-a88f6b62,#incident-response,2026-03-09T09:00:00,WARNING,Grafana-Prometheus,Routine alert: Latency is behaving normally.,Latency
ALRT-5d5eaf8e,#api-health,2026-03-09T09:00:00,INFO,ElasticSearch-APM,Routine alert: Conversion_Rate is behaving normally.,Conversion_Rate
ALRT-ccef2466,#growth-marketing,2026-03-09T10:00:00,INFO,PagerDuty,Routine alert: Sessions is behaving normally.,Sessions
ALRT-1e9f9c6e,#release-pipeline,2026-03-09T16:00:00,INFO,Grafana-Prometheus,Routine alert: Conversion_Rate is behaving normally.,Conversion_Rate
ALRT-b1132e1a,#war-room-checkout,2026-03-09T17:00:00,INFO,Cloudflare-DNS,Routine alert: Revenue is behaving normally.,Revenue
ALRT-a7ec704f,#db-alerts,2026-03-09T20:00:00,INFO,AWS-CloudWatch,Routine alert: CPU_Usage is behaving normally.,CPU_Usage
ALRT-4e482b2c,#security-incidents,2026-03-09T20:00:00,WARNING,New-Relic,Routine alert: Error_Rate is behaving normally.,Error_Rate
ALRT-c5c29dd5,#war-room-checkout,2026-03-10T09:00:00,WARNING,PagerDuty,Routine alert: Payment_Success_Rate is behaving normally.,Payment_Success_Rate
ALRT-5775a009,#incident-response,2026-03-10T12:00:00,INFO,StatusPage,Routine alert: CPU_Usage is behaving normally.,CPU_Usage
ALRT-c3cc6106,#incident-response,2026-03-10T14:00:00,WARNING,Google-Analytics,Routine alert: Memory_Usage is behaving normally.,Memory_Usage
ALRT-b821959e,#growth-marketing,2026-03-10T15:00:00,WARNING,Datadog-APM,Routine alert: Disk_IO is behaving normally.,Disk_IO
ALRT-aca4e41a,#security-incidents,2026-03-11T03:00:00,WARNING,Sentry,Routine alert: Memory_Usage is behaving normally.,Memory_Usage
ALRT-8292dd57,#platform-stability,2026-03-11T06:00:00,WARNING,AWS-CloudWatch,Routine alert: AOV is behaving normally.,AOV
ALRT-0757ba8f,#war-room-checkout,2026-03-11T08:00:00,INFO,Grafana-Prometheus,Routine alert: Latency is behaving normally.,Latency
ALRT-ee39f821,#infra-alerts,2026-03-11T13:00:00,INFO,ElasticSearch-APM,Routine alert: Disk_IO is behaving normally.,Disk_IO
ALRT-0bf25d0f,#infra-alerts,2026-03-11T14:00:00,INFO,New-Relic,Routine alert: Latency is behaving normally.,Latency
ALRT-35d882ab,#ops-monitoring,2026-03-11T14:00:00,WARNING,New-Relic,Routine alert: Revenue is behaving normally.,Revenue
ALRT-aa6629ec,#incident-response,2026-03-12T03:00:00,WARNING,Sentry,Routine alert: Error_Rate is behaving normally.,Error_Rate
ALRT-c941e733,#security-incidents,2026-03-12T08:00:00,INFO,Sentry,Routine alert: CPU_Usage is behaving normally.,CPU_Usage
ALRT-f675aa88,#api-health,2026-03-13T06:00:00,INFO,Datadog-APM,Routine alert: Memory_Usage is behaving normally.,Memory_Usage
ALRT-3266396a,#release-pipeline,2026-03-13T10:00:00,WARNING,PagerDuty,Routine alert: AOV is behaving normally.,AOV
ALRT-b262b553,#db-alerts,2026-03-13T10:00:00,INFO,StatusPage,Routine alert: Error_Rate is behaving normally.,Error_Rate
ALRT-19a390a6,#war-room-checkout,2026-03-13T18:00:00,WARNING,Datadog-APM,Routine alert: AOV is behaving normally.,AOV
ALRT-043166b8,#ops-monitoring,2026-03-14T01:00:00,WARNING,StatusPage,Routine alert: AOV is behaving normally.,AOV
ALRT-90831af7,#security-incidents,2026-03-14T06:00:00,WARNING,StatusPage,Routine alert: CPU_Usage is behaving normally.,CPU_Usage
ALRT-fd4a7c83,#security-incidents,2026-03-14T10:00:00,WARNING,AWS-CloudWatch,Routine alert: Conversion_Rate is behaving normally.,Conversion_Rate
ALRT-410972fd,#growth-marketing,2026-03-14T11:00:00,WARNING,Cloudflare-DNS,Routine alert: Conversion_Rate is behaving normally.,Conversion_Rate
ALRT-c16844da,#growth-marketing,2026-03-14T16:00:00,WARNING,PagerDuty,Routine alert: Revenue is behaving normally.,Revenue
ALRT-0739ad35,#db-alerts,2026-03-15T16:00:00,INFO,Sentry,Routine alert: Error_Rate is behaving normally.,Error_Rate
ALRT-c413eb98,#release-pipeline,2026-03-15T18:00:00,WARNING,Google-Analytics,Routine alert: Memory_Usage is behaving normally.,Memory_Usage
ALRT-f607a858,#security-incidents,2026-03-15T18:00:00,INFO,StatusPage,Routine alert: Disk_IO is behaving normally.,Disk_IO
ALRT-98cec4c6,#incident-response,2026-03-16T06:00:00,WARNING,New-Relic,Routine alert: CPU_Usage is behaving normally.,CPU_Usage
ALRT-62ecf93b,#infra-alerts,2026-03-16T08:00:00,INFO,Cloudflare-DNS,Routine alert: Disk_IO is behaving normally.,Disk_IO
ALRT-74824e99,#release-pipeline,2026-03-16T10:00:00,INFO,StatusPage,Routine alert: Disk_IO is behaving normally.,Disk_IO
ALRT-ccb6686f,#platform-stability,2026-03-16T21:00:00,INFO,Google-Analytics,Routine alert: Error_Rate is behaving normally.,Error_Rate
ALRT-aebd9703,#war-room-checkout,2026-03-17T06:00:00,INFO,Sentry,Routine alert: Error_Rate is behaving normally.,Error_Rate
ALRT-90355e1d,#db-alerts,2026-03-17T14:00:00,WARNING,Sentry,Routine alert: Memory_Usage is behaving normally.,Memory_Usage
ALRT-37bf40c8,#ops-monitoring,2026-03-17T22:00:00,INFO,ElasticSearch-APM,Routine alert: Latency is behaving normally.,Latency
ALRT-9fc5229d,#infra-alerts,2026-03-18T06:00:00,INFO,AWS-CloudWatch,Routine alert: Payment_Success_Rate is behaving normally.,Payment_Success_Rate
ALRT-111e1303,#ops-monitoring,2026-03-18T07:00:00,INFO,New-Relic,Routine alert: AOV is behaving normally.,AOV
ALRT-2052b877,#db-alerts,2026-03-18T08:00:00,WARNING,Sentry,Routine alert: Conversion_Rate is behaving normally.,Conversion_Rate
ALRT-3f219dcf,#infra-alerts,2026-03-18T23:00:00,INFO,Datadog-APM,Routine alert: Conversion_Rate is behaving normally.,Conversion_Rate
ALRT-a074a495,#ops-monitoring,2026-03-19T01:00:00,WARNING,Sentry,Routine alert: Memory_Usage is behaving normally.,Memory_Usage
ALRT-efd8ee2b,#db-alerts,2026-03-19T03:00:00,WARNING,New-Relic,Routine alert: Disk_IO is behaving normally.,Disk_IO
ALRT-ad0440ef,#security-incidents,2026-03-19T05:00:00,INFO,Google-Analytics,Routine alert: CPU_Usage is behaving normally.,CPU_Usage
ALRT-53ebea81,#ops-monitoring,2026-03-19T08:00:00,WARNING,ElasticSearch-APM,Routine alert: AOV is behaving normally.,AOV
ALRT-54fe46b6,#security-incidents,2026-03-19T14:00:00,INFO,Cloudflare-DNS,Routine alert: Sessions is behaving normally.,Sessions
ALRT-b7ad1a86,#war-room-checkout,2026-03-20T04:00:00,INFO,PagerDuty,Routine alert: Disk_IO is behaving normally.,Disk_IO
ALRT-b774c4b8,#ops-monitoring,2026-03-20T05:00:00,INFO,Cloudflare-DNS,Routine alert: AOV is behaving normally.,AOV
ALRT-874bb69f,#security-incidents,2026-03-20T07:00:00,INFO,Grafana-Prometheus,Routine alert: Disk_IO is behaving normally.,Disk_IO
ALRT-e418f9e0,#api-health,2026-03-20T13:00:00,WARNING,New-Relic,Routine alert: Sessions is behaving normally.,Sessions
ALRT-b5fa8d56,#db-alerts,2026-03-20T17:00:00,WARNING,Grafana-Prometheus,Routine alert: Payment_Success_Rate is behaving normally.,Payment_Success_Rate
ALRT-ea7d1334,#ops-monitoring,2026-03-20T21:00:00,INFO,StatusPage,Routine alert: Latency is behaving normally.,Latency
ALRT-83f7dc3e,#db-alerts,2026-03-20T23:00:00,WARNING,Grafana-Prometheus,Routine alert: AOV is behaving normally.,AOV
ALRT-4bac3e1b,#release-pipeline,2026-03-21T03:00:00,INFO,Sentry,Routine alert: CPU_Usage is behaving normally.,CPU_Usage
ALRT-613908ab,#platform-stability,2026-03-21T08:00:00,WARNING,AWS-CloudWatch,Routine alert: CPU_Usage is behaving normally.,CPU_Usage
ALRT-88fd4347,#infra-alerts,2026-03-21T14:00:00,WARNING,StatusPage,Routine alert: AOV is behaving normally.,AOV
ALRT-78b06036,#security-incidents,2026-03-21T16:00:00,INFO,StatusPage,Routine alert: Memory_Usage is behaving normally.,Memory_Usage
ALRT-04c65e70,#ops-monitoring,2026-03-21T16:00:00,INFO,ElasticSearch-APM,Routine alert: Conversion_Rate is behaving normally.,Conversion_Rate
ALRT-fcf40d86,#security-incidents,2026-03-21T17:00:00,WARNING,New-Relic,Routine alert: Payment_Success_Rate is behaving normally.,Payment_Success_Rate
ALRT-0009a87b,#growth-marketing,2026-03-21T20:00:00,INFO,StatusPage,Routine alert: Disk_IO is behaving normally.,Disk_IO
ALRT-2b1197ef,#ops-monitoring,2026-03-21T20:00:00,INFO,AWS-CloudWatch,Routine alert: Disk_IO is behaving normally.,Disk_IO
ALRT-29d786e9,#platform-stability,2026-03-22T06:00:00,INFO,ElasticSearch-APM,Routine alert: AOV is behaving normally.,AOV
ALRT-badfdf90,#incident-response,2026-03-22T14:00:00,INFO,AWS-CloudWatch,Routine alert: AOV is behaving normally.,AOV
ALRT-7c8f7c8b,#security-incidents,2026-03-22T21:00:00,WARNING,Datadog-APM,Routine alert: CPU_Usage is behaving normally.,CPU_Usage
ALRT-5d44065e,#infra-alerts,2026-03-23T03:00:00,INFO,Datadog-APM,Routine alert: CPU_Usage is behaving normally.,CPU_Usage
ALRT-4ef89fd7,#infra-alerts,2026-03-23T07:00:00,INFO,Google-Analytics,Routine alert: Latency is behaving normally.,Latency
ALRT-4a1f6e7d,#incident-response,2026-03-23T10:00:00,INFO,ElasticSearch-APM,Routine alert: Error_Rate is behaving normally.,Error_Rate
ALRT-7baaad4c,#db-alerts,2026-03-23T19:00:00,WARNING,Sentry,Routine alert: Latency is behaving normally.,Latency
ALRT-52ba66aa,#platform-stability,2026-03-23T20:00:00,WARNING,ElasticSearch-APM,Routine alert: Latency is behaving normally.,Latency
ALRT-6adaa00c,#db-alerts,2026-03-23T22:00:00,WARNING,Google-Analytics,Routine alert: Payment_Success_Rate is behaving normally.,Payment_Success_Rate
ALRT-f005a001,#war-room-checkout,2026-03-24T04:00:00,WARNING,AWS-CloudWatch,Routine alert: Sessions is behaving normally.,Sessions
ALRT-357f972c,#infra-alerts,2026-03-24T08:00:00,INFO,Datadog-APM,Routine alert: Payment_Success_Rate is behaving normally.,Payment_Success_Rate
ALRT-1c6c1e3d,#ops-monitoring,2026-03-24T13:00:00,INFO,Sentry,Routine alert: AOV is behaving normally.,AOV
ALRT-53fe2aa3,#ops-monitoring,2026-03-24T16:00:00,INFO,Sentry,Routine alert: Memory_Usage is behaving normally.,Memory_Usage
ALRT-db9f047e,#db-alerts,2026-03-25T11:00:00,WARNING,ElasticSearch-APM,Routine alert: Sessions is behaving normally.,Sessions
ALRT-0f1e447b,#security-incidents,2026-03-25T11:00:00,WARNING,Grafana-Prometheus,Routine alert: Revenue is behaving normally.,Revenue
ALRT-a0257c77,#infra-alerts,2026-03-25T12:00:00,INFO,New-Relic,Routine alert: CPU_Usage is behaving normally.,CPU_Usage
ALRT-deb73ea8,#infra-alerts,2026-03-25T15:00:00,WARNING,Google-Analytics,Routine alert: CPU_Usage is behaving normally.,CPU_Usage
ALRT-4792a838,#war-room-checkout,2026-03-25T18:00:00,INFO,Grafana-Prometheus,Routine alert: Error_Rate is behaving normally.,Error_Rate
ALRT-408f9824,#infra-alerts,2026-03-25T19:00:00,INFO,PagerDuty,Routine alert: AOV is behaving normally.,AOV
ALRT-a4468393,#growth-marketing,2026-03-26T08:00:00,WARNING,Google-Analytics,Routine alert: Memory_Usage is behaving normally.,Memory_Usage
ALRT-8e8af02e,#infra-alerts,2026-03-26T11:00:00,INFO,New-Relic,Routine alert: Payment_Success_Rate is behaving normally.,Payment_Success_Rate
ALRT-d4847a30,#ops-monitoring,2026-03-26T12:00:00,WARNING,AWS-CloudWatch,Routine alert: Sessions is behaving normally.,Sessions
ALRT-6a416284,#war-room-checkout,2026-03-26T14:00:00,WARNING,Grafana-Prometheus,Routine alert: AOV is behaving normally.,AOV
ALRT-f657c754,#platform-stability,2026-03-26T18:00:00,WARNING,Sentry,Routine alert: Error_Rate is behaving normally.,Error_Rate
ALRT-a8874ae4,#security-incidents,2026-03-27T00:00:00,WARNING,Google-Analytics,Routine alert: Sessions is behaving normally.,Sessions
ALRT-2e339e2f,#security-incidents,2026-03-27T08:00:00,INFO,AWS-CloudWatch,Routine alert: Sessions is behaving normally.,Sessions
ALRT-2e2531d3,#release-pipeline,2026-03-27T10:00:00,INFO,AWS-CloudWatch,Routine alert: Disk_IO is behaving normally.,Disk_IO
ALRT-af1c5179,#growth-marketing,2026-03-27T10:00:00,WARNING,New-Relic,Routine alert: Disk_IO is behaving normally.,Disk_IO
ALRT-eb7b6afd,#api-health,2026-03-27T13:00:00,WARNING,AWS-CloudWatch,Routine alert: Latency is behaving normally.,Latency
ALRT-811e7890,#security-incidents,2026-03-27T20:00:00,INFO,AWS-CloudWatch,Routine alert: Memory_Usage is behaving normally.,Memory_Usage
ALRT-2ff6d0cf,#infra-alerts,2026-03-28T02:00:00,WARNING,New-Relic,Routine alert: AOV is behaving normally.,AOV
ALRT-3afdbfcf,#platform-stability,2026-03-28T02:00:00,WARNING,Cloudflare-DNS,Routine alert: Latency is behaving normally.,Latency
ALRT-f4062b82,#api-health,2026-03-28T09:00:00,WARNING,New-Relic,Routine alert: AOV is behaving normally.,AOV
ALRT-b5e3a6cf,#api-health,2026-03-28T13:00:00,WARNING,PagerDuty,Routine alert: Revenue is behaving normally.,Revenue
ALRT-cc1b961a,#release-pipeline,2026-03-28T15:00:00,INFO,PagerDuty,Routine alert: AOV is behaving normally.,AOV
ALRT-90cc734b,#incident-response,2026-03-28T22:00:00,WARNING,PagerDuty,Routine alert: Memory_Usage is behaving normally.,Memory_Usage
ALRT-ff62a13b,#db-alerts,2026-03-29T06:00:00,INFO,New-Relic,Routine alert: Memory_Usage is behaving normally.,Memory_Usage
ALRT-64aac363,#api-health,2026-03-29T09:00:00,WARNING,StatusPage,Routine alert: Latency is behaving normally.,Latency
ALRT-92bc33ba,#api-health,2026-03-29T15:00:00,INFO,PagerDuty,Routine alert: Payment_Success_Rate is behaving normally.,Payment_Success_Rate
ALRT-0b2a564f,#war-room-checkout,2026-03-29T21:00:00,INFO,StatusPage,Routine alert: Revenue is behaving normally.,Revenue
ALRT-52028cee,#incident-response,2026-03-30T03:00:00,WARNING,ElasticSearch-APM,Routine alert: AOV is behaving normally.,AOV
ALRT-0617655e,#db-alerts,2026-03-30T04:00:00,INFO,Cloudflare-DNS,Routine alert: Revenue is behaving normally.,Revenue
ALRT-d735f061,#incident-response,2026-03-30T21:00:00,INFO,PagerDuty,Routine alert: CPU_Usage is behaving normally.,CPU_Usage
ALRT-5fa97411,#infra-alerts,2026-03-31T00:00:00,WARNING,AWS-CloudWatch,Routine alert: CPU_Usage is behaving normally.,CPU_Usage
ALRT-cdd702b0,#db-alerts,2026-03-31T03:00:00,INFO,Grafana-Prometheus,Routine alert: AOV is behaving normally.,AOV
ALRT-9d4aa28d,#release-pipeline,2026-03-31T07:00:00,INFO,Datadog-APM,Routine alert: Disk_IO is behaving normally.,Disk_IO
ALRT-15625d26,#ops-monitoring,2026-03-31T11:00:00,WARNING,Datadog-APM,Routine alert: Revenue is behaving normally.,Revenue
ALRT-5fab8a25,#api-health,2026-03-31T11:00:00,INFO,Sentry,Routine alert: CPU_Usage is behaving normally.,CPU_Usage
ALRT-9ead7433,#growth-marketing,2026-03-31T18:00:00,INFO,Grafana-Prometheus,Routine alert: Latency is behaving normally.,Latency
ALRT-496e5da8,#ops-monitoring,2026-04-01T04:00:00,WARNING,ElasticSearch-APM,Routine alert: Disk_IO is behaving normally.,Disk_IO
ALRT-2b4ab556,#release-pipeline,2026-04-01T07:00:00,INFO,StatusPage,Routine alert: Latency is behaving normally.,Latency
ALRT-3a28f654,#incident-response,2026-04-01T14:00:00,WARNING,Cloudflare-DNS,Routine alert: Sessions is behaving normally.,Sessions
ALRT-a7dcbd40,#api-health,2026-04-01T14:00:00,WARNING,Datadog-APM,Routine alert: Error_Rate is behaving normally.,Error_Rate
ALRT-6c8fbabf,#db-alerts,2026-04-01T21:00:00,INFO,PagerDuty,Routine alert: CPU_Usage is behaving normally.,CPU_Usage
ALRT-c8f27d73,#platform-stability,2026-04-02T04:00:00,WARNING,Datadog-APM,Routine alert: Sessions is behaving normally.,Sessions
ALRT-f830cae8,#db-alerts,2026-04-02T21:00:00,INFO,New-Relic,Routine alert: Disk_IO is behaving normally.,Disk_IO
ALRT-3c5c21ce,#security-incidents,2026-04-03T07:00:00,WARNING,StatusPage,Routine alert: Latency is behaving normally.,Latency
ALRT-1335970a,#db-alerts,2026-04-03T18:00:00,INFO,AWS-CloudWatch,Routine alert: Revenue is behaving normally.,Revenue
ALRT-bf039f12,#api-health,2026-04-04T02:00:00,INFO,Sentry,Routine alert: Conversion_Rate is behaving normally.,Conversion_Rate
ALRT-3a57e074,#incident-response,2026-04-04T06:00:00,INFO,PagerDuty,Routine alert: Error_Rate is behaving normally.,Error_Rate
ALRT-d3b066ea,#infra-alerts,2026-04-04T13:00:00,INFO,AWS-CloudWatch,Routine alert: Disk_IO is behaving normally.,Disk_IO
ALRT-f9aa5014,#growth-marketing,2026-04-04T16:00:00,INFO,Google-Analytics,Routine alert: Disk_IO is behaving normally.,Disk_IO
ALRT-4516ae1d,#platform-stability,2026-04-04T21:00:00,WARNING,StatusPage,Routine alert: AOV is behaving normally.,AOV
ALRT-144e16ad,#security-incidents,2026-04-04T22:00:00,WARNING,Sentry,Routine alert: Latency is behaving normally.,Latency
ALRT-1d76ce9e,#db-alerts,2026-04-05T03:00:00,WARNING,Sentry,Routine alert: Latency is behaving normally.,Latency
ALRT-b486ca07,#release-pipeline,2026-04-05T09:00:00,WARNING,New-Relic,Routine alert: Latency is behaving normally.,Latency
ALRT-ba7698c0,#api-health,2026-04-06T00:00:00,WARNING,StatusPage,Routine alert: Conversion_Rate is behaving normally.,Conversion_Rate
ALRT-d15d0196,#war-room-checkout,2026-04-06T02:00:00,WARNING,Datadog-APM,Routine alert: Disk_IO is behaving normally.,Disk_IO
ALRT-b35f17f4,#ops-monitoring,2026-04-06T03:00:00,INFO,StatusPage,Routine alert: Disk_IO is behaving normally.,Disk_IO
ALRT-1719b614,#platform-stability,2026-04-06T07:00:00,WARNING,Google-Analytics,Routine alert: Payment_Success_Rate is behaving normally.,Payment_Success_Rate
ALRT-0a3449a4,#ops-monitoring,2026-04-06T08:00:00,WARNING,PagerDuty,Routine alert: Error_Rate is behaving normally.,Error_Rate
ALRT-69fbec6d,#db-alerts,2026-04-06T10:00:00,WARNING,Sentry,Routine alert: Sessions is behaving normally.,Sessions
ALRT-8571806c,#infra-alerts,2026-04-06T18:00:00,INFO,Datadog-APM,Routine alert: Revenue is behaving normally.,Revenue
ALRT-c79beb35,#release-pipeline,2026-04-07T00:00:00,INFO,ElasticSearch-APM,Routine alert: Conversion_Rate is behaving normally.,Conversion_Rate
ALRT-20d1b671,#security-incidents,2026-04-07T02:00:00,WARNING,AWS-CloudWatch,Routine alert: Memory_Usage is behaving normally.,Memory_Usage
ALRT-3c616ae1,#infra-alerts,2026-04-07T03:00:00,WARNING,New-Relic,Routine alert: Revenue is behaving normally.,Revenue
ALRT-2e9c2c54,#ops-monitoring,2026-04-07T15:00:00,INFO,ElasticSearch-APM,Routine alert: Disk_IO is behaving normally.,Disk_IO
ALRT-d85bbc26,#infra-alerts,2026-04-08T06:00:00,INFO,Cloudflare-DNS,Routine alert: Conversion_Rate is behaving normally.,Conversion_Rate
ALRT-9c05fe0c,#growth-marketing,2026-04-08T10:00:00,WARNING,ElasticSearch-APM,Routine alert: Revenue is behaving normally.,Revenue
ALRT-14773854,#ops-monitoring,2026-04-08T13:00:00,INFO,Sentry,Routine alert: Error_Rate is behaving normally.,Error_Rate
ALRT-5b5b8ba8,#war-room-checkout,2026-04-08T14:00:00,WARNING,Grafana-Prometheus,Routine alert: Error_Rate is behaving normally.,Error_Rate
ALRT-5418c66f,#platform-stability,2026-04-08T17:00:00,INFO,ElasticSearch-APM,Routine alert: CPU_Usage is behaving normally.,CPU_Usage
ALRT-42361b01,#security-incidents,2026-04-08T18:00:00,INFO,ElasticSearch-APM,Routine alert: Memory_Usage is behaving normally.,Memory_Usage
ALRT-717f7e0c,#ops-monitoring,2026-04-08T20:00:00,WARNING,AWS-CloudWatch,Routine alert: AOV is behaving normally.,AOV
ALRT-f2d969f8,#war-room-checkout,2026-04-08T22:00:00,WARNING,ElasticSearch-APM,Routine alert: CPU_Usage is behaving normally.,CPU_Usage
ALRT-70c2a542,#api-health,2026-04-09T15:00:00,WARNING,StatusPage,Routine alert: Sessions is behaving normally.,Sessions
ALRT-15cd35e5,#db-alerts,2026-04-09T18:00:00,WARNING,New-Relic,Routine alert: Conversion_Rate is behaving normally.,Conversion_Rate
ALRT-86969463,#ops-monitoring,2026-04-10T04:00:00,WARNING,Google-Analytics,Routine alert: CPU_Usage is behaving normally.,CPU_Usage
ALRT-dfd352a5,#war-room-checkout,2026-04-10T11:00:00,INFO,AWS-CloudWatch,Routine alert: Conversion_Rate is behaving normally.,Conversion_Rate
ALRT-7abc8cc5,#incident-response,2026-04-10T21:00:00,INFO,Sentry,Routine alert: Sessions is behaving normally.,Sessions
ALRT-41119597,#ops-monitoring,2026-04-10T23:00:00,WARNING,StatusPage,Routine alert: Latency is behaving normally.,Latency
ALRT-9155ad9e,#api-health,2026-04-11T20:00:00,INFO,Google-Analytics,Routine alert: Payment_Success_Rate is behaving normally.,Payment_Success_Rate
ALRT-e98df2ff,#release-pipeline,2026-04-11T22:00:00,WARNING,ElasticSearch-APM,Routine alert: Conversion_Rate is behaving normally.,Conversion_Rate
ALRT-06656f21,#war-room-checkout,2026-04-12T21:00:00,WARNING,AWS-CloudWatch,Routine alert: Revenue is behaving normally.,Revenue
ALRT-e0d006dd,#infra-alerts,2026-04-12T22:00:00,WARNING,ElasticSearch-APM,Routine alert: AOV is behaving normally.,AOV
ALRT-200e7628,#infra-alerts,2026-04-13T03:00:00,WARNING,AWS-CloudWatch,Routine alert: Sessions is behaving normally.,Sessions
ALRT-dda845f8,#growth-marketing,2026-04-13T06:00:00,WARNING,StatusPage,Routine alert: CPU_Usage is behaving normally.,CPU_Usage
ALRT-5c341fd9,#ops-monitoring,2026-04-13T11:00:00,WARNING,Datadog-APM,Routine alert: Memory_Usage is behaving normally.,Memory_Usage
ALRT-4ad03bc7,#war-room-checkout,2026-04-13T21:00:00,INFO,Cloudflare-DNS,Routine alert: Latency is behaving normally.,Latency
ALRT-03f48881,#platform-stability,2026-04-14T04:00:00,INFO,PagerDuty,Routine alert: Disk_IO is behaving normally.,Disk_IO
ALRT-75b10bf7,#platform-stability,2026-04-14T06:00:00,INFO,StatusPage,Routine alert: Error_Rate is behaving normally.,Error_Rate
ALRT-05ad658d,#release-pipeline,2026-04-14T12:00:00,INFO,StatusPage,Routine alert: Latency is behaving normally.,Latency
ALRT-50cdd3c4,#growth-marketing,2026-04-14T16:00:00,WARNING,Grafana-Prometheus,Routine alert: CPU_Usage is behaving normally.,CPU_Usage
ALRT-bd5b7111,#platform-stability,2026-04-14T19:00:00,WARNING,Datadog-APM,Routine alert: Payment_Success_Rate is behaving normally.,Payment_Success_Rate
ALRT-93497c75,#infra-alerts,2026-04-14T19:00:00,INFO,ElasticSearch-APM,Routine alert: Conversion_Rate is behaving normally.,Conversion_Rate
ALRT-17c85413,#war-room-checkout,2026-04-14T20:00:00,WARNING,Sentry,Routine alert: Latency is behaving normally.,Latency
ALRT-60241813,#platform-stability,2026-04-15T03:00:00,WARNING,New-Relic,Routine alert: Memory_Usage is behaving normally.,Memory_Usage
ALRT-211c45ee,#war-room-checkout,2026-04-15T05:00:00,INFO,Sentry,Routine alert: Conversion_Rate is behaving normally.,Conversion_Rate
ALRT-492c5ba9,#incident-response,2026-04-15T06:00:00,WARNING,New-Relic,Routine alert: Latency is behaving normally.,Latency
ALRT-6d1c31f8,#infra-alerts,2026-04-15T09:00:00,INFO,Sentry,Routine alert: AOV is behaving normally.,AOV
ALRT-e039e6b3,#db-alerts,2026-04-15T12:00:00,INFO,New-Relic,Routine alert: Conversion_Rate is behaving normally.,Conversion_Rate
ALRT-3ccee2bc,#incident-response,2026-04-15T16:00:00,WARNING,AWS-CloudWatch,Routine alert: Revenue is behaving normally.,Revenue
ALRT-57edf309,#platform-stability,2026-04-15T23:00:00,INFO,Datadog-APM,Routine alert: Disk_IO is behaving normally.,Disk_IO
ALRT-54d34c82,#growth-marketing,2026-04-16T00:00:00,INFO,ElasticSearch-APM,Routine alert: Memory_Usage is behaving normally.,Memory_Usage
ALRT-638aa022,#infra-alerts,2026-04-16T00:00:00,WARNING,Datadog-APM,Routine alert: Payment_Success_Rate is behaving normally.,Payment_Success_Rate
ALRT-09d1b1bb,#platform-stability,2026-04-16T04:00:00,INFO,ElasticSearch-APM,Routine alert: Error_Rate is behaving normally.,Error_Rate
ALRT-09681bf4,#api-health,2026-04-16T14:00:00,WARNING,Datadog-APM,Routine alert: Latency is behaving normally.,Latency
ALRT-788237b1,#war-room-checkout,2026-04-16T19:00:00,INFO,AWS-CloudWatch,Routine alert: CPU_Usage is behaving normally.,CPU_Usage
ALRT-b8dbabf7,#release-pipeline,2026-04-16T19:00:00,WARNING,PagerDuty,Routine alert: Revenue is behaving normally.,Revenue
ALRT-3503a614,#platform-stability,2026-04-17T03:00:00,WARNING,Sentry,Routine alert: Latency is behaving normally.,Latency
ALRT-c0485bd5,#incident-response,2026-04-17T07:00:00,INFO,New-Relic,Routine alert: Memory_Usage is behaving normally.,Memory_Usage
ALRT-aff37d75,#security-incidents,2026-04-17T13:00:00,WARNING,Cloudflare-DNS,Routine alert: Memory_Usage is behaving normally.,Memory_Usage
ALRT-46de86bd,#api-health,2026-04-18T01:00:00,INFO,AWS-CloudWatch,Routine alert: Disk_IO is behaving normally.,Disk_IO
ALRT-20de9353,#ops-monitoring,2026-04-18T10:00:00,WARNING,Cloudflare-DNS,Routine alert: Error_Rate is behaving normally.,Error_Rate
ALRT-e4b80e42,#infra-alerts,2026-04-18T15:00:00,WARNING,Grafana-Prometheus,Routine alert: CPU_Usage is behaving normally.,CPU_Usage
ALRT-31783a77,#war-room-checkout,2026-04-19T07:00:00,WARNING,Cloudflare-DNS,Routine alert: Error_Rate is behaving normally.,Error_Rate
ALRT-c372f601,#war-room-checkout,2026-04-19T07:00:00,WARNING,Cloudflare-DNS,Routine alert: Disk_IO is behaving normally.,Disk_IO
ALRT-4a6d557a,#db-alerts,2026-04-19T08:00:00,INFO,Datadog-APM,Routine alert: Latency is behaving normally.,Latency
ALRT-bd9f8dd4,#platform-stability,2026-04-20T05:00:00,INFO,New-Relic,Routine alert: Revenue is behaving normally.,Revenue
ALRT-018563c7,#db-alerts,2026-04-20T08:00:00,INFO,PagerDuty,Routine alert: Payment_Success_Rate is behaving normally.,Payment_Success_Rate
ALRT-1e9d0255,#db-alerts,2026-04-20T10:00:00,WARNING,Cloudflare-DNS,Routine alert: Revenue is behaving normally.,Revenue
ALRT-c5b4ae01,#platform-stability,2026-04-20T13:00:00,INFO,AWS-CloudWatch,Routine alert: Revenue is behaving normally.,Revenue
ALRT-9f75a418,#platform-stability,2026-04-21T03:00:00,WARNING,Grafana-Prometheus,Routine alert: Memory_Usage is behaving normally.,Memory_Usage
ALRT-32f6397e,#api-health,2026-04-21T03:00:00,WARNING,ElasticSearch-APM,Routine alert: Error_Rate is behaving normally.,Error_Rate
ALRT-e051e32d,#incident-response,2026-04-21T04:00:00,INFO,Google-Analytics,Routine alert: Conversion_Rate is behaving normally.,Conversion_Rate
ALRT-04cbab8c,#platform-stability,2026-04-22T02:00:00,INFO,Sentry,Routine alert: Error_Rate is behaving normally.,Error_Rate
ALRT-f8b5a19f,#db-alerts,2026-04-22T02:00:00,INFO,ElasticSearch-APM,Routine alert: Conversion_Rate is behaving normally.,Conversion_Rate
ALRT-28e210d3,#infra-alerts,2026-04-22T06:00:00,WARNING,AWS-CloudWatch,Routine alert: Disk_IO is behaving normally.,Disk_IO
ALRT-3b6fac50,#api-health,2026-04-22T06:00:00,INFO,AWS-CloudWatch,Routine alert: Revenue is behaving normally.,Revenue
ALRT-87ddda6e,#growth-marketing,2026-04-22T07:00:00,WARNING,AWS-CloudWatch,Routine alert: Error_Rate is behaving normally.,Error_Rate
ALRT-01d8a78a,#api-health,2026-04-22T15:00:00,INFO,Grafana-Prometheus,Routine alert: CPU_Usage is behaving normally.,CPU_Usage
ALRT-3d722ac0,#security-incidents,2026-04-22T20:00:00,WARNING,Grafana-Prometheus,Routine alert: Payment_Success_Rate is behaving normally.,Payment_Success_Rate
ALRT-700dd252,#api-health,2026-04-22T22:00:00,WARNING,Google-Analytics,Routine alert: Disk_IO is behaving normally.,Disk_IO
ALRT-3c0fa769,#war-room-checkout,2026-04-23T00:00:00,WARNING,PagerDuty,Routine alert: Memory_Usage is behaving normally.,Memory_Usage
ALRT-6987ee88,#incident-response,2026-04-23T00:00:00,WARNING,ElasticSearch-APM,Routine alert: Revenue is behaving normally.,Revenue
ALRT-5cdf9532,#incident-response,2026-04-23T04:00:00,INFO,AWS-CloudWatch,Routine alert: Latency is behaving normally.,Latency
ALRT-8eaf61a6,#api-health,2026-04-23T07:00:00,INFO,Google-Analytics,Routine alert: Conversion_Rate is behaving normally.,Conversion_Rate
ALRT-a754cb65,#infra-alerts,2026-04-23T13:00:00,WARNING,AWS-CloudWatch,Routine alert: Payment_Success_Rate is behaving normally.,Payment_Success_Rate
ALRT-750d2a96,#infra-alerts,2026-04-23T19:00:00,WARNING,ElasticSearch-APM,Routine alert: AOV is behaving normally.,AOV
ALRT-cc330480,#api-health,2026-04-23T21:00:00,WARNING,Datadog-APM,Routine alert: Conversion_Rate is behaving normally.,Conversion_Rate
ALRT-6b26e205,#incident-response,2026-04-24T00:00:00,INFO,Google-Analytics,Routine alert: Sessions is behaving normally.,Sessions
ALRT-098cc5b4,#incident-response,2026-04-24T02:00:00,WARNING,PagerDuty,Routine alert: Revenue is behaving normally.,Revenue
ALRT-aa36be92,#release-pipeline,2026-04-25T02:00:00,INFO,Sentry,Routine alert: Latency is behaving normally.,Latency
ALRT-bd1ef9e4,#platform-stability,2026-04-25T10:00:00,WARNING,StatusPage,Routine alert: Error_Rate is behaving normally.,Error_Rate
ALRT-ba19144d,#growth-marketing,2026-04-25T21:00:00,INFO,Grafana-Prometheus,Routine alert: Error_Rate is behaving normally.,Error_Rate
ALRT-2fdea201,#war-room-checkout,2026-04-26T10:00:00,INFO,New-Relic,Routine alert: Memory_Usage is behaving normally.,Memory_Usage
ALRT-5ca699b7,#api-health,2026-04-26T18:00:00,WARNING,AWS-CloudWatch,Routine alert: Conversion_Rate is behaving normally.,Conversion_Rate
ALRT-033fb5ac,#growth-marketing,2026-04-26T20:00:00,INFO,Google-Analytics,Routine alert: Revenue is behaving normally.,Revenue
ALRT-6d54e807,#security-incidents,2026-04-26T23:00:00,INFO,StatusPage,Routine alert: Conversion_Rate is behaving normally.,Conversion_Rate
ALRT-b3fa29c5,#security-incidents,2026-04-27T10:00:00,INFO,Cloudflare-DNS,Routine alert: Memory_Usage is behaving normally.,Memory_Usage
ALRT-0205575a,#release-pipeline,2026-04-27T19:00:00,WARNING,StatusPage,Routine alert: Revenue is behaving normally.,Revenue
ALRT-3ef6cf7d,#db-alerts,2026-04-28T06:00:00,INFO,Cloudflare-DNS,Routine alert: Revenue is behaving normally.,Revenue
ALRT-38594cad,#api-health,2026-04-28T18:00:00,WARNING,New-Relic,Routine alert: Memory_Usage is behaving normally.,Memory_Usage
ALRT-7a48a5ed,#growth-marketing,2026-04-28T22:00:00,INFO,Cloudflare-DNS,Routine alert: Memory_Usage is behaving normally.,Memory_Usage
ALRT-edec3e25,#platform-stability,2026-04-29T07:00:00,INFO,Google-Analytics,Routine alert: Payment_Success_Rate is behaving normally.,Payment_Success_Rate
ALRT-a989bbcc,#war-room-checkout,2026-04-29T12:00:00,WARNING,StatusPage,Routine alert: CPU_Usage is behaving normally.,CPU_Usage
ALRT-03d400dc,#infra-alerts,2026-04-29T19:00:00,INFO,New-Relic,Routine alert: CPU_Usage is behaving normally.,CPU_Usage
ALRT-d92732a5,#ops-monitoring,2026-04-29T20:00:00,INFO,Google-Analytics,Routine alert: Payment_Success_Rate is behaving normally.,Payment_Success_Rate
ALRT-3d1fdb7a,#infra-alerts,2026-04-29T21:00:00,WARNING,StatusPage,Routine alert: Disk_IO is behaving normally.,Disk_IO
ALRT-306eb9e5,#incident-response,2026-04-30T03:00:00,INFO,StatusPage,Routine alert: Disk_IO is behaving normally.,Disk_IO
ALRT-83107db7,#platform-stability,2026-04-30T06:00:00,INFO,ElasticSearch-APM,Routine alert: Sessions is behaving normally.,Sessions
ALRT-40a73e65,#api-health,2026-04-30T07:00:00,INFO,PagerDuty,Routine alert: Error_Rate is behaving normally.,Error_Rate
ALRT-b0404956,#growth-marketing,2026-04-30T11:00:00,INFO,Datadog-APM,Routine alert: Payment_Success_Rate is behaving normally.,Payment_Success_Rate
ALRT-5ad7fae7,#growth-marketing,2026-05-01T06:00:00,WARNING,AWS-CloudWatch,Routine alert: Memory_Usage is behaving normally.,Memory_Usage
ALRT-1f59f06d,#db-alerts,2026-05-01T06:00:00,WARNING,PagerDuty,Routine alert: Revenue is behaving normally.,Revenue
ALRT-57687694,#war-room-checkout,2026-05-01T10:00:00,INFO,PagerDuty,Routine alert: Memory_Usage is behaving normally.,Memory_Usage
ALRT-6ecc1ead,#db-alerts,2026-05-01T22:00:00,INFO,Google-Analytics,Routine alert: Revenue is behaving normally.,Revenue
ALRT-864d926d,#db-alerts,2026-05-01T23:00:00,INFO,Datadog-APM,Routine alert: Sessions is behaving normally.,Sessions
ALRT-10b37e5a,#war-room-checkout,2026-05-02T12:00:00,WARNING,Datadog-APM,Routine alert: Revenue is behaving normally.,Revenue
ALRT-caf05776,#security-incidents,2026-05-02T13:00:00,WARNING,Datadog-APM,Routine alert: Memory_Usage is behaving normally.,Memory_Usage
ALRT-baa2f627,#growth-marketing,2026-05-02T14:00:00,WARNING,Cloudflare-DNS,Routine alert: Payment_Success_Rate is behaving normally.,Payment_Success_Rate
ALRT-3177c8ef,#api-health,2026-05-02T19:00:00,INFO,PagerDuty,Routine alert: Conversion_Rate is behaving normally.,Conversion_Rate
ALRT-bb149ffd,#platform-stability,2026-05-02T21:00:00,WARNING,StatusPage,Routine alert: AOV is behaving normally.,AOV
ALRT-75b6e751,#db-alerts,2026-05-03T06:00:00,INFO,Google-Analytics,Routine alert: Error_Rate is behaving normally.,Error_Rate
ALRT-1f23b55c,#war-room-checkout,2026-05-03T10:00:00,INFO,AWS-CloudWatch,Routine alert: CPU_Usage is behaving normally.,CPU_Usage
ALRT-b64dcfd2,#incident-response,2026-05-03T14:00:00,INFO,Google-Analytics,Routine alert: Revenue is behaving normally.,Revenue
ALRT-3b3cbe3b,#release-pipeline,2026-05-03T15:00:00,WARNING,Google-Analytics,Routine alert: Revenue is behaving normally.,Revenue
ALRT-0b14d03d,#security-incidents,2026-05-04T00:00:00,INFO,ElasticSearch-APM,Routine alert: Error_Rate is behaving normally.,Error_Rate
ALRT-5687711b,#growth-marketing,2026-05-04T03:00:00,WARNING,ElasticSearch-APM,Routine alert: Payment_Success_Rate is behaving normally.,Payment_Success_Rate
ALRT-2a94e7d5,#api-health,2026-05-04T14:00:00,WARNING,ElasticSearch-APM,Routine alert: CPU_Usage is behaving normally.,CPU_Usage
ALRT-e7b93ae4,#infra-alerts,2026-05-04T20:00:00,WARNING,Grafana-Prometheus,Routine alert: Conversion_Rate is behaving normally.,Conversion_Rate
ALRT-92015e11,#security-incidents,2026-05-04T22:00:00,INFO,Datadog-APM,Routine alert: Latency is behaving normally.,Latency
ALRT-1e962794,#growth-marketing,2026-05-04T22:00:00,WARNING,Grafana-Prometheus,Routine alert: Conversion_Rate is behaving normally.,Conversion_Rate
ALRT-a3ab9e2e,#api-health,2026-05-05T02:00:00,WARNING,PagerDuty,Routine alert: Sessions is behaving normally.,Sessions
ALRT-22d22e20,#api-health,2026-05-05T06:00:00,WARNING,PagerDuty,Routine alert: Sessions is behaving normally.,Sessions
ALRT-cdbbe5b0,#infra-alerts,2026-05-05T08:00:00,INFO,Cloudflare-DNS,Routine alert: Memory_Usage is behaving normally.,Memory_Usage
ALRT-5c6891a1,#release-pipeline,2026-05-05T09:00:00,INFO,Cloudflare-DNS,Routine alert: Sessions is behaving normally.,Sessions
ALRT-ae2e113b,#api-health,2026-05-05T12:00:00,INFO,AWS-CloudWatch,Routine alert: CPU_Usage is behaving normally.,CPU_Usage
ALRT-cbb44a9c,#security-incidents,2026-05-05T18:00:00,INFO,Sentry,Routine alert: Disk_IO is behaving normally.,Disk_IO
ALRT-5b6702c4,#platform-stability,2026-05-05T19:00:00,WARNING,New-Relic,Routine alert: Revenue is behaving normally.,Revenue
ALRT-ed173535,#security-incidents,2026-05-05T21:00:00,INFO,Google-Analytics,Routine alert: Conversion_Rate is behaving normally.,Conversion_Rate
ALRT-1991047b,#war-room-checkout,2026-05-06T04:00:00,WARNING,Grafana-Prometheus,Routine alert: Payment_Success_Rate is behaving normally.,Payment_Success_Rate
ALRT-2fde0d48,#api-health,2026-05-06T04:00:00,WARNING,PagerDuty,Routine alert: AOV is behaving normally.,AOV
ALRT-b242558a,#infra-alerts,2026-05-06T04:00:00,WARNING,Grafana-Prometheus,Routine alert: Error_Rate is behaving normally.,Error_Rate
ALRT-8627cf8f,#platform-stability,2026-05-06T05:00:00,WARNING,New-Relic,Routine alert: Payment_Success_Rate is behaving normally.,Payment_Success_Rate
ALRT-0bd6f3ce,#incident-response,2026-05-06T05:00:00,WARNING,Sentry,Routine alert: Error_Rate is behaving normally.,Error_Rate
ALRT-2cdc692c,#war-room-checkout,2026-05-06T15:00:00,WARNING,PagerDuty,Routine alert: Sessions is behaving normally.,Sessions
ALRT-111f1b79,#db-alerts,2026-05-06T16:00:00,WARNING,ElasticSearch-APM,Routine alert: AOV is behaving normally.,AOV
ALRT-5c661331,#war-room-checkout,2026-05-07T11:00:00,INFO,Grafana-Prometheus,Routine alert: Latency is behaving normally.,Latency
ALRT-8ffcbd72,#infra-alerts,2026-05-07T11:00:00,INFO,Sentry,Routine alert: Sessions is behaving normally.,Sessions
ALRT-b004619c,#incident-response,2026-05-07T11:00:00,WARNING,Google-Analytics,Routine alert: Error_Rate is behaving normally.,Error_Rate
ALRT-551c6b14,#platform-stability,2026-05-07T14:00:00,INFO,ElasticSearch-APM,Routine alert: AOV is behaving normally.,AOV
ALRT-466c0fab,#infra-alerts,2026-05-07T17:00:00,WARNING,Sentry,Routine alert: AOV is behaving normally.,AOV
ALRT-ee856195,#growth-marketing,2026-05-07T18:00:00,INFO,Cloudflare-DNS,Routine alert: Error_Rate is behaving normally.,Error_Rate
ALRT-3987df51,#infra-alerts,2026-05-07T21:00:00,WARNING,StatusPage,Routine alert: Conversion_Rate is behaving normally.,Conversion_Rate
ALRT-d4799b1f,#war-room-checkout,2026-05-07T23:00:00,INFO,ElasticSearch-APM,Routine alert: Sessions is behaving normally.,Sessions
ALRT-b290be95,#release-pipeline,2026-05-08T02:00:00,INFO,Google-Analytics,Routine alert: Sessions is behaving normally.,Sessions
ALRT-44fb96a6,#security-incidents,2026-05-08T08:00:00,WARNING,PagerDuty,Routine alert: Memory_Usage is behaving normally.,Memory_Usage
ALRT-4514b4ba,#war-room-checkout,2026-05-08T17:00:00,WARNING,New-Relic,Routine alert: AOV is behaving normally.,AOV
ALRT-5c33d141,#infra-alerts,2026-05-08T23:00:00,WARNING,Sentry,Routine alert: Conversion_Rate is behaving normally.,Conversion_Rate
ALRT-81680bef,#release-pipeline,2026-05-09T09:00:00,INFO,Datadog-APM,Routine alert: Payment_Success_Rate is behaving normally.,Payment_Success_Rate
ALRT-eeb2d8aa,#api-health,2026-05-09T16:00:00,WARNING,Sentry,Routine alert: Sessions is behaving normally.,Sessions
ALRT-69058de6,#war-room-checkout,2026-05-09T19:00:00,WARNING,StatusPage,Routine alert: Disk_IO is behaving normally.,Disk_IO
ALRT-1e1fc959,#security-incidents,2026-05-09T20:00:00,WARNING,Sentry,Routine alert: Error_Rate is behaving normally.,Error_Rate
ALRT-2c8111bc,#infra-alerts,2026-05-09T22:00:00,INFO,ElasticSearch-APM,Routine alert: Latency is behaving normally.,Latency
ALRT-66fd0abc,#war-room-checkout,2026-05-10T05:00:00,INFO,New-Relic,Routine alert: Disk_IO is behaving normally.,Disk_IO
ALRT-5724ff2c,#war-room-checkout,2026-05-10T07:00:00,WARNING,Cloudflare-DNS,Routine alert: Error_Rate is behaving normally.,Error_Rate
ALRT-a99afc3a,#release-pipeline,2026-05-10T10:00:00,WARNING,ElasticSearch-APM,Routine alert: Conversion_Rate is behaving normally.,Conversion_Rate
ALRT-a23c0e6d,#api-health,2026-05-11T15:00:00,WARNING,ElasticSearch-APM,Routine alert: Error_Rate is behaving normally.,Error_Rate
ALRT-5cc9ac18,#release-pipeline,2026-05-11T22:00:00,INFO,Cloudflare-DNS,Routine alert: AOV is behaving normally.,AOV
ALRT-f57a6d90,#incident-response,2026-05-12T16:00:00,INFO,PagerDuty,Routine alert: Conversion_Rate is behaving normally.,Conversion_Rate
ALRT-3988140e,#api-health,2026-05-12T20:00:00,INFO,PagerDuty,Routine alert: Payment_Success_Rate is behaving normally.,Payment_Success_Rate
ALRT-a2dab5d7,#incident-response,2026-05-13T03:00:00,WARNING,StatusPage,Routine alert: AOV is behaving normally.,AOV
ALRT-6a1b10ec,#platform-stability,2026-05-13T14:00:00,WARNING,Sentry,Routine alert: Conversion_Rate is behaving normally.,Conversion_Rate
ALRT-673fa26b,#war-room-checkout,2026-05-14T12:00:00,INFO,AWS-CloudWatch,Routine alert: Conversion_Rate is behaving normally.,Conversion_Rate
ALRT-3fd5d460,#api-health,2026-05-14T13:00:00,WARNING,AWS-CloudWatch,Routine alert: Error_Rate is behaving normally.,Error_Rate
ALRT-a8fae195,#ops-monitoring,2026-05-14T16:00:00,WARNING,Cloudflare-DNS,Routine alert: AOV is behaving normally.,AOV
ALRT-7e8b7255,#ops-monitoring,2026-05-14T22:00:00,INFO,Datadog-APM,Routine alert: Disk_IO is behaving normally.,Disk_IO
ALRT-eee5433b,#incident-response,2026-05-14T23:00:00,INFO,Datadog-APM,Routine alert: Revenue is behaving normally.,Revenue
ALRT-d0f26ef7,#incident-response,2026-05-15T03:00:00,INFO,AWS-CloudWatch,Routine alert: Disk_IO is behaving normally.,Disk_IO
ALRT-9addb5e4,#war-room-checkout,2026-05-15T04:00:00,WARNING,StatusPage,Routine alert: Latency is behaving normally.,Latency
ALRT-5a373edb,#platform-stability,2026-05-15T09:00:00,INFO,Grafana-Prometheus,Routine alert: Memory_Usage is behaving normally.,Memory_Usage
ALRT-0d68dea3,#db-alerts,2026-05-15T15:00:00,WARNING,Grafana-Prometheus,Routine alert: Conversion_Rate is behaving normally.,Conversion_Rate
ALRT-7cec176d,#incident-response,2026-05-15T20:00:00,INFO,Google-Analytics,Routine alert: Sessions is behaving normally.,Sessions
ALRT-52798a6a,#incident-response,2026-05-15T23:00:00,INFO,Google-Analytics,Routine alert: Disk_IO is behaving normally.,Disk_IO
ALRT-0cc48838,#security-incidents,2026-05-16T04:00:00,WARNING,Cloudflare-DNS,Routine alert: Disk_IO is behaving normally.,Disk_IO
ALRT-8967c80f,#security-incidents,2026-05-16T06:00:00,WARNING,PagerDuty,Routine alert: CPU_Usage is behaving normally.,CPU_Usage
ALRT-455eb744,#db-alerts,2026-05-16T20:00:00,WARNING,ElasticSearch-APM,Routine alert: Conversion_Rate is behaving normally.,Conversion_Rate
ALRT-bc68fbde,#growth-marketing,2026-05-17T05:00:00,INFO,ElasticSearch-APM,Routine alert: Disk_IO is behaving normally.,Disk_IO
ALRT-aa85b80d,#security-incidents,2026-05-17T09:00:00,INFO,Grafana-Prometheus,Routine alert: Memory_Usage is behaving normally.,Memory_Usage
ALRT-4017877b,#api-health,2026-05-17T11:00:00,INFO,Google-Analytics,Routine alert: Memory_Usage is behaving normally.,Memory_Usage
ALRT-d1367c3b,#incident-response,2026-05-17T16:00:00,INFO,ElasticSearch-APM,Routine alert: Disk_IO is behaving normally.,Disk_IO
ALRT-39639e17,#release-pipeline,2026-05-17T17:00:00,WARNING,Google-Analytics,Routine alert: Revenue is behaving normally.,Revenue
ALRT-fca3b439,#security-incidents,2026-05-17T18:00:00,WARNING,Google-Analytics,Routine alert: Disk_IO is behaving normally.,Disk_IO
ALRT-792454ab,#platform-stability,2026-05-17T21:00:00,WARNING,AWS-CloudWatch,Routine alert: Error_Rate is behaving normally.,Error_Rate
ALRT-98e4255a,#growth-marketing,2026-05-17T22:00:00,INFO,Datadog-APM,Routine alert: Payment_Success_Rate is behaving normally.,Payment_Success_Rate
ALRT-167b92be,#ops-monitoring,2026-05-18T00:00:00,WARNING,Datadog-APM,Routine alert: Payment_Success_Rate is behaving normally.,Payment_Success_Rate
ALRT-7416addb,#api-health,2026-05-18T02:00:00,WARNING,Grafana-Prometheus,Routine alert: Payment_Success_Rate is behaving normally.,Payment_Success_Rate
ALRT-fb81a889,#growth-marketing,2026-05-18T07:00:00,WARNING,Grafana-Prometheus,Routine alert: Memory_Usage is behaving normally.,Memory_Usage
ALRT-0b82384f,#incident-response,2026-05-18T08:00:00,INFO,Grafana-Prometheus,Routine alert: Memory_Usage is behaving normally.,Memory_Usage
ALRT-eec0d9e4,#incident-response,2026-05-18T11:00:00,WARNING,Grafana-Prometheus,Routine alert: Payment_Success_Rate is behaving normally.,Payment_Success_Rate
ALRT-26c82066,#ops-monitoring,2026-05-18T19:00:00,WARNING,New-Relic,Routine alert: Memory_Usage is behaving normally.,Memory_Usage
ALRT-b9e84c26,#growth-marketing,2026-05-18T20:00:00,WARNING,Grafana-Prometheus,Routine alert: Sessions is behaving normally.,Sessions
ALRT-66bbd060,#infra-alerts,2026-05-19T13:00:00,INFO,Google-Analytics,Routine alert: Sessions is behaving normally.,Sessions
ALRT-31ec05fc,#ops-monitoring,2026-05-19T13:00:00,WARNING,Google-Analytics,Routine alert: Conversion_Rate is behaving normally.,Conversion_Rate
ALRT-4e896dbd,#growth-marketing,2026-05-19T15:00:00,WARNING,AWS-CloudWatch,Routine alert: AOV is behaving normally.,AOV
ALRT-c4c03fcc,#infra-alerts,2026-05-19T17:00:00,WARNING,Google-Analytics,Routine alert: AOV is behaving normally.,AOV
ALRT-69270b9e,#incident-response,2026-05-19T18:00:00,INFO,Grafana-Prometheus,Routine alert: Memory_Usage is behaving normally.,Memory_Usage
ALRT-ff057dbd,#infra-alerts,2026-05-19T18:00:00,WARNING,PagerDuty,Routine alert: Error_Rate is behaving normally.,Error_Rate
ALRT-693402b0,#security-incidents,2026-05-20T01:00:00,WARNING,Grafana-Prometheus,Routine alert: Error_Rate is behaving normally.,Error_Rate
ALRT-7ef4a674,#api-health,2026-05-20T06:00:00,WARNING,Grafana-Prometheus,Routine alert: Conversion_Rate is behaving normally.,Conversion_Rate
ALRT-02ace52b,#growth-marketing,2026-05-20T09:00:00,INFO,ElasticSearch-APM,Routine alert: Error_Rate is behaving normally.,Error_Rate
ALRT-9b9cfa07,#ops-monitoring,2026-05-20T10:00:00,WARNING,New-Relic,Routine alert: Payment_Success_Rate is behaving normally.,Payment_Success_Rate
ALRT-2fb1bfd5,#security-incidents,2026-05-20T12:00:00,INFO,StatusPage,Routine alert: Revenue is behaving normally.,Revenue
ALRT-3189a575,#ops-monitoring,2026-05-20T15:00:00,WARNING,Grafana-Prometheus,Routine alert: AOV is behaving normally.,AOV
ALRT-4385f5ae,#growth-marketing,2026-05-21T04:00:00,INFO,New-Relic,Routine alert: Latency is behaving normally.,Latency
ALRT-de92ac0f,#db-alerts,2026-05-21T11:00:00,WARNING,Cloudflare-DNS,Routine alert: Payment_Success_Rate is behaving normally.,Payment_Success_Rate
ALRT-59d39c36,#incident-response,2026-05-21T15:00:00,WARNING,Google-Analytics,Routine alert: Memory_Usage is behaving normally.,Memory_Usage
ALRT-39f73fdf,#infra-alerts,2026-05-22T01:00:00,WARNING,Datadog-APM,Routine alert: CPU_Usage is behaving normally.,CPU_Usage
ALRT-52f6a73f,#ops-monitoring,2026-05-22T10:00:00,INFO,StatusPage,Routine alert: Sessions is behaving normally.,Sessions
ALRT-69e5f1aa,#release-pipeline,2026-05-22T12:00:00,WARNING,New-Relic,Routine alert: Latency is behaving normally.,Latency
ALRT-3ca341ee,#war-room-checkout,2026-05-22T13:00:00,INFO,StatusPage,Routine alert: Revenue is behaving normally.,Revenue
ALRT-29b12dcd,#incident-response,2026-05-22T19:00:00,WARNING,New-Relic,Routine alert: Conversion_Rate is behaving normally.,Conversion_Rate
ALRT-47c68876,#platform-stability,2026-05-22T19:00:00,INFO,PagerDuty,Routine alert: Error_Rate is behaving normally.,Error_Rate
ALRT-d9479674,#incident-response,2026-05-22T23:00:00,WARNING,StatusPage,Routine alert: Latency is behaving normally.,Latency
ALRT-547e7832,#api-health,2026-05-23T01:00:00,INFO,Google-Analytics,Routine alert: Revenue is behaving normally.,Revenue
ALRT-08d4a388,#growth-marketing,2026-05-23T01:00:00,INFO,PagerDuty,Routine alert: Conversion_Rate is behaving normally.,Conversion_Rate
ALRT-763a99d8,#war-room-checkout,2026-05-23T04:00:00,WARNING,Datadog-APM,Routine alert: Latency is behaving normally.,Latency
ALRT-c3e367f2,#release-pipeline,2026-05-23T12:00:00,INFO,PagerDuty,Routine alert: Error_Rate is behaving normally.,Error_Rate
ALRT-1ebcb5ff,#incident-response,2026-05-23T14:00:00,INFO,AWS-CloudWatch,Routine alert: Memory_Usage is behaving normally.,Memory_Usage
ALRT-bfe98d22,#security-incidents,2026-05-23T16:00:00,WARNING,AWS-CloudWatch,Routine alert: Latency is behaving normally.,Latency
ALRT-e9c5cfd3,#war-room-checkout,2026-05-23T19:00:00,INFO,Grafana-Prometheus,Routine alert: Revenue is behaving normally.,Revenue
ALRT-f366fa62,#incident-response,2026-05-23T20:00:00,INFO,AWS-CloudWatch,Routine alert: Sessions is behaving normally.,Sessions
ALRT-61f95a19,#infra-alerts,2026-05-24T03:00:00,WARNING,Sentry,Routine alert: Sessions is behaving normally.,Sessions
ALRT-9a6ac942,#incident-response,2026-05-24T07:00:00,WARNING,Google-Analytics,Routine alert: Latency is behaving normally.,Latency
ALRT-39f14b2d,#war-room-checkout,2026-05-24T13:00:00,WARNING,AWS-CloudWatch,Routine alert: Conversion_Rate is behaving normally.,Conversion_Rate
ALRT-b01ba4f9,#growth-marketing,2026-05-24T22:00:00,WARNING,New-Relic,Routine alert: AOV is behaving normally.,AOV
ALRT-035aeac2,#api-health,2026-05-24T22:00:00,WARNING,Grafana-Prometheus,Routine alert: Error_Rate is behaving normally.,Error_Rate
ALRT-f8c0cf54,#ops-monitoring,2026-05-25T09:00:00,INFO,Grafana-Prometheus,Routine alert: AOV is behaving normally.,AOV
ALRT-8983f235,#db-alerts,2026-05-25T20:00:00,INFO,StatusPage,Routine alert: AOV is behaving normally.,AOV
ALRT-7a9790a9,#release-pipeline,2026-05-26T01:00:00,INFO,Datadog-APM,Routine alert: Disk_IO is behaving normally.,Disk_IO
ALRT-31b2c204,#api-health,2026-05-26T05:00:00,INFO,AWS-CloudWatch,Routine alert: Error_Rate is behaving normally.,Error_Rate
ALRT-2919cb4f,#security-incidents,2026-05-26T07:00:00,WARNING,PagerDuty,Routine alert: Conversion_Rate is behaving normally.,Conversion_Rate
ALRT-f5eb7dd6,#release-pipeline,2026-05-26T13:00:00,INFO,Grafana-Prometheus,Routine alert: Revenue is behaving normally.,Revenue
ALRT-056900f4,#war-room-checkout,2026-05-26T20:00:00,WARNING,Google-Analytics,Routine alert: Payment_Success_Rate is behaving normally.,Payment_Success_Rate
ALRT-7fa6e947,#release-pipeline,2026-05-26T20:00:00,WARNING,Cloudflare-DNS,Routine alert: Revenue is behaving normally.,Revenue
ALRT-da369b0e,#growth-marketing,2026-05-27T09:00:00,INFO,New-Relic,Routine alert: AOV is behaving normally.,AOV
ALRT-116413c2,#api-health,2026-05-27T11:00:00,WARNING,Cloudflare-DNS,Routine alert: Error_Rate is behaving normally.,Error_Rate
ALRT-376fa02d,#ops-monitoring,2026-05-27T12:00:00,INFO,Datadog-APM,Routine alert: Sessions is behaving normally.,Sessions
ALRT-7dfcc3cb,#infra-alerts,2026-05-27T16:00:00,WARNING,ElasticSearch-APM,Routine alert: AOV is behaving normally.,AOV
ALRT-f0eda164,#growth-marketing,2026-05-27T21:00:00,WARNING,Cloudflare-DNS,Routine alert: Revenue is behaving normally.,Revenue
ALRT-29101eca,#api-health,2026-05-28T03:00:00,INFO,Sentry,Routine alert: Error_Rate is behaving normally.,Error_Rate
ALRT-c60797bd,#platform-stability,2026-05-28T03:00:00,WARNING,ElasticSearch-APM,Routine alert: Conversion_Rate is behaving normally.,Conversion_Rate
ALRT-1fbc6a51,#db-alerts,2026-05-28T10:00:00,WARNING,Datadog-APM,Routine alert: Disk_IO is behaving normally.,Disk_IO
ALRT-102976a6,#growth-marketing,2026-05-28T13:00:00,INFO,Google-Analytics,Routine alert: Latency is behaving normally.,Latency
ALRT-94ee2ac2,#ops-monitoring,2026-05-28T15:00:00,INFO,New-Relic,Routine alert: Payment_Success_Rate is behaving normally.,Payment_Success_Rate
ALRT-ef0827b3,#security-incidents,2026-05-28T20:00:00,WARNING,Datadog-APM,Routine alert: CPU_Usage is behaving normally.,CPU_Usage
ALRT-42216514,#api-health,2026-05-29T01:00:00,INFO,StatusPage,Routine alert: Disk_IO is behaving normally.,Disk_IO
ALRT-d5ee0d8a,#release-pipeline,2026-05-29T02:00:00,WARNING,StatusPage,Routine alert: AOV is behaving normally.,AOV
ALRT-7dfcf736,#ops-monitoring,2026-05-29T08:00:00,WARNING,Google-Analytics,Routine alert: Payment_Success_Rate is behaving normally.,Payment_Success_Rate
ALRT-6a7642ef,#db-alerts,2026-05-30T14:00:00,INFO,AWS-CloudWatch,Routine alert: Error_Rate is behaving normally.,Error_Rate
ALRT-c2e4b194,#war-room-checkout,2026-05-30T18:00:00,INFO,Grafana-Prometheus,Routine alert: Error_Rate is behaving normally.,Error_Rate
ALRT-1e09a1e2,#security-incidents,2026-05-31T08:00:00,WARNING,Datadog-APM,Routine alert: Conversion_Rate is behaving normally.,Conversion_Rate
ALRT-56ecfa23,#platform-stability,2026-05-31T17:00:00,INFO,PagerDuty,Routine alert: Error_Rate is behaving normally.,Error_Rate
ALRT-1ae130b7,#infra-alerts,2026-05-31T17:00:00,INFO,Cloudflare-DNS,Routine alert: Sessions is behaving normally.,Sessions
ALRT-3554564f,#infra-alerts,2026-05-31T22:00:00,WARNING,Datadog-APM,Routine alert: Conversion_Rate is behaving normally.,Conversion_Rate
ALRT-07c2077e,#incident-response,2026-06-01T03:00:00,WARNING,ElasticSearch-APM,Routine alert: Payment_Success_Rate is behaving normally.,Payment_Success_Rate
ALRT-decb38b9,#release-pipeline,2026-06-01T05:00:00,WARNING,Google-Analytics,Routine alert: Conversion_Rate is behaving normally.,Conversion_Rate
ALRT-7233f5ca,#api-health,2026-06-01T09:00:00,INFO,Google-Analytics,Routine alert: AOV is behaving normally.,AOV
ALRT-fec95952,#db-alerts,2026-06-01T20:00:00,INFO,StatusPage,Routine alert: Revenue is behaving normally.,Revenue
ALRT-08d165b6,#security-incidents,2026-06-02T01:00:00,INFO,New-Relic,Routine alert: Sessions is behaving normally.,Sessions
ALRT-7e0cba92,#platform-stability,2026-06-02T04:00:00,WARNING,Sentry,Routine alert: Conversion_Rate is behaving normally.,Conversion_Rate
ALRT-ef034d7e,#war-room-checkout,2026-06-02T18:00:00,WARNING,ElasticSearch-APM,Routine alert: Payment_Success_Rate is behaving normally.,Payment_Success_Rate
ALRT-2a5daa4b,#infra-alerts,2026-06-02T18:00:00,INFO,PagerDuty,Routine alert: Disk_IO is behaving normally.,Disk_IO
ALRT-1e93ad0b,#platform-stability,2026-06-02T19:00:00,WARNING,ElasticSearch-APM,Routine alert: CPU_Usage is behaving normally.,CPU_Usage
ALRT-db15b463,#incident-response,2026-06-02T20:00:00,INFO,ElasticSearch-APM,Routine alert: Conversion_Rate is behaving normally.,Conversion_Rate
ALRT-eac38657,#ops-monitoring,2026-06-02T20:00:00,INFO,PagerDuty,Routine alert: Latency is behaving normally.,Latency
ALRT-53389588,#release-pipeline,2026-06-03T03:00:00,INFO,AWS-CloudWatch,Routine alert: Sessions is behaving normally.,Sessions
ALRT-b5cbe839,#db-alerts,2026-06-03T09:00:00,WARNING,ElasticSearch-APM,Routine alert: AOV is behaving normally.,AOV
ALRT-b2ddafa1,#growth-marketing,2026-06-03T12:00:00,WARNING,ElasticSearch-APM,Routine alert: Conversion_Rate is behaving normally.,Conversion_Rate
ALRT-6d7bc921,#security-incidents,2026-06-03T21:00:00,INFO,StatusPage,Routine alert: Sessions is behaving normally.,Sessions
ALRT-6b4d78ef,#release-pipeline,2026-06-03T21:00:00,INFO,Sentry,Routine alert: Payment_Success_Rate is behaving normally.,Payment_Success_Rate
ALRT-d9d3748d,#release-pipeline,2026-06-04T04:00:00,WARNING,New-Relic,Routine alert: Sessions is behaving normally.,Sessions
ALRT-2ff9f311,#incident-response,2026-06-04T07:00:00,INFO,Sentry,Routine alert: Payment_Success_Rate is behaving normally.,Payment_Success_Rate
ALRT-9ca7bca2,#db-alerts,2026-06-04T16:00:00,INFO,AWS-CloudWatch,Routine alert: Payment_Success_Rate is behaving normally.,Payment_Success_Rate
ALRT-885bc872,#db-alerts,2026-06-04T17:00:00,INFO,Cloudflare-DNS,Routine alert: Error_Rate is behaving normally.,Error_Rate
ALRT-bb1a6963,#infra-alerts,2026-06-04T20:00:00,INFO,AWS-CloudWatch,Routine alert: Memory_Usage is behaving normally.,Memory_Usage
ALRT-0597205c,#ops-monitoring,2026-06-04T21:00:00,WARNING,PagerDuty,Routine alert: Disk_IO is behaving normally.,Disk_IO
ALRT-18db683c,#incident-response,2026-06-05T00:00:00,INFO,StatusPage,Routine alert: Revenue is behaving normally.,Revenue
ALRT-1197949e,#ops-monitoring,2026-06-05T00:00:00,WARNING,Sentry,Routine alert: CPU_Usage is behaving normally.,CPU_Usage
ALRT-1cc3b7f7,#incident-response,2026-06-05T02:00:00,WARNING,New-Relic,Routine alert: Error_Rate is behaving normally.,Error_Rate
ALRT-f17e68b1,#infra-alerts,2026-06-05T03:00:00,INFO,Datadog-APM,Routine alert: Memory_Usage is behaving normally.,Memory_Usage
ALRT-18b6d018,#ops-monitoring,2026-06-05T04:00:00,WARNING,ElasticSearch-APM,Routine alert: Conversion_Rate is behaving normally.,Conversion_Rate
ALRT-2277ba9e,#infra-alerts,2026-06-05T04:00:00,WARNING,New-Relic,Routine alert: Latency is behaving normally.,Latency
ALRT-d848a6be,#ops-monitoring,2026-06-05T04:00:00,INFO,ElasticSearch-APM,Routine alert: AOV is behaving normally.,AOV
ALRT-e7cd2073,#infra-alerts,2026-06-05T04:00:00,WARNING,Grafana-Prometheus,Routine alert: Sessions is behaving normally.,Sessions
ALRT-5f479963,#infra-alerts,2026-06-05T07:00:00,WARNING,New-Relic,Routine alert: Error_Rate is behaving normally.,Error_Rate
ALRT-cf0f5a7d,#api-health,2026-06-05T07:00:00,INFO,AWS-CloudWatch,Routine alert: Memory_Usage is behaving normally.,Memory_Usage
ALRT-77c08737,#infra-alerts,2026-06-05T08:00:00,WARNING,New-Relic,Routine alert: Revenue is behaving normally.,Revenue
ALRT-4b1fe3d7,#war-room-checkout,2026-06-05T09:00:00,WARNING,Grafana-Prometheus,Routine alert: Payment_Success_Rate is behaving normally.,Payment_Success_Rate
ALRT-b54467a7,#db-alerts,2026-06-05T12:00:00,INFO,Google-Analytics,Routine alert: Sessions is behaving normally.,Sessions
ALRT-489e4129,#release-pipeline,2026-06-05T12:00:00,INFO,Grafana-Prometheus,Routine alert: Latency is behaving normally.,Latency
ALRT-91bf2775,#infra-alerts,2026-06-05T12:00:00,WARNING,Sentry,Routine alert: Payment_Success_Rate is behaving normally.,Payment_Success_Rate
ALRT-45da54a4,#incident-response,2026-06-05T15:00:00,INFO,ElasticSearch-APM,Routine alert: Sessions is behaving normally.,Sessions
ALRT-aa1e0a1c,#api-health,2026-06-05T16:00:00,INFO,AWS-CloudWatch,Routine alert: Revenue is behaving normally.,Revenue
ALRT-a9aeb73a,#infra-alerts,2026-06-05T17:00:00,INFO,AWS-CloudWatch,Routine alert: AOV is behaving normally.,AOV
ALRT-fefd0303,#incident-response,2026-06-05T19:00:00,INFO,AWS-CloudWatch,Routine alert: Error_Rate is behaving normally.,Error_Rate
ALRT-74ec38c8,#platform-stability,2026-06-05T20:00:00,WARNING,ElasticSearch-APM,Routine alert: Payment_Success_Rate is behaving normally.,Payment_Success_Rate
ALRT-e8e4f1a4,#release-pipeline,2026-06-05T21:00:00,WARNING,StatusPage,Routine alert: CPU_Usage is behaving normally.,CPU_Usage
ALRT-da05b544,#platform-stability,2026-06-05T22:00:00,INFO,New-Relic,Routine alert: Memory_Usage is behaving normally.,Memory_Usage
ALRT-f16b7fff,#ops-monitoring,2026-06-05T22:00:00,INFO,Google-Analytics,Routine alert: Memory_Usage is behaving normally.,Memory_Usage
ALRT-f49e6270,#release-pipeline,2026-06-05T23:00:00,WARNING,AWS-CloudWatch,Routine alert: Latency is behaving normally.,Latency
ALRT-58a9f6d7,#war-room-checkout,2026-06-05T23:00:00,WARNING,Datadog-APM,Routine alert: Memory_Usage is behaving normally.,Memory_Usage
ALRT-d6609282,#war-room-checkout,2026-06-06T01:00:00,WARNING,ElasticSearch-APM,Routine alert: Revenue is behaving normally.,Revenue
ALRT-098efb1a,#release-pipeline,2026-06-06T03:00:00,WARNING,StatusPage,Routine alert: Latency is behaving normally.,Latency
ALRT-1c4d43e3,#ops-monitoring,2026-06-06T03:00:00,INFO,StatusPage,Routine alert: Error_Rate is behaving normally.,Error_Rate
ALRT-85d92e4c,#incident-response,2026-06-06T04:00:00,INFO,Google-Analytics,Routine alert: Conversion_Rate is behaving normally.,Conversion_Rate
ALRT-d95b2f0b,#incident-response,2026-06-06T06:00:00,INFO,Sentry,Routine alert: Revenue is behaving normally.,Revenue
ALRT-050c9d4f,#war-room-checkout,2026-06-06T07:00:00,INFO,Cloudflare-DNS,Routine alert: Payment_Success_Rate is behaving normally.,Payment_Success_Rate
ALRT-c79307c2,#incident-response,2026-06-06T09:00:00,WARNING,StatusPage,Routine alert: Conversion_Rate is behaving normally.,Conversion_Rate
ALRT-4fc2ac4a,#security-incidents,2026-06-06T11:00:00,INFO,Sentry,Routine alert: Disk_IO is behaving normally.,Disk_IO
ALRT-5426fb77,#platform-stability,2026-06-06T12:00:00,WARNING,StatusPage,Routine alert: Conversion_Rate is behaving normally.,Conversion_Rate
ALRT-423acca2,#incident-response,2026-06-06T13:00:00,INFO,ElasticSearch-APM,Routine alert: AOV is behaving normally.,AOV
ALRT-aad667db,#platform-stability,2026-06-06T13:00:00,INFO,Datadog-APM,Routine alert: Sessions is behaving normally.,Sessions
ALRT-79d869d0,#release-pipeline,2026-06-06T14:00:00,WARNING,Datadog-APM,Routine alert: Conversion_Rate is behaving normally.,Conversion_Rate
ALRT-53da9557,#platform-stability,2026-06-06T14:00:00,WARNING,Cloudflare-DNS,Routine alert: AOV is behaving normally.,AOV
ALRT-8377d33c,#ops-monitoring,2026-06-06T15:00:00,WARNING,Google-Analytics,Routine alert: Sessions is behaving normally.,Sessions
ALRT-025d1ef4,#infra-alerts,2026-06-06T17:00:00,WARNING,AWS-CloudWatch,Routine alert: Conversion_Rate is behaving normally.,Conversion_Rate
ALRT-0642561a,#release-pipeline,2026-06-06T18:00:00,WARNING,Cloudflare-DNS,Routine alert: Revenue is behaving normally.,Revenue
ALRT-f4bbfba2,#infra-alerts,2026-06-06T19:00:00,WARNING,AWS-CloudWatch,Routine alert: Conversion_Rate is behaving normally.,Conversion_Rate
ALRT-7eef3003,#incident-response,2026-06-06T19:00:00,WARNING,New-Relic,Routine alert: Payment_Success_Rate is behaving normally.,Payment_Success_Rate
ALRT-ffe49cff,#db-alerts,2026-06-06T21:00:00,WARNING,ElasticSearch-APM,Routine alert: Memory_Usage is behaving normally.,Memory_Usage
ALRT-5cb00634,#db-alerts,2026-06-07T02:00:00,WARNING,Sentry,Routine alert: CPU_Usage is behaving normally.,CPU_Usage
ALRT-086e3aa5,#war-room-checkout,2026-06-07T02:00:00,WARNING,Sentry,Routine alert: CPU_Usage is behaving normally.,CPU_Usage
ALRT-ed112805,#api-health,2026-06-07T02:00:00,WARNING,StatusPage,Routine alert: AOV is behaving normally.,AOV
ALRT-b574bb88,#growth-marketing,2026-06-07T03:00:00,WARNING,Cloudflare-DNS,Routine alert: Conversion_Rate is behaving normally.,Conversion_Rate
ALRT-5c1ac1ef,#incident-response,2026-06-07T07:00:00,INFO,Grafana-Prometheus,Routine alert: Sessions is behaving normally.,Sessions
ALRT-ef84b81a,#infra-alerts,2026-06-07T08:00:00,INFO,Datadog-APM,Routine alert: Memory_Usage is behaving normally.,Memory_Usage
ALRT-59c0e720,#security-incidents,2026-06-07T08:00:00,INFO,Google-Analytics,Routine alert: Memory_Usage is behaving normally.,Memory_Usage
ALRT-335a2620,#ops-monitoring,2026-06-07T09:00:00,WARNING,Grafana-Prometheus,Routine alert: AOV is behaving normally.,AOV
ALRT-0877b1a8,#incident-response,2026-06-07T10:00:00,WARNING,Grafana-Prometheus,Routine alert: Conversion_Rate is behaving normally.,Conversion_Rate
ALRT-f3336243,#incident-response,2026-06-07T11:00:00,INFO,Datadog-APM,Routine alert: Memory_Usage is behaving normally.,Memory_Usage
ALRT-4d798933,#growth-marketing,2026-06-07T12:00:00,WARNING,AWS-CloudWatch,Routine alert: CPU_Usage is behaving normally.,CPU_Usage
ALRT-e06877a2,#db-alerts,2026-06-07T12:00:00,INFO,PagerDuty,Routine alert: CPU_Usage is behaving normally.,CPU_Usage
ALRT-bd62900c,#platform-stability,2026-06-07T13:00:00,WARNING,Datadog-APM,Routine alert: Disk_IO is behaving normally.,Disk_IO
ALRT-e0b5eb45,#release-pipeline,2026-06-07T14:00:00,WARNING,Cloudflare-DNS,Routine alert: Disk_IO is behaving normally.,Disk_IO
ALRT-62d51a72,#platform-stability,2026-06-07T16:00:00,WARNING,ElasticSearch-APM,Routine alert: Error_Rate is behaving normally.,Error_Rate
ALRT-d9e64421,#release-pipeline,2026-06-07T16:00:00,INFO,Datadog-APM,Routine alert: Conversion_Rate is behaving normally.,Conversion_Rate
ALRT-7ca0f063,#security-incidents,2026-06-07T17:00:00,INFO,PagerDuty,Routine alert: Conversion_Rate is behaving normally.,Conversion_Rate
ALRT-206d0a56,#platform-stability,2026-06-07T18:00:00,INFO,StatusPage,Routine alert: Error_Rate is behaving normally.,Error_Rate
ALRT-188f10b3,#growth-marketing,2026-06-07T18:00:00,INFO,Google-Analytics,Routine alert: Latency is behaving normally.,Latency
ALRT-7efba14c,#platform-stability,2026-06-07T20:00:00,INFO,AWS-CloudWatch,Routine alert: Memory_Usage is behaving normally.,Memory_Usage
ALRT-ac7824a3,#war-room-checkout,2026-06-07T20:00:00,WARNING,Cloudflare-DNS,Routine alert: Payment_Success_Rate is behaving normally.,Payment_Success_Rate
ALRT-7fedcaeb,#growth-marketing,2026-06-07T21:00:00,WARNING,Datadog-APM,Routine alert: Payment_Success_Rate is behaving normally.,Payment_Success_Rate
ALRT-e7fc391f,#security-incidents,2026-06-07T22:00:00,INFO,New-Relic,Routine alert: AOV is behaving normally.,AOV
ALRT-6f10307f,#incident-response,2026-06-07T22:00:00,INFO,ElasticSearch-APM,Routine alert: Error_Rate is behaving normally.,Error_Rate
ALRT-2d2ce778,#db-alerts,2026-06-08T00:00:00,INFO,Datadog-APM,Routine alert: AOV is behaving normally.,AOV
ALRT-3f761c35,#release-pipeline,2026-06-08T00:00:00,WARNING,StatusPage,Routine alert: Error_Rate is behaving normally.,Error_Rate
ALRT-a05af2e8,#incident-response,2026-06-08T02:00:00,INFO,New-Relic,Routine alert: AOV is behaving normally.,AOV
ALRT-23aea200,#platform-stability,2026-06-08T02:00:00,WARNING,Google-Analytics,Routine alert: AOV is behaving normally.,AOV
ALRT-f715e42c,#war-room-checkout,2026-06-08T02:00:00,WARNING,Cloudflare-DNS,Routine alert: Disk_IO is behaving normally.,Disk_IO
ALRT-8e4901b0,#api-health,2026-06-08T02:00:00,WARNING,Google-Analytics,Routine alert: CPU_Usage is behaving normally.,CPU_Usage
ALRT-feb1b772,#infra-alerts,2026-06-08T04:00:00,INFO,Datadog-APM,Routine alert: Sessions is behaving normally.,Sessions
ALRT-38751ba6,#release-pipeline,2026-06-08T06:00:00,INFO,Sentry,Routine alert: Latency is behaving normally.,Latency
ALRT-c034a96f,#infra-alerts,2026-06-08T07:00:00,WARNING,ElasticSearch-APM,Routine alert: Latency is behaving normally.,Latency
ALRT-802b64bc,#security-incidents,2026-06-08T07:00:00,WARNING,Sentry,Routine alert: Error_Rate is behaving normally.,Error_Rate
ALRT-fd80d538,#platform-stability,2026-06-08T12:00:00,INFO,Grafana-Prometheus,Routine alert: Payment_Success_Rate is behaving normally.,Payment_Success_Rate
ALRT-72cce3dc,#security-incidents,2026-06-08T13:00:00,INFO,Google-Analytics,Routine alert: Disk_IO is behaving normally.,Disk_IO
ALRT-fb325e6f,#platform-stability,2026-06-08T13:00:00,WARNING,Cloudflare-DNS,Routine alert: Disk_IO is behaving normally.,Disk_IO
ALRT-7931186b,#platform-stability,2026-06-08T14:00:00,INFO,AWS-CloudWatch,Routine alert: Payment_Success_Rate is behaving normally.,Payment_Success_Rate
ALRT-bf61e17f,#db-alerts,2026-06-08T15:00:00,WARNING,ElasticSearch-APM,Routine alert: Memory_Usage is behaving normally.,Memory_Usage
ALRT-708fe204,#api-health,2026-06-08T15:00:00,WARNING,Google-Analytics,Routine alert: Revenue is behaving normally.,Revenue
ALRT-5fb83ff7,#api-health,2026-06-08T16:00:00,INFO,Google-Analytics,Routine alert: Error_Rate is behaving normally.,Error_Rate
ALRT-00578739,#war-room-checkout,2026-06-08T17:00:00,INFO,Datadog-APM,Routine alert: Payment_Success_Rate is behaving normally.,Payment_Success_Rate
ALRT-e8106e5b,#db-alerts,2026-06-08T18:00:00,INFO,AWS-CloudWatch,Routine alert: Disk_IO is behaving normally.,Disk_IO
ALRT-555d4583,#infra-alerts,2026-06-08T19:00:00,INFO,Grafana-Prometheus,Routine alert: AOV is behaving normally.,AOV
ALRT-7aa5d2ba,#db-alerts,2026-06-08T19:00:00,INFO,Cloudflare-DNS,Routine alert: Revenue is behaving normally.,Revenue
ALRT-4b673910,#growth-marketing,2026-06-08T20:00:00,INFO,Sentry,Routine alert: AOV is behaving normally.,AOV
ALRT-c08a1096,#security-incidents,2026-06-08T22:00:00,WARNING,Sentry,Routine alert: Disk_IO is behaving normally.,Disk_IO
ALRT-6a5e780f,#war-room-checkout,2026-06-08T23:00:00,WARNING,New-Relic,Routine alert: Payment_Success_Rate is behaving normally.,Payment_Success_Rate
ALRT-dc999b4c,#api-health,2026-06-09T00:00:00,WARNING,Google-Analytics,Routine alert: Revenue is behaving normally.,Revenue
ALRT-d9c91ed9,#war-room-checkout,2026-06-09T01:00:00,WARNING,Cloudflare-DNS,Routine alert: Latency is behaving normally.,Latency
ALRT-3b9b62d9,#ops-monitoring,2026-06-09T02:00:00,INFO,New-Relic,Routine alert: Conversion_Rate is behaving normally.,Conversion_Rate
ALRT-c98f1714,#platform-stability,2026-06-09T03:00:00,INFO,Google-Analytics,Routine alert: Memory_Usage is behaving normally.,Memory_Usage
ALRT-585556c7,#platform-stability,2026-06-09T04:00:00,INFO,ElasticSearch-APM,Routine alert: Conversion_Rate is behaving normally.,Conversion_Rate
ALRT-f18cc6a7,#growth-marketing,2026-06-09T04:00:00,WARNING,New-Relic,Routine alert: Revenue is behaving normally.,Revenue
ALRT-aecc0900,#release-pipeline,2026-06-09T05:00:00,WARNING,StatusPage,Routine alert: AOV is behaving normally.,AOV
ALRT-e96f8d53,#db-alerts,2026-06-09T06:00:00,INFO,Grafana-Prometheus,Routine alert: CPU_Usage is behaving normally.,CPU_Usage
ALRT-bbfcb2a5,#infra-alerts,2026-06-09T08:00:00,INFO,Cloudflare-DNS,Routine alert: CPU_Usage is behaving normally.,CPU_Usage
ALRT-accadc14,#infra-alerts,2026-06-09T09:00:00,WARNING,Cloudflare-DNS,Routine alert: Revenue is behaving normally.,Revenue
ALRT-e53b7aa6,#api-health,2026-06-09T10:00:00,INFO,New-Relic,Routine alert: Disk_IO is behaving normally.,Disk_IO
ALRT-b3dff9c3,#ops-monitoring,2026-06-09T10:00:00,INFO,ElasticSearch-APM,Routine alert: Error_Rate is behaving normally.,Error_Rate
ALRT-bd2ab33f,#incident-response,2026-06-09T11:00:00,WARNING,Google-Analytics,Routine alert: Error_Rate is behaving normally.,Error_Rate
ALRT-df27dedc,#war-room-checkout,2026-06-09T13:00:00,WARNING,StatusPage,Routine alert: AOV is behaving normally.,AOV
ALRT-4ecfc863,#security-incidents,2026-06-09T14:00:00,INFO,ElasticSearch-APM,Routine alert: Revenue is behaving normally.,Revenue
ALRT-160243e8,#release-pipeline,2026-06-09T15:00:00,WARNING,ElasticSearch-APM,Routine alert: AOV is behaving normally.,AOV
ALRT-14c6563f,#release-pipeline,2026-06-09T17:00:00,INFO,Grafana-Prometheus,Routine alert: Payment_Success_Rate is behaving normally.,Payment_Success_Rate
ALRT-80ff0d42,#api-health,2026-06-09T18:00:00,INFO,New-Relic,Routine alert: Sessions is behaving normally.,Sessions
ALRT-2ff304f9,#api-health,2026-06-09T19:00:00,WARNING,Google-Analytics,Routine alert: Latency is behaving normally.,Latency
ALRT-8ff428d4,#war-room-checkout,2026-06-09T19:00:00,WARNING,AWS-CloudWatch,Routine alert: AOV is behaving normally.,AOV
ALRT-28fa3069,#war-room-checkout,2026-06-09T20:00:00,INFO,Datadog-APM,Routine alert: AOV is behaving normally.,AOV
ALRT-b7643211,#release-pipeline,2026-06-09T21:00:00,INFO,Cloudflare-DNS,Routine alert: Latency is behaving normally.,Latency
ALRT-f51071f5,#war-room-checkout,2026-06-09T21:00:00,WARNING,Datadog-APM,Routine alert: Conversion_Rate is behaving normally.,Conversion_Rate
ALRT-d0c487f4,#growth-marketing,2026-06-09T23:00:00,WARNING,Google-Analytics,Routine alert: Revenue is behaving normally.,Revenue
ALRT-800bc83a,#db-alerts,2026-06-10T01:00:00,INFO,Google-Analytics,Routine alert: Sessions is behaving normally.,Sessions
ALRT-c20ed3aa,#incident-response,2026-06-10T01:00:00,INFO,Cloudflare-DNS,Routine alert: Payment_Success_Rate is behaving normally.,Payment_Success_Rate
ALRT-dd944c9b,#api-health,2026-06-10T02:00:00,INFO,StatusPage,Routine alert: Error_Rate is behaving normally.,Error_Rate
ALRT-6facb90c,#release-pipeline,2026-06-10T03:00:00,WARNING,StatusPage,Routine alert: Error_Rate is behaving normally.,Error_Rate
ALRT-b0d3028e,#ops-monitoring,2026-06-10T03:00:00,INFO,PagerDuty,Routine alert: Memory_Usage is behaving normally.,Memory_Usage
ALRT-8a567c58,#security-incidents,2026-06-10T03:00:00,WARNING,Sentry,Routine alert: Sessions is behaving normally.,Sessions
ALRT-f30cedc2,#incident-response,2026-06-10T04:00:00,WARNING,AWS-CloudWatch,Routine alert: Latency is behaving normally.,Latency
ALRT-737519e3,#infra-alerts,2026-06-10T04:00:00,WARNING,StatusPage,Routine alert: Error_Rate is behaving normally.,Error_Rate
ALRT-97f7cfee,#release-pipeline,2026-06-10T07:00:00,INFO,StatusPage,Routine alert: Memory_Usage is behaving normally.,Memory_Usage
ALRT-012f37a5,#release-pipeline,2026-06-10T07:00:00,INFO,Cloudflare-DNS,Routine alert: AOV is behaving normally.,AOV
ALRT-6bce3fe6,#platform-stability,2026-06-10T08:00:00,INFO,Cloudflare-DNS,Routine alert: Error_Rate is behaving normally.,Error_Rate
ALRT-36da6417,#war-room-checkout,2026-06-10T08:00:00,INFO,Cloudflare-DNS,Routine alert: Revenue is behaving normally.,Revenue
ALRT-e31a65f3,#security-incidents,2026-06-10T09:00:00,INFO,Grafana-Prometheus,Routine alert: Payment_Success_Rate is behaving normally.,Payment_Success_Rate
ALRT-e9c0c0f8,#security-incidents,2026-06-10T10:00:00,WARNING,PagerDuty,Routine alert: Disk_IO is behaving normally.,Disk_IO
ALRT-38525cb1,#db-alerts,2026-06-10T11:00:00,INFO,PagerDuty,Routine alert: CPU_Usage is behaving normally.,CPU_Usage
ALRT-386ed24f,#db-alerts,2026-06-10T11:00:00,INFO,Datadog-APM,Routine alert: CPU_Usage is behaving normally.,CPU_Usage
ALRT-2e73532b,#platform-stability,2026-06-10T12:00:00,WARNING,ElasticSearch-APM,Routine alert: AOV is behaving normally.,AOV
ALRT-ddb749bb,#growth-marketing,2026-06-10T13:00:00,INFO,Datadog-APM,Routine alert: Revenue is behaving normally.,Revenue
ALRT-e45427a9,#incident-response,2026-06-10T13:00:00,INFO,ElasticSearch-APM,Routine alert: Error_Rate is behaving normally.,Error_Rate
ALRT-842c04d6,#infra-alerts,2026-06-10T13:00:00,WARNING,Sentry,Routine alert: Error_Rate is behaving normally.,Error_Rate
ALRT-79cd1100,#db-alerts,2026-06-10T14:00:00,WARNING,Google-Analytics,Routine alert: AOV is behaving normally.,AOV
ALRT-d532d0d6,#growth-marketing,2026-06-10T16:00:00,INFO,Grafana-Prometheus,Routine alert: CPU_Usage is behaving normally.,CPU_Usage
ALRT-d6e0b289,#api-health,2026-06-10T17:00:00,INFO,Cloudflare-DNS,Routine alert: Memory_Usage is behaving normally.,Memory_Usage
ALRT-b212c932,#infra-alerts,2026-06-10T17:00:00,INFO,ElasticSearch-APM,Routine alert: AOV is behaving normally.,AOV
ALRT-8c2358ba,#infra-alerts,2026-06-10T20:00:00,WARNING,Google-Analytics,Routine alert: Revenue is behaving normally.,Revenue
ALRT-cde9da57,#release-pipeline,2026-06-10T21:00:00,INFO,New-Relic,Routine alert: Revenue is behaving normally.,Revenue
ALRT-7a337044,#war-room-checkout,2026-06-10T22:00:00,WARNING,StatusPage,Routine alert: CPU_Usage is behaving normally.,CPU_Usage
ALRT-f789e9bd,#incident-response,2026-06-10T22:00:00,WARNING,Datadog-APM,Routine alert: Conversion_Rate is behaving normally.,Conversion_Rate
ALRT-a41fafc8,#api-health,2026-06-11T00:00:00,WARNING,Sentry,Routine alert: AOV is behaving normally.,AOV
ALRT-8358871d,#security-incidents,2026-06-11T02:00:00,INFO,New-Relic,Routine alert: Memory_Usage is behaving normally.,Memory_Usage
ALRT-b3feb116,#growth-marketing,2026-06-11T02:00:00,WARNING,New-Relic,Routine alert: Memory_Usage is behaving normally.,Memory_Usage
ALRT-c38872c1,#security-incidents,2026-06-11T03:00:00,INFO,Google-Analytics,Routine alert: Sessions is behaving normally.,Sessions
ALRT-9298ad3e,#growth-marketing,2026-06-11T03:00:00,WARNING,Cloudflare-DNS,Routine alert: Latency is behaving normally.,Latency
ALRT-5a8d1758,#ops-monitoring,2026-06-11T04:00:00,INFO,StatusPage,Routine alert: Sessions is behaving normally.,Sessions
ALRT-46e8b959,#incident-response,2026-06-11T04:00:00,WARNING,StatusPage,Routine alert: Sessions is behaving normally.,Sessions
ALRT-b81de8f3,#security-incidents,2026-06-11T04:00:00,INFO,Google-Analytics,Routine alert: Error_Rate is behaving normally.,Error_Rate
ALRT-0c01896a,#api-health,2026-06-11T05:00:00,WARNING,Google-Analytics,Routine alert: Conversion_Rate is behaving normally.,Conversion_Rate
ALRT-cc2d6d8a,#ops-monitoring,2026-06-11T06:00:00,WARNING,Datadog-APM,Routine alert: Sessions is behaving normally.,Sessions
ALRT-bf581314,#war-room-checkout,2026-06-11T07:00:00,INFO,AWS-CloudWatch,Routine alert: Conversion_Rate is behaving normally.,Conversion_Rate
ALRT-4d5b0e44,#war-room-checkout,2026-06-11T08:00:00,INFO,StatusPage,Routine alert: Error_Rate is behaving normally.,Error_Rate
ALRT-2e923b2d,#infra-alerts,2026-06-11T11:00:00,WARNING,StatusPage,Routine alert: Revenue is behaving normally.,Revenue
ALRT-80c71aa1,#security-incidents,2026-06-11T12:00:00,INFO,Datadog-APM,Routine alert: Conversion_Rate is behaving normally.,Conversion_Rate
ALRT-4958aae5,#platform-stability,2026-06-11T13:00:00,WARNING,New-Relic,Routine alert: Conversion_Rate is behaving normally.,Conversion_Rate
ALRT-ba6426ed,#release-pipeline,2026-06-11T14:00:00,WARNING,Datadog-APM,Routine alert: Payment_Success_Rate is behaving normally.,Payment_Success_Rate
ALRT-88f717b8,#api-health,2026-06-11T19:00:00,WARNING,Sentry,Routine alert: Memory_Usage is behaving normally.,Memory_Usage
ALRT-c1c8e4b2,#release-pipeline,2026-06-11T23:00:00,WARNING,ElasticSearch-APM,Routine alert: Memory_Usage is behaving normally.,Memory_Usage
ALRT-e386296d,#api-health,2026-06-12T01:00:00,INFO,Google-Analytics,Routine alert: Conversion_Rate is behaving normally.,Conversion_Rate
ALRT-02785186,#platform-stability,2026-06-12T01:00:00,WARNING,Cloudflare-DNS,Routine alert: Memory_Usage is behaving normally.,Memory_Usage
ALRT-c5910501,#platform-stability,2026-06-12T03:00:00,INFO,Sentry,Routine alert: Conversion_Rate is behaving normally.,Conversion_Rate
ALRT-6d0ef59d,#release-pipeline,2026-06-12T03:00:00,WARNING,Grafana-Prometheus,Routine alert: Conversion_Rate is behaving normally.,Conversion_Rate
ALRT-6e41dd70,#infra-alerts,2026-06-12T04:00:00,INFO,Google-Analytics,Routine alert: Revenue is behaving normally.,Revenue
ALRT-1b342596,#platform-stability,2026-06-12T06:00:00,INFO,Google-Analytics,Routine alert: CPU_Usage is behaving normally.,CPU_Usage
ALRT-5e7d80a0,#war-room-checkout,2026-06-12T11:00:00,WARNING,Google-Analytics,Routine alert: Error_Rate is behaving normally.,Error_Rate
ALRT-1ade839b,#growth-marketing,2026-06-12T12:00:00,INFO,Cloudflare-DNS,Routine alert: Disk_IO is behaving normally.,Disk_IO
ALRT-77906dad,#infra-alerts,2026-06-12T13:00:00,INFO,Grafana-Prometheus,Routine alert: Error_Rate is behaving normally.,Error_Rate
ALRT-40bba2c4,#growth-marketing,2026-06-12T14:00:00,WARNING,PagerDuty,Routine alert: Memory_Usage is behaving normally.,Memory_Usage
ALRT-5a217a44,#incident-response,2026-06-12T15:00:00,INFO,Datadog-APM,Routine alert: Latency is behaving normally.,Latency
ALRT-7cece24c,#incident-response,2026-06-12T15:00:00,WARNING,AWS-CloudWatch,Routine alert: Payment_Success_Rate is behaving normally.,Payment_Success_Rate
ALRT-827d847d,#war-room-checkout,2026-06-12T19:00:00,INFO,StatusPage,Routine alert: Sessions is behaving normally.,Sessions
ALRT-f813ad96,#incident-response,2026-06-12T22:00:00,INFO,AWS-CloudWatch,Routine alert: CPU_Usage is behaving normally.,CPU_Usage
ALRT-bed62265,#ops-monitoring,2026-06-12T23:00:00,INFO,Google-Analytics,Routine alert: Payment_Success_Rate is behaving normally.,Payment_Success_Rate
ALRT-fa09c587,#war-room-checkout,2026-06-12T23:00:00,WARNING,AWS-CloudWatch,Routine alert: AOV is behaving normally.,AOV
ALRT-c58a6f77,#api-health,2026-06-12T23:00:00,INFO,ElasticSearch-APM,Routine alert: Sessions is behaving normally.,Sessions
ALRT-0b823c19,#incident-response,2026-06-13T00:00:00,WARNING,Cloudflare-DNS,Routine alert: Sessions is behaving normally.,Sessions
ALRT-d2d57180,#infra-alerts,2026-06-13T01:00:00,INFO,StatusPage,Routine alert: CPU_Usage is behaving normally.,CPU_Usage
ALRT-62f3008d,#growth-marketing,2026-06-13T02:00:00,WARNING,StatusPage,Routine alert: Conversion_Rate is behaving normally.,Conversion_Rate
ALRT-57afa619,#api-health,2026-06-13T03:00:00,INFO,ElasticSearch-APM,Routine alert: Conversion_Rate is behaving normally.,Conversion_Rate
ALRT-4bd3339e,#war-room-checkout,2026-06-13T04:00:00,WARNING,PagerDuty,Routine alert: Error_Rate is behaving normally.,Error_Rate
ALRT-9ee23ce2,#incident-response,2026-06-13T08:00:00,WARNING,Sentry,Routine alert: Revenue is behaving normally.,Revenue
ALRT-9b8da06f,#db-alerts,2026-06-13T08:00:00,INFO,New-Relic,Routine alert: Conversion_Rate is behaving normally.,Conversion_Rate
ALRT-d5b65686,#infra-alerts,2026-06-13T12:00:00,WARNING,StatusPage,Routine alert: Sessions is behaving normally.,Sessions
ALRT-6d3fa6a1,#platform-stability,2026-06-13T13:00:00,INFO,Datadog-APM,Routine alert: Conversion_Rate is behaving normally.,Conversion_Rate
ALRT-d9a8b3bf,#ops-monitoring,2026-06-13T17:00:00,WARNING,Google-Analytics,Routine alert: Latency is behaving normally.,Latency
ALRT-2c5c2eff,#war-room-checkout,2026-06-13T21:00:00,WARNING,Sentry,Routine alert: Payment_Success_Rate is behaving normally.,Payment_Success_Rate
ALRT-70dd26c2,#incident-response,2026-06-13T22:00:00,INFO,StatusPage,Routine alert: Latency is behaving normally.,Latency
ALRT-e42c5b61,#ops-monitoring,2026-06-13T22:00:00,INFO,Sentry,Routine alert: AOV is behaving normally.,AOV
ALRT-5f47c806,#war-room-checkout,2026-06-14T00:00:00,INFO,AWS-CloudWatch,Routine alert: Sessions is behaving normally.,Sessions
ALRT-75f4e65b,#security-incidents,2026-06-14T01:00:00,WARNING,Google-Analytics,Routine alert: AOV is behaving normally.,AOV
ALRT-9b948a23,#release-pipeline,2026-06-14T02:00:00,INFO,PagerDuty,Routine alert: CPU_Usage is behaving normally.,CPU_Usage
ALRT-75ca1e99,#infra-alerts,2026-06-14T03:00:00,INFO,Sentry,Routine alert: Disk_IO is behaving normally.,Disk_IO
ALRT-0c1837c2,#db-alerts,2026-06-14T04:00:00,INFO,Datadog-APM,Routine alert: Error_Rate is behaving normally.,Error_Rate
ALRT-27d4298d,#db-alerts,2026-06-14T04:00:00,INFO,Grafana-Prometheus,Routine alert: Disk_IO is behaving normally.,Disk_IO
ALRT-defe2d22,#war-room-checkout,2026-06-14T04:00:00,WARNING,Datadog-APM,Routine alert: Error_Rate is behaving normally.,Error_Rate
ALRT-596411b0,#infra-alerts,2026-06-14T05:00:00,INFO,StatusPage,Routine alert: Revenue is behaving normally.,Revenue
ALRT-0ff9e838,#security-incidents,2026-06-14T06:00:00,INFO,Cloudflare-DNS,Routine alert: CPU_Usage is behaving normally.,CPU_Usage
ALRT-2387b83d,#growth-marketing,2026-06-14T08:00:00,INFO,Cloudflare-DNS,Routine alert: Payment_Success_Rate is behaving normally.,Payment_Success_Rate
ALRT-ceb3fea6,#platform-stability,2026-06-14T09:00:00,WARNING,Cloudflare-DNS,Routine alert: Latency is behaving normally.,Latency
ALRT-b8ed2419,#ops-monitoring,2026-06-14T12:00:00,INFO,ElasticSearch-APM,Routine alert: Latency is behaving normally.,Latency
ALRT-13e3e2df,#incident-response,2026-06-14T13:00:00,INFO,AWS-CloudWatch,Routine alert: Disk_IO is behaving normally.,Disk_IO
ALRT-65d2daf1,#db-alerts,2026-06-14T13:00:00,INFO,StatusPage,Routine alert: Error_Rate is behaving normally.,Error_Rate
ALRT-22bc1a03,#platform-stability,2026-06-14T13:00:00,WARNING,Cloudflare-DNS,Routine alert: Disk_IO is behaving normally.,Disk_IO
ALRT-28cc23a5,#security-incidents,2026-06-14T15:00:00,WARNING,Cloudflare-DNS,Routine alert: Sessions is behaving normally.,Sessions
ALRT-9000f837,#infra-alerts,2026-06-14T15:00:00,WARNING,Sentry,Routine alert: Sessions is behaving normally.,Sessions
ALRT-2c6c6c0d,#growth-marketing,2026-06-14T16:00:00,WARNING,Grafana-Prometheus,Routine alert: AOV is behaving normally.,AOV
ALRT-0413fde2,#api-health,2026-06-14T16:00:00,INFO,Google-Analytics,Routine alert: Latency is behaving normally.,Latency
ALRT-e2bf70a9,#api-health,2026-06-14T16:00:00,WARNING,Datadog-APM,Routine alert: Latency is behaving normally.,Latency
ALRT-dd023d13,#incident-response,2026-06-14T17:00:00,INFO,Sentry,Routine alert: Memory_Usage is behaving normally.,Memory_Usage
ALRT-c16a9506,#db-alerts,2026-06-14T18:00:00,INFO,New-Relic,Routine alert: Latency is behaving normally.,Latency
ALRT-3bf52eee,#security-incidents,2026-06-14T18:00:00,INFO,AWS-CloudWatch,Routine alert: AOV is behaving normally.,AOV
ALRT-51095b49,#security-incidents,2026-06-14T18:00:00,INFO,Cloudflare-DNS,Routine alert: CPU_Usage is behaving normally.,CPU_Usage
ALRT-15942516,#war-room-checkout,2026-06-14T21:00:00,INFO,Grafana-Prometheus,Routine alert: AOV is behaving normally.,AOV
ALRT-e2cc27e6,#release-pipeline,2026-06-14T21:00:00,WARNING,Datadog-APM,Routine alert: Disk_IO is behaving normally.,Disk_IO
ALRT-7065af35,#ops-monitoring,2026-06-14T22:00:00,WARNING,StatusPage,Routine alert: Memory_Usage is behaving normally.,Memory_Usage
ALRT-e7cd8955,#war-room-checkout,2026-06-14T23:00:00,WARNING,Google-Analytics,Routine alert: Sessions is behaving normally.,Sessions
ALRT-e1f0a92c,#infra-alerts,2026-06-14T23:00:00,WARNING,New-Relic,Routine alert: Revenue is behaving normally.,Revenue
ALRT-20e34cd2,#api-health,2026-06-14T23:00:00,WARNING,PagerDuty,Routine alert: Revenue is behaving normally.,Revenue
ALRT-e2b3e0f5,#release-pipeline,2026-06-15T01:00:00,WARNING,Grafana-Prometheus,Routine alert: CPU_Usage is behaving normally.,CPU_Usage
ALRT-a4a250d6,#platform-stability,2026-06-15T01:00:00,INFO,AWS-CloudWatch,Routine alert: CPU_Usage is behaving normally.,CPU_Usage
ALRT-8cc02f00,#api-health,2026-06-15T02:00:00,INFO,PagerDuty,Routine alert: Error_Rate is behaving normally.,Error_Rate
ALRT-b7fdf2e4,#security-incidents,2026-06-15T02:00:00,WARNING,AWS-CloudWatch,Routine alert: AOV is behaving normally.,AOV
ALRT-729e0812,#ops-monitoring,2026-06-15T02:00:00,WARNING,Google-Analytics,Routine alert: Sessions is behaving normally.,Sessions
ALRT-42f8bbed,#security-incidents,2026-06-15T02:00:00,WARNING,ElasticSearch-APM,Routine alert: Latency is behaving normally.,Latency
ALRT-8ee00473,#growth-marketing,2026-06-15T03:00:00,INFO,Cloudflare-DNS,Routine alert: AOV is behaving normally.,AOV
ALRT-79b1c6f2,#ops-monitoring,2026-06-15T04:00:00,INFO,StatusPage,Routine alert: Sessions is behaving normally.,Sessions
ALRT-3b75cd3f,#security-incidents,2026-06-15T05:00:00,WARNING,New-Relic,Routine alert: CPU_Usage is behaving normally.,CPU_Usage
ALRT-0522fe08,#war-room-checkout,2026-06-15T05:00:00,INFO,New-Relic,Routine alert: Error_Rate is behaving normally.,Error_Rate
ALRT-79250f78,#ops-monitoring,2026-06-15T06:00:00,WARNING,Datadog-APM,Routine alert: Payment_Success_Rate is behaving normally.,Payment_Success_Rate
ALRT-9d5b441d,#incident-response,2026-06-15T07:00:00,WARNING,PagerDuty,Routine alert: Conversion_Rate is behaving normally.,Conversion_Rate
ALRT-e76e3c63,#growth-marketing,2026-06-15T07:00:00,INFO,New-Relic,Routine alert: Revenue is behaving normally.,Revenue
ALRT-59f83f80,#security-incidents,2026-06-15T08:00:00,INFO,ElasticSearch-APM,Routine alert: Memory_Usage is behaving normally.,Memory_Usage
ALRT-677e9beb,#ops-monitoring,2026-06-15T08:00:00,INFO,Google-Analytics,Routine alert: AOV is behaving normally.,AOV
ALRT-f90be1c9,#release-pipeline,2026-06-15T09:00:00,INFO,Google-Analytics,Routine alert: Latency is behaving normally.,Latency
ALRT-1c7c8a3d,#release-pipeline,2026-06-15T09:00:00,INFO,Grafana-Prometheus,Routine alert: AOV is behaving normally.,AOV
ALRT-b7974d2b,#api-health,2026-06-15T09:00:00,INFO,AWS-CloudWatch,Routine alert: Disk_IO is behaving normally.,Disk_IO
ALRT-4d46e425,#security-incidents,2026-06-15T09:00:00,WARNING,Google-Analytics,Routine alert: Conversion_Rate is behaving normally.,Conversion_Rate
ALRT-116eac58,#incident-response,2026-06-15T10:00:00,WARNING,Datadog-APM,Routine alert: Sessions is behaving normally.,Sessions
ALRT-862f7d9d,#security-incidents,2026-06-15T11:00:00,WARNING,Cloudflare-DNS,Routine alert: Sessions is behaving normally.,Sessions
ALRT-26f3bf7a,#release-pipeline,2026-06-15T11:00:00,INFO,Cloudflare-DNS,Routine alert: AOV is behaving normally.,AOV
ALRT-b39bd930,#incident-response,2026-06-15T12:00:00,WARNING,ElasticSearch-APM,Routine alert: Memory_Usage is behaving normally.,Memory_Usage
ALRT-f2d116b0,#incident-response,2026-06-15T13:00:00,INFO,Grafana-Prometheus,Routine alert: Memory_Usage is behaving normally.,Memory_Usage
ALRT-622a6b0b,#growth-marketing,2026-06-15T13:00:00,INFO,StatusPage,Routine alert: Disk_IO is behaving normally.,Disk_IO
ALRT-57b7a6ec,#growth-marketing,2026-06-15T13:00:00,WARNING,Sentry,Routine alert: CPU_Usage is behaving normally.,CPU_Usage
ALRT-f1001d28,#incident-response,2026-06-15T15:00:00,WARNING,Google-Analytics,Routine alert: Revenue is behaving normally.,Revenue
ALRT-744e8842,#platform-stability,2026-06-15T16:00:00,INFO,Datadog-APM,Routine alert: Sessions is behaving normally.,Sessions
ALRT-47f82b5e,#release-pipeline,2026-06-15T16:00:00,WARNING,StatusPage,Routine alert: Disk_IO is behaving normally.,Disk_IO
ALRT-55820a4a,#ops-monitoring,2026-06-15T18:00:00,INFO,AWS-CloudWatch,Routine alert: Sessions is behaving normally.,Sessions
ALRT-6a78ab69,#war-room-checkout,2026-06-15T18:00:00,INFO,ElasticSearch-APM,Routine alert: CPU_Usage is behaving normally.,CPU_Usage
ALRT-ca878257,#war-room-checkout,2026-06-15T18:00:00,WARNING,Sentry,Routine alert: Conversion_Rate is behaving normally.,Conversion_Rate
ALRT-9313c1f3,#platform-stability,2026-06-15T19:00:00,WARNING,PagerDuty,Routine alert: Sessions is behaving normally.,Sessions
ALRT-84a24827,#release-pipeline,2026-06-15T19:00:00,INFO,PagerDuty,Routine alert: Disk_IO is behaving normally.,Disk_IO
ALRT-37f2cc48,#api-health,2026-06-15T22:00:00,WARNING,PagerDuty,Routine alert: AOV is behaving normally.,AOV
ALRT-a794a23c,#war-room-checkout,2026-06-15T23:00:00,INFO,Grafana-Prometheus,Routine alert: Latency is behaving normally.,Latency
ALRT-5836c601,#incident-response,2026-06-15T23:00:00,INFO,Sentry,Routine alert: Disk_IO is behaving normally.,Disk_IO
ALRT-f251b266,#infra-alerts,2026-06-16T01:00:00,INFO,PagerDuty,Routine alert: Revenue is behaving normally.,Revenue
ALRT-0d2db9a8,#ops-monitoring,2026-06-16T03:00:00,INFO,Datadog-APM,Routine alert: Latency is behaving normally.,Latency
ALRT-f1354711,#growth-marketing,2026-06-16T04:00:00,WARNING,Sentry,Routine alert: Revenue is behaving normally.,Revenue
ALRT-41bf22e3,#infra-alerts,2026-06-16T06:00:00,INFO,Sentry,Routine alert: Error_Rate is behaving normally.,Error_Rate
ALRT-13f0375c,#infra-alerts,2026-06-16T07:00:00,WARNING,PagerDuty,Routine alert: Revenue is behaving normally.,Revenue
ALRT-7e246377,#war-room-checkout,2026-06-16T07:00:00,WARNING,StatusPage,Routine alert: Conversion_Rate is behaving normally.,Conversion_Rate
ALRT-5ac817ef,#incident-response,2026-06-16T08:00:00,INFO,Grafana-Prometheus,Routine alert: Sessions is behaving normally.,Sessions
ALRT-f4356a51,#db-alerts,2026-06-16T10:00:00,INFO,AWS-CloudWatch,Routine alert: Disk_IO is behaving normally.,Disk_IO
ALRT-dabafac4,#growth-marketing,2026-06-16T10:00:00,INFO,Datadog-APM,Routine alert: Payment_Success_Rate is behaving normally.,Payment_Success_Rate
ALRT-8fb3182e,#war-room-checkout,2026-06-16T14:00:00,WARNING,Google-Analytics,Routine alert: Memory_Usage is behaving normally.,Memory_Usage
ALRT-c2c9675c,#war-room-checkout,2026-06-16T14:00:00,INFO,Sentry,Routine alert: Error_Rate is behaving normally.,Error_Rate
ALRT-25679bbc,#security-incidents,2026-06-16T15:00:00,WARNING,Cloudflare-DNS,Routine alert: Latency is behaving normally.,Latency
ALRT-b38346b3,#release-pipeline,2026-06-16T16:00:00,WARNING,New-Relic,Routine alert: Payment_Success_Rate is behaving normally.,Payment_Success_Rate
ALRT-143b844d,#war-room-checkout,2026-06-16T20:00:00,INFO,New-Relic,Routine alert: AOV is behaving normally.,AOV
ALRT-2aa5896a,#ops-monitoring,2026-06-16T22:00:00,WARNING,StatusPage,Routine alert: CPU_Usage is behaving normally.,CPU_Usage
ALRT-7c861ee5,#infra-alerts,2026-06-17T04:00:00,WARNING,PagerDuty,Routine alert: Sessions is behaving normally.,Sessions
ALRT-21b2b6cf,#war-room-checkout,2026-06-17T06:00:00,WARNING,Sentry,Routine alert: Sessions is behaving normally.,Sessions
ALRT-dfc56304,#war-room-checkout,2026-06-17T06:00:00,WARNING,PagerDuty,Routine alert: CPU_Usage is behaving normally.,CPU_Usage
ALRT-d06ce739,#growth-marketing,2026-06-17T06:00:00,INFO,Cloudflare-DNS,Routine alert: Sessions is behaving normally.,Sessions
ALRT-2c7225e3,#incident-response,2026-06-17T07:00:00,WARNING,StatusPage,Routine alert: AOV is behaving normally.,AOV
ALRT-d47ae72c,#war-room-checkout,2026-06-17T08:00:00,WARNING,Grafana-Prometheus,Routine alert: Latency is behaving normally.,Latency
ALRT-377ca7f2,#ops-monitoring,2026-06-17T10:00:00,INFO,Sentry,Routine alert: AOV is behaving normally.,AOV
ALRT-73cac7e8,#ops-monitoring,2026-06-17T10:00:00,INFO,Grafana-Prometheus,Routine alert: Conversion_Rate is behaving normally.,Conversion_Rate
ALRT-5c87f689,#infra-alerts,2026-06-17T11:00:00,INFO,New-Relic,Routine alert: Error_Rate is behaving normally.,Error_Rate
ALRT-ea172022,#db-alerts,2026-06-17T12:00:00,WARNING,PagerDuty,Routine alert: Memory_Usage is behaving normally.,Memory_Usage
ALRT-a16148a1,#incident-response,2026-06-17T12:00:00,WARNING,Cloudflare-DNS,Routine alert: Disk_IO is behaving normally.,Disk_IO
ALRT-d9c21057,#incident-response,2026-06-17T13:00:00,WARNING,Datadog-APM,Routine alert: Conversion_Rate is behaving normally.,Conversion_Rate
ALRT-a6065a9b,#war-room-checkout,2026-06-17T17:00:00,INFO,PagerDuty,Routine alert: Latency is behaving normally.,Latency
ALRT-57a6d084,#war-room-checkout,2026-06-17T18:00:00,WARNING,Datadog-APM,Routine alert: Revenue is behaving normally.,Revenue
ALRT-3dbe9ab1,#growth-marketing,2026-06-17T23:00:00,INFO,Sentry,Routine alert: AOV is behaving normally.,AOV
ALRT-1b7907a6,#growth-marketing,2026-06-18T00:00:00,INFO,Sentry,Routine alert: Conversion_Rate is behaving normally.,Conversion_Rate
ALRT-6ef5aad0,#platform-stability,2026-06-18T02:00:00,WARNING,Grafana-Prometheus,Routine alert: CPU_Usage is behaving normally.,CPU_Usage
ALRT-a5bdc505,#db-alerts,2026-06-18T04:00:00,INFO,Grafana-Prometheus,Routine alert: Memory_Usage is behaving normally.,Memory_Usage
ALRT-fd381722,#release-pipeline,2026-06-18T05:00:00,WARNING,Google-Analytics,Routine alert: Disk_IO is behaving normally.,Disk_IO
ALRT-4d977d5f,#war-room-checkout,2026-06-18T06:00:00,INFO,Google-Analytics,Routine alert: Sessions is behaving normally.,Sessions
ALRT-f2b90c5b,#db-alerts,2026-06-18T06:00:00,INFO,New-Relic,Routine alert: Revenue is behaving normally.,Revenue
ALRT-a624c225,#security-incidents,2026-06-18T08:00:00,INFO,Cloudflare-DNS,Routine alert: Error_Rate is behaving normally.,Error_Rate
ALRT-58d0c6f9,#war-room-checkout,2026-06-18T09:00:00,WARNING,PagerDuty,Routine alert: Revenue is behaving normally.,Revenue
ALRT-f30f28b5,#security-incidents,2026-06-18T10:00:00,WARNING,ElasticSearch-APM,Routine alert: Revenue is behaving normally.,Revenue
ALRT-e11c9ee2,#growth-marketing,2026-06-18T10:00:00,WARNING,ElasticSearch-APM,Routine alert: Error_Rate is behaving normally.,Error_Rate
ALRT-ac8aa604,#incident-response,2026-06-18T11:00:00,INFO,Datadog-APM,Routine alert: Disk_IO is behaving normally.,Disk_IO
ALRT-f762fe97,#security-incidents,2026-06-18T11:00:00,INFO,New-Relic,Routine alert: Payment_Success_Rate is behaving normally.,Payment_Success_Rate
ALRT-836116e1,#war-room-checkout,2026-06-18T11:00:00,INFO,AWS-CloudWatch,Routine alert: Payment_Success_Rate is behaving normally.,Payment_Success_Rate
ALRT-31cd87c2,#db-alerts,2026-06-18T14:00:00,INFO,Datadog-APM,Routine alert: Revenue is behaving normally.,Revenue
ALRT-b7a8af8d,#ops-monitoring,2026-06-18T15:00:00,WARNING,New-Relic,Routine alert: Conversion_Rate is behaving normally.,Conversion_Rate
ALRT-76070eb7,#api-health,2026-06-18T15:00:00,INFO,Grafana-Prometheus,Routine alert: Payment_Success_Rate is behaving normally.,Payment_Success_Rate
ALRT-71408166,#infra-alerts,2026-06-18T16:00:00,INFO,Datadog-APM,Routine alert: Latency is behaving normally.,Latency
ALRT-df3daefc,#war-room-checkout,2026-06-18T16:00:00,WARNING,Google-Analytics,Routine alert: Latency is behaving normally.,Latency
ALRT-d11ef00a,#api-health,2026-06-18T18:00:00,INFO,Sentry,Routine alert: Disk_IO is behaving normally.,Disk_IO
ALRT-9009f20c,#db-alerts,2026-06-18T18:00:00,WARNING,PagerDuty,Routine alert: Error_Rate is behaving normally.,Error_Rate
ALRT-eadd33bf,#ops-monitoring,2026-06-18T19:00:00,WARNING,New-Relic,Routine alert: Revenue is behaving normally.,Revenue
ALRT-c999f57f,#ops-monitoring,2026-06-18T20:00:00,INFO,StatusPage,Routine alert: AOV is behaving normally.,AOV
ALRT-ead5fec4,#infra-alerts,2026-06-18T21:00:00,INFO,New-Relic,Routine alert: Latency is behaving normally.,Latency
ALRT-40b1e4be,#db-alerts,2026-06-18T22:00:00,INFO,Datadog-APM,Routine alert: Conversion_Rate is behaving normally.,Conversion_Rate
ALRT-e00b8e10,#db-alerts,2026-06-18T22:00:00,INFO,ElasticSearch-APM,Routine alert: Payment_Success_Rate is behaving normally.,Payment_Success_Rate
ALRT-8d73ae52,#platform-stability,2026-06-18T23:00:00,INFO,New-Relic,Routine alert: Error_Rate is behaving normally.,Error_Rate
ALRT-f61a7c57,#api-health,2026-06-18T23:00:00,WARNING,Cloudflare-DNS,Routine alert: Disk_IO is behaving normally.,Disk_IO
ALRT-5cee3170,#incident-response,2026-06-19T00:00:00,WARNING,New-Relic,Routine alert: Latency is behaving normally.,Latency
ALRT-80e8debe,#platform-stability,2026-06-19T01:00:00,WARNING,StatusPage,Routine alert: Sessions is behaving normally.,Sessions
ALRT-24c3ff4c,#incident-response,2026-06-19T06:00:00,INFO,PagerDuty,Routine alert: Error_Rate is behaving normally.,Error_Rate
ALRT-95c59776,#ops-monitoring,2026-06-19T08:00:00,INFO,AWS-CloudWatch,Routine alert: Sessions is behaving normally.,Sessions
ALRT-ea848aec,#growth-marketing,2026-06-19T09:00:00,WARNING,AWS-CloudWatch,Routine alert: Error_Rate is behaving normally.,Error_Rate
ALRT-17ae626a,#growth-marketing,2026-06-19T17:00:00,INFO,Sentry,Routine alert: AOV is behaving normally.,AOV
ALRT-c9438645,#ops-monitoring,2026-06-19T20:00:00,INFO,AWS-CloudWatch,Routine alert: Memory_Usage is behaving normally.,Memory_Usage
ALRT-2e6b33e5,#war-room-checkout,2026-06-19T22:00:00,WARNING,Datadog-APM,Routine alert: CPU_Usage is behaving normally.,CPU_Usage
ALRT-39f28946,#incident-response,2026-06-19T22:00:00,INFO,Cloudflare-DNS,Routine alert: Conversion_Rate is behaving normally.,Conversion_Rate
ALRT-55ca1293,#growth-marketing,2026-06-20T03:00:00,WARNING,Google-Analytics,Routine alert: Latency is behaving normally.,Latency
ALRT-798575dc,#war-room-checkout,2026-06-20T04:00:00,WARNING,StatusPage,Routine alert: CPU_Usage is behaving normally.,CPU_Usage
ALRT-1e3dbea3,#platform-stability,2026-06-20T05:00:00,INFO,Datadog-APM,Routine alert: Error_Rate is behaving normally.,Error_Rate
ALRT-2548d586,#platform-stability,2026-06-20T10:00:00,WARNING,Sentry,Routine alert: Conversion_Rate is behaving normally.,Conversion_Rate
ALRT-6465aa47,#incident-response,2026-06-20T11:00:00,WARNING,StatusPage,Routine alert: Error_Rate is behaving normally.,Error_Rate
ALRT-362c4992,#api-health,2026-06-20T12:00:00,WARNING,Grafana-Prometheus,Routine alert: CPU_Usage is behaving normally.,CPU_Usage
ALRT-56a03d59,#incident-response,2026-06-20T18:00:00,INFO,StatusPage,Routine alert: Memory_Usage is behaving normally.,Memory_Usage
ALRT-3272a559,#security-incidents,2026-06-20T19:00:00,WARNING,Google-Analytics,Routine alert: Payment_Success_Rate is behaving normally.,Payment_Success_Rate
ALRT-8680bd56,#release-pipeline,2026-06-20T22:00:00,WARNING,Grafana-Prometheus,Routine alert: Latency is behaving normally.,Latency
ALRT-6f4b6476,#security-incidents,2026-06-20T23:00:00,WARNING,Google-Analytics,Routine alert: Memory_Usage is behaving normally.,Memory_Usage
ALRT-1911d3f2,#war-room-checkout,2026-06-21T01:00:00,INFO,AWS-CloudWatch,Routine alert: CPU_Usage is behaving normally.,CPU_Usage
ALRT-0c39a2a3,#war-room-checkout,2026-06-21T01:00:00,WARNING,Sentry,Routine alert: Payment_Success_Rate is behaving normally.,Payment_Success_Rate
ALRT-d3b07a79,#growth-marketing,2026-06-21T02:00:00,INFO,StatusPage,Routine alert: Disk_IO is behaving normally.,Disk_IO
ALRT-55544bad,#api-health,2026-06-21T02:00:00,INFO,StatusPage,Routine alert: AOV is behaving normally.,AOV
ALRT-8864dee2,#ops-monitoring,2026-06-21T02:00:00,WARNING,New-Relic,Routine alert: Memory_Usage is behaving normally.,Memory_Usage
ALRT-a6a1ff19,#incident-response,2026-06-21T04:00:00,INFO,Sentry,Routine alert: Latency is behaving normally.,Latency
ALRT-0d334641,#incident-response,2026-06-21T04:00:00,INFO,StatusPage,Routine alert: Disk_IO is behaving normally.,Disk_IO
ALRT-9ef097f2,#incident-response,2026-06-21T06:00:00,INFO,AWS-CloudWatch,Routine alert: Error_Rate is behaving normally.,Error_Rate
ALRT-6f700134,#ops-monitoring,2026-06-21T08:00:00,INFO,Google-Analytics,Routine alert: Error_Rate is behaving normally.,Error_Rate
ALRT-21c13a9c,#ops-monitoring,2026-06-21T09:00:00,INFO,PagerDuty,Routine alert: Sessions is behaving normally.,Sessions
ALRT-e7f9a065,#db-alerts,2026-06-21T11:00:00,WARNING,StatusPage,Routine alert: Payment_Success_Rate is behaving normally.,Payment_Success_Rate
ALRT-64da602c,#growth-marketing,2026-06-21T13:00:00,INFO,Cloudflare-DNS,Routine alert: Latency is behaving normally.,Latency
ALRT-0d470194,#infra-alerts,2026-06-21T14:00:00,WARNING,Grafana-Prometheus,Routine alert: Latency is behaving normally.,Latency
ALRT-085a2a31,#api-health,2026-06-21T15:00:00,INFO,Google-Analytics,Routine alert: Conversion_Rate is behaving normally.,Conversion_Rate
ALRT-9be2f31a,#platform-stability,2026-06-21T16:00:00,INFO,Grafana-Prometheus,Routine alert: Payment_Success_Rate is behaving normally.,Payment_Success_Rate
ALRT-7037f4bf,#release-pipeline,2026-06-21T18:00:00,INFO,Datadog-APM,Routine alert: Error_Rate is behaving normally.,Error_Rate
ALRT-70a2b408,#api-health,2026-06-21T21:00:00,INFO,New-Relic,Routine alert: Payment_Success_Rate is behaving normally.,Payment_Success_Rate
ALRT-a8c87d5e,#security-incidents,2026-06-21T21:00:00,INFO,AWS-CloudWatch,Routine alert: Latency is behaving normally.,Latency
ALRT-e95b884d,#ops-monitoring,2026-06-21T21:00:00,INFO,Datadog-APM,Routine alert: Revenue is behaving normally.,Revenue
ALRT-9166b7da,#incident-response,2026-06-21T22:00:00,INFO,StatusPage,Routine alert: CPU_Usage is behaving normally.,CPU_Usage
ALRT-2fe51bcb,#security-incidents,2026-06-21T22:00:00,INFO,Grafana-Prometheus,Routine alert: Payment_Success_Rate is behaving normally.,Payment_Success_Rate
ALRT-0a4fb035,#incident-response,2026-06-21T23:00:00,INFO,PagerDuty,Routine alert: AOV is behaving normally.,AOV
ALRT-35809c04,#db-alerts,2026-06-21T23:00:00,INFO,Grafana-Prometheus,Routine alert: Latency is behaving normally.,Latency
ALRT-e49b9294,#api-health,2026-06-22T02:00:00,WARNING,AWS-CloudWatch,Routine alert: Conversion_Rate is behaving normally.,Conversion_Rate
ALRT-d6d17838,#db-alerts,2026-06-22T03:00:00,INFO,AWS-CloudWatch,Routine alert: Conversion_Rate is behaving normally.,Conversion_Rate
ALRT-13a254c7,#db-alerts,2026-06-22T04:00:00,INFO,Google-Analytics,Routine alert: CPU_Usage is behaving normally.,CPU_Usage
ALRT-8848a28b,#db-alerts,2026-06-22T05:00:00,WARNING,AWS-CloudWatch,Routine alert: Disk_IO is behaving normally.,Disk_IO
ALRT-6ceaf20b,#platform-stability,2026-06-22T06:00:00,INFO,Cloudflare-DNS,Routine alert: Memory_Usage is behaving normally.,Memory_Usage
ALRT-3bdd7f4b,#api-health,2026-06-22T12:00:00,WARNING,StatusPage,Routine alert: Conversion_Rate is behaving normally.,Conversion_Rate
ALRT-9d88c25f,#api-health,2026-06-22T15:00:00,WARNING,Sentry,Routine alert: Payment_Success_Rate is behaving normally.,Payment_Success_Rate
ALRT-87737d63,#db-alerts,2026-06-22T16:00:00,INFO,Cloudflare-DNS,Routine alert: Sessions is behaving normally.,Sessions
ALRT-f27c985f,#infra-alerts,2026-06-22T16:00:00,WARNING,New-Relic,Routine alert: Error_Rate is behaving normally.,Error_Rate
ALRT-b0c7d435,#platform-stability,2026-06-22T16:00:00,INFO,ElasticSearch-APM,Routine alert: Conversion_Rate is behaving normally.,Conversion_Rate
ALRT-f983aeb4,#growth-marketing,2026-06-22T17:00:00,INFO,Google-Analytics,Routine alert: Latency is behaving normally.,Latency
ALRT-f2d1ba49,#api-health,2026-06-22T21:00:00,INFO,Google-Analytics,Routine alert: Revenue is behaving normally.,Revenue
ALRT-cca4d441,#api-health,2026-06-22T23:00:00,INFO,Datadog-APM,Routine alert: Latency is behaving normally.,Latency
ALRT-6872343a,#api-health,2026-06-23T02:00:00,INFO,Grafana-Prometheus,Routine alert: AOV is behaving normally.,AOV
ALRT-f15de75c,#incident-response,2026-06-23T07:00:00,INFO,Datadog-APM,Routine alert: Payment_Success_Rate is behaving normally.,Payment_Success_Rate
ALRT-7ccf3704,#api-health,2026-06-23T08:00:00,WARNING,Sentry,Routine alert: Disk_IO is behaving normally.,Disk_IO
ALRT-87e0d0e2,#ops-monitoring,2026-06-23T09:00:00,WARNING,StatusPage,Routine alert: Disk_IO is behaving normally.,Disk_IO
ALRT-09c9edb9,#war-room-checkout,2026-06-23T10:00:00,INFO,New-Relic,Routine alert: Latency is behaving normally.,Latency
ALRT-5c70d124,#release-pipeline,2026-06-23T12:00:00,WARNING,New-Relic,Routine alert: Disk_IO is behaving normally.,Disk_IO
ALRT-381f296d,#infra-alerts,2026-06-23T16:00:00,WARNING,Grafana-Prometheus,Routine alert: Payment_Success_Rate is behaving normally.,Payment_Success_Rate
ALRT-845b1258,#platform-stability,2026-06-23T16:00:00,WARNING,ElasticSearch-APM,Routine alert: Error_Rate is behaving normally.,Error_Rate
ALRT-efda8737,#platform-stability,2026-06-23T18:00:00,INFO,Google-Analytics,Routine alert: Payment_Success_Rate is behaving normally.,Payment_Success_Rate
ALRT-db41ad9d,#infra-alerts,2026-06-23T19:00:00,WARNING,Google-Analytics,Routine alert: Conversion_Rate is behaving normally.,Conversion_Rate
ALRT-8906d947,#war-room-checkout,2026-06-23T23:00:00,INFO,New-Relic,Routine alert: Revenue is behaving normally.,Revenue
ALRT-a805cef1,#infra-alerts,2026-06-23T23:00:00,WARNING,PagerDuty,Routine alert: Sessions is behaving normally.,Sessions
ALRT-ad4bdf12,#release-pipeline,2026-06-24T00:00:00,INFO,Cloudflare-DNS,Routine alert: Latency is behaving normally.,Latency
ALRT-3d34e683,#platform-stability,2026-06-24T01:00:00,WARNING,ElasticSearch-APM,Routine alert: Error_Rate is behaving normally.,Error_Rate
ALRT-a712027e,#infra-alerts,2026-06-24T02:00:00,WARNING,ElasticSearch-APM,Routine alert: Error_Rate is behaving normally.,Error_Rate
ALRT-e6e69040,#db-alerts,2026-06-24T03:00:00,WARNING,AWS-CloudWatch,Routine alert: AOV is behaving normally.,AOV
ALRT-88308939,#release-pipeline,2026-06-24T03:00:00,INFO,StatusPage,Routine alert: Conversion_Rate is behaving normally.,Conversion_Rate
ALRT-8f5b8e68,#api-health,2026-06-24T04:00:00,WARNING,PagerDuty,Routine alert: AOV is behaving normally.,AOV
ALRT-99ef72ec,#incident-response,2026-06-24T05:00:00,INFO,AWS-CloudWatch,Routine alert: Revenue is behaving normally.,Revenue
ALRT-06665637,#db-alerts,2026-06-24T07:00:00,INFO,Sentry,Routine alert: Sessions is behaving normally.,Sessions
ALRT-e2b0ccc2,#security-incidents,2026-06-24T07:00:00,WARNING,Sentry,Routine alert: Sessions is behaving normally.,Sessions
ALRT-2605de3b,#incident-response,2026-06-24T10:00:00,WARNING,ElasticSearch-APM,Routine alert: Latency is behaving normally.,Latency
ALRT-d4a003cd,#release-pipeline,2026-06-24T10:00:00,WARNING,Grafana-Prometheus,Routine alert: Disk_IO is behaving normally.,Disk_IO
ALRT-659820c0,#api-health,2026-06-24T10:00:00,INFO,Datadog-APM,Routine alert: AOV is behaving normally.,AOV
ALRT-f0f3ac9e,#war-room-checkout,2026-06-24T11:00:00,INFO,PagerDuty,Routine alert: Conversion_Rate is behaving normally.,Conversion_Rate
ALRT-588bb3d5,#growth-marketing,2026-06-24T14:00:00,WARNING,New-Relic,Routine alert: Error_Rate is behaving normally.,Error_Rate
ALRT-83c17133,#incident-response,2026-06-24T14:00:00,WARNING,Cloudflare-DNS,Routine alert: Conversion_Rate is behaving normally.,Conversion_Rate
ALRT-c02d2643,#incident-response,2026-06-24T15:00:00,INFO,Sentry,Routine alert: Revenue is behaving normally.,Revenue
ALRT-0420fdd5,#ops-monitoring,2026-06-24T16:00:00,INFO,Cloudflare-DNS,Routine alert: Sessions is behaving normally.,Sessions
ALRT-314b5b3e,#war-room-checkout,2026-06-24T17:00:00,INFO,Sentry,Routine alert: Memory_Usage is behaving normally.,Memory_Usage
ALRT-2e2ac9c3,#infra-alerts,2026-06-24T20:00:00,WARNING,Google-Analytics,Routine alert: Error_Rate is behaving normally.,Error_Rate
ALRT-5d664f74,#release-pipeline,2026-06-24T20:00:00,WARNING,Sentry,Routine alert: CPU_Usage is behaving normally.,CPU_Usage
ALRT-4a4dab38,#api-health,2026-06-24T22:00:00,INFO,Datadog-APM,Routine alert: Error_Rate is behaving normally.,Error_Rate
ALRT-8183f315,#incident-response,2026-06-24T23:00:00,INFO,PagerDuty,Routine alert: Conversion_Rate is behaving normally.,Conversion_Rate
ALRT-506fdbb5,#security-incidents,2026-06-25T00:00:00,INFO,Cloudflare-DNS,Routine alert: Disk_IO is behaving normally.,Disk_IO
ALRT-f2fa0357,#infra-alerts,2026-06-25T01:00:00,INFO,PagerDuty,Routine alert: CPU_Usage is behaving normally.,CPU_Usage
ALRT-7daf1c14,#infra-alerts,2026-06-25T02:00:00,INFO,Grafana-Prometheus,Routine alert: Memory_Usage is behaving normally.,Memory_Usage
ALRT-80c768ea,#release-pipeline,2026-06-25T03:00:00,INFO,Google-Analytics,Routine alert: Conversion_Rate is behaving normally.,Conversion_Rate
ALRT-b0440880,#security-incidents,2026-06-25T05:00:00,INFO,PagerDuty,Routine alert: Sessions is behaving normally.,Sessions
ALRT-03966c91,#release-pipeline,2026-06-25T08:00:00,WARNING,AWS-CloudWatch,Routine alert: Memory_Usage is behaving normally.,Memory_Usage
ALRT-a130b728,#incident-response,2026-06-25T09:00:00,INFO,Google-Analytics,Routine alert: Payment_Success_Rate is behaving normally.,Payment_Success_Rate
ALRT-bd2079db,#security-incidents,2026-06-25T10:00:00,WARNING,Datadog-APM,Routine alert: Latency is behaving normally.,Latency
ALRT-7fbda62b,#incident-response,2026-06-25T12:00:00,WARNING,Sentry,Routine alert: Conversion_Rate is behaving normally.,Conversion_Rate
ALRT-e770136f,#war-room-checkout,2026-06-25T12:00:00,INFO,PagerDuty,Routine alert: Disk_IO is behaving normally.,Disk_IO
ALRT-8ad1c661,#ops-monitoring,2026-06-25T12:00:00,INFO,New-Relic,Routine alert: CPU_Usage is behaving normally.,CPU_Usage
ALRT-8059e338,#incident-response,2026-06-25T14:00:00,INFO,AWS-CloudWatch,Routine alert: Revenue is behaving normally.,Revenue
ALRT-e36aea9d,#api-health,2026-06-25T15:00:00,INFO,Grafana-Prometheus,Routine alert: Error_Rate is behaving normally.,Error_Rate
ALRT-e1ebdf81,#infra-alerts,2026-06-25T15:00:00,INFO,New-Relic,Routine alert: Latency is behaving normally.,Latency
ALRT-1a527dfd,#platform-stability,2026-06-25T15:00:00,INFO,Grafana-Prometheus,Routine alert: Memory_Usage is behaving normally.,Memory_Usage
ALRT-cf1f2fbf,#ops-monitoring,2026-06-25T15:00:00,WARNING,StatusPage,Routine alert: CPU_Usage is behaving normally.,CPU_Usage
ALRT-2b97fe29,#incident-response,2026-06-25T15:00:00,INFO,ElasticSearch-APM,Routine alert: Conversion_Rate is behaving normally.,Conversion_Rate
ALRT-a411abaf,#release-pipeline,2026-06-25T17:00:00,WARNING,ElasticSearch-APM,Routine alert: Revenue is behaving normally.,Revenue
ALRT-e6997876,#security-incidents,2026-06-25T18:00:00,INFO,PagerDuty,Routine alert: Payment_Success_Rate is behaving normally.,Payment_Success_Rate
ALRT-0f564965,#incident-response,2026-06-25T19:00:00,INFO,PagerDuty,Routine alert: AOV is behaving normally.,AOV
ALRT-7a78f661,#platform-stability,2026-06-25T20:00:00,WARNING,PagerDuty,Routine alert: Sessions is behaving normally.,Sessions
ALRT-2a20afb6,#infra-alerts,2026-06-25T20:00:00,WARNING,Datadog-APM,Routine alert: Memory_Usage is behaving normally.,Memory_Usage
ALRT-73ecff85,#db-alerts,2026-06-25T22:00:00,WARNING,ElasticSearch-APM,Routine alert: Disk_IO is behaving normally.,Disk_IO
ALRT-bc408a10,#ops-monitoring,2026-06-25T23:00:00,INFO,ElasticSearch-APM,Routine alert: Sessions is behaving normally.,Sessions
ALRT-3c90d1a3,#security-incidents,2026-06-25T23:00:00,INFO,AWS-CloudWatch,Routine alert: Sessions is behaving normally.,Sessions
ALRT-9b652538,#war-room-checkout,2026-06-26T00:00:00,WARNING,StatusPage,Routine alert: Latency is behaving normally.,Latency
ALRT-411ecdee,#release-pipeline,2026-06-26T00:00:00,WARNING,Datadog-APM,Routine alert: Error_Rate is behaving normally.,Error_Rate
ALRT-06b6b0b5,#release-pipeline,2026-06-26T01:00:00,INFO,Grafana-Prometheus,Routine alert: Latency is behaving normally.,Latency
ALRT-93235a8d,#release-pipeline,2026-06-26T02:00:00,WARNING,PagerDuty,Routine alert: Latency is behaving normally.,Latency
ALRT-fb8da28c,#infra-alerts,2026-06-26T02:00:00,WARNING,Google-Analytics,Routine alert: Disk_IO is behaving normally.,Disk_IO
ALRT-2049c8a2,#release-pipeline,2026-06-26T02:00:00,WARNING,Sentry,Routine alert: Error_Rate is behaving normally.,Error_Rate
ALRT-784c380b,#platform-stability,2026-06-26T05:00:00,INFO,ElasticSearch-APM,Routine alert: Latency is behaving normally.,Latency
ALRT-c3471c71,#platform-stability,2026-06-26T08:00:00,INFO,New-Relic,Routine alert: Disk_IO is behaving normally.,Disk_IO
ALRT-474e9ae9,#infra-alerts,2026-06-26T09:00:00,WARNING,Grafana-Prometheus,Routine alert: Conversion_Rate is behaving normally.,Conversion_Rate
ALRT-deefb243,#incident-response,2026-06-26T09:00:00,INFO,StatusPage,Routine alert: Conversion_Rate is behaving normally.,Conversion_Rate
ALRT-792e2b32,#war-room-checkout,2026-06-26T11:00:00,WARNING,New-Relic,Routine alert: Memory_Usage is behaving normally.,Memory_Usage
ALRT-34500e28,#growth-marketing,2026-06-26T12:00:00,WARNING,PagerDuty,Routine alert: Payment_Success_Rate is behaving normally.,Payment_Success_Rate
ALRT-d1fc7e49,#ops-monitoring,2026-06-26T13:00:00,WARNING,StatusPage,Routine alert: Revenue is behaving normally.,Revenue
ALRT-bb9d6a6f,#ops-monitoring,2026-06-26T15:00:00,WARNING,Cloudflare-DNS,Routine alert: Memory_Usage is behaving normally.,Memory_Usage
ALRT-5d171c6a,#security-incidents,2026-06-26T17:00:00,WARNING,Google-Analytics,Routine alert: Sessions is behaving normally.,Sessions
ALRT-7828f027,#growth-marketing,2026-06-26T22:00:00,INFO,New-Relic,Routine alert: AOV is behaving normally.,AOV
ALRT-99c8a14d,#security-incidents,2026-06-27T00:00:00,INFO,Cloudflare-DNS,Routine alert: Conversion_Rate is behaving normally.,Conversion_Rate
ALRT-8b07be34,#incident-response,2026-06-27T01:00:00,WARNING,StatusPage,Routine alert: Sessions is behaving normally.,Sessions
ALRT-a5c26de8,#db-alerts,2026-06-27T01:00:00,WARNING,AWS-CloudWatch,Routine alert: Revenue is behaving normally.,Revenue
ALRT-7a0b71d2,#war-room-checkout,2026-06-27T03:00:00,INFO,Sentry,Routine alert: Disk_IO is behaving normally.,Disk_IO
ALRT-5c12d4c2,#war-room-checkout,2026-06-27T03:00:00,WARNING,Sentry,Routine alert: Sessions is behaving normally.,Sessions
ALRT-68088e56,#release-pipeline,2026-06-27T04:00:00,INFO,Grafana-Prometheus,Routine alert: Memory_Usage is behaving normally.,Memory_Usage
ALRT-09ad578e,#security-incidents,2026-06-27T04:00:00,WARNING,ElasticSearch-APM,Routine alert: Error_Rate is behaving normally.,Error_Rate
ALRT-f69b9918,#security-incidents,2026-06-27T06:00:00,INFO,Sentry,Routine alert: Conversion_Rate is behaving normally.,Conversion_Rate
ALRT-850b066b,#ops-monitoring,2026-06-27T06:00:00,WARNING,ElasticSearch-APM,Routine alert: Latency is behaving normally.,Latency
ALRT-d724c24d,#ops-monitoring,2026-06-27T07:00:00,WARNING,Google-Analytics,Routine alert: Payment_Success_Rate is behaving normally.,Payment_Success_Rate
ALRT-93facf78,#incident-response,2026-06-27T08:00:00,WARNING,ElasticSearch-APM,Routine alert: Error_Rate is behaving normally.,Error_Rate
ALRT-891b38aa,#release-pipeline,2026-06-27T08:00:00,WARNING,PagerDuty,Routine alert: Conversion_Rate is behaving normally.,Conversion_Rate
ALRT-0e125042,#war-room-checkout,2026-06-27T09:00:00,INFO,PagerDuty,Routine alert: Revenue is behaving normally.,Revenue
ALRT-b4e31e2e,#db-alerts,2026-06-27T09:00:00,WARNING,PagerDuty,Routine alert: Error_Rate is behaving normally.,Error_Rate
ALRT-28a27e11,#war-room-checkout,2026-06-27T10:00:00,INFO,Sentry,Routine alert: Revenue is behaving normally.,Revenue
ALRT-81f4feb9,#db-alerts,2026-06-27T10:00:00,INFO,New-Relic,Routine alert: Disk_IO is behaving normally.,Disk_IO
ALRT-b78aeab6,#db-alerts,2026-06-27T13:00:00,INFO,Cloudflare-DNS,Routine alert: Latency is behaving normally.,Latency
ALRT-b79ede6e,#infra-alerts,2026-06-27T15:00:00,WARNING,ElasticSearch-APM,Routine alert: Conversion_Rate is behaving normally.,Conversion_Rate
ALRT-6481147c,#war-room-checkout,2026-06-27T15:00:00,INFO,StatusPage,Routine alert: Revenue is behaving normally.,Revenue
ALRT-299093f5,#incident-response,2026-06-27T16:00:00,WARNING,ElasticSearch-APM,Routine alert: Disk_IO is behaving normally.,Disk_IO
ALRT-3774d388,#war-room-checkout,2026-06-27T16:00:00,WARNING,Sentry,Routine alert: Revenue is behaving normally.,Revenue
ALRT-053ae2b9,#db-alerts,2026-06-27T17:00:00,INFO,ElasticSearch-APM,Routine alert: Memory_Usage is behaving normally.,Memory_Usage
ALRT-a5d78a42,#ops-monitoring,2026-06-27T17:00:00,INFO,Datadog-APM,Routine alert: AOV is behaving normally.,AOV
ALRT-fe685e16,#infra-alerts,2026-06-27T18:00:00,INFO,StatusPage,Routine alert: Conversion_Rate is behaving normally.,Conversion_Rate
ALRT-187a055b,#platform-stability,2026-06-27T20:00:00,WARNING,Google-Analytics,Routine alert: AOV is behaving normally.,AOV
ALRT-05d63bbd,#growth-marketing,2026-06-27T22:00:00,WARNING,New-Relic,Routine alert: Disk_IO is behaving normally.,Disk_IO
ALRT-477592eb,#infra-alerts,2026-06-27T22:00:00,WARNING,Grafana-Prometheus,Routine alert: Conversion_Rate is behaving normally.,Conversion_Rate
ALRT-a2ea9650,#ops-monitoring,2026-06-27T23:00:00,INFO,StatusPage,Routine alert: Payment_Success_Rate is behaving normally.,Payment_Success_Rate
ALRT-d41dfc89,#api-health,2026-06-27T23:00:00,INFO,PagerDuty,Routine alert: Latency is behaving normally.,Latency
ALRT-56eab720,#release-pipeline,2026-06-27T23:00:00,INFO,Sentry,Routine alert: Latency is behaving normally.,Latency
ALRT-0346ef16,#incident-response,2026-06-27T23:00:00,WARNING,Sentry,Routine alert: Payment_Success_Rate is behaving normally.,Payment_Success_Rate
ALRT-6e943326,#db-alerts,2026-06-28T02:00:00,INFO,Sentry,Routine alert: Revenue is behaving normally.,Revenue
ALRT-f638d965,#api-health,2026-06-28T03:00:00,INFO,ElasticSearch-APM,Routine alert: Conversion_Rate is behaving normally.,Conversion_Rate
ALRT-7189d9f9,#release-pipeline,2026-06-28T04:00:00,INFO,StatusPage,Routine alert: Disk_IO is behaving normally.,Disk_IO
ALRT-634e8966,#incident-response,2026-06-28T06:00:00,INFO,StatusPage,Routine alert: Sessions is behaving normally.,Sessions
ALRT-57a8f773,#incident-response,2026-06-28T08:00:00,WARNING,Cloudflare-DNS,Routine alert: Error_Rate is behaving normally.,Error_Rate
ALRT-9abbf6f3,#infra-alerts,2026-06-28T09:00:00,INFO,AWS-CloudWatch,Routine alert: Error_Rate is behaving normally.,Error_Rate
ALRT-be77baff,#ops-monitoring,2026-06-28T09:00:00,WARNING,PagerDuty,Routine alert: Revenue is behaving normally.,Revenue
ALRT-9727790c,#ops-monitoring,2026-06-28T14:00:00,WARNING,Datadog-APM,Routine alert: CPU_Usage is behaving normally.,CPU_Usage
ALRT-80b5cfca,#war-room-checkout,2026-06-28T15:00:00,INFO,ElasticSearch-APM,Routine alert: Conversion_Rate is behaving normally.,Conversion_Rate
ALRT-eca6994e,#growth-marketing,2026-06-28T16:00:00,WARNING,ElasticSearch-APM,Routine alert: CPU_Usage is behaving normally.,CPU_Usage
ALRT-3bfa8450,#growth-marketing,2026-06-28T18:00:00,INFO,Cloudflare-DNS,Routine alert: Latency is behaving normally.,Latency
ALRT-6c425ad3,#release-pipeline,2026-06-28T19:00:00,INFO,Sentry,Routine alert: Revenue is behaving normally.,Revenue
ALRT-62e55725,#ops-monitoring,2026-06-28T19:00:00,WARNING,Sentry,Routine alert: AOV is behaving normally.,AOV
ALRT-b7930112,#war-room-checkout,2026-06-28T20:00:00,INFO,Cloudflare-DNS,Routine alert: Payment_Success_Rate is behaving normally.,Payment_Success_Rate
ALRT-dcce97fb,#api-health,2026-06-28T21:00:00,INFO,Sentry,Routine alert: Conversion_Rate is behaving normally.,Conversion_Rate
ALRT-07b2ba3c,#security-incidents,2026-06-28T23:00:00,WARNING,Grafana-Prometheus,Routine alert: Sessions is behaving normally.,Sessions
ALRT-8b58c9b4,#infra-alerts,2026-06-28T23:00:00,INFO,New-Relic,Routine alert: AOV is behaving normally.,AOV
ALRT-bd9f6f85,#security-incidents,2026-06-29T00:00:00,INFO,AWS-CloudWatch,Routine alert: Sessions is behaving normally.,Sessions
ALRT-aa31a5da,#infra-alerts,2026-06-29T03:00:00,WARNING,Cloudflare-DNS,Routine alert: AOV is behaving normally.,AOV
ALRT-bd6b31aa,#growth-marketing,2026-06-29T04:00:00,WARNING,Sentry,Routine alert: AOV is behaving normally.,AOV
ALRT-377755f5,#db-alerts,2026-06-29T04:00:00,WARNING,Grafana-Prometheus,Routine alert: Conversion_Rate is behaving normally.,Conversion_Rate
ALRT-75bfb29f,#incident-response,2026-06-29T05:00:00,INFO,StatusPage,Routine alert: AOV is behaving normally.,AOV
ALRT-59209ec1,#war-room-checkout,2026-06-29T06:00:00,WARNING,StatusPage,Routine alert: Sessions is behaving normally.,Sessions
ALRT-e3c82941,#security-incidents,2026-06-29T08:00:00,WARNING,Datadog-APM,Routine alert: AOV is behaving normally.,AOV
ALRT-7530464f,#war-room-checkout,2026-06-29T09:00:00,INFO,Grafana-Prometheus,Routine alert: CPU_Usage is behaving normally.,CPU_Usage
ALRT-8a887d34,#platform-stability,2026-06-29T10:00:00,INFO,ElasticSearch-APM,Routine alert: AOV is behaving normally.,AOV
ALRT-3da88d5a,#security-incidents,2026-06-29T12:00:00,INFO,Sentry,Routine alert: Memory_Usage is behaving normally.,Memory_Usage
ALRT-b7f55fed,#db-alerts,2026-06-29T12:00:00,INFO,AWS-CloudWatch,Routine alert: Sessions is behaving normally.,Sessions
ALRT-ecaa0ae2,#incident-response,2026-06-29T15:00:00,WARNING,StatusPage,Routine alert: Payment_Success_Rate is behaving normally.,Payment_Success_Rate
ALRT-03836745,#ops-monitoring,2026-06-29T16:00:00,WARNING,Sentry,Routine alert: Payment_Success_Rate is behaving normally.,Payment_Success_Rate
ALRT-a4bcb602,#db-alerts,2026-06-29T16:00:00,WARNING,ElasticSearch-APM,Routine alert: Conversion_Rate is behaving normally.,Conversion_Rate
ALRT-9196429b,#incident-response,2026-06-29T17:00:00,WARNING,New-Relic,Routine alert: Latency is behaving normally.,Latency
ALRT-be16dc9c,#api-health,2026-06-29T17:00:00,INFO,Sentry,Routine alert: Revenue is behaving normally.,Revenue
ALRT-3a3e16ee,#platform-stability,2026-06-29T19:00:00,WARNING,Cloudflare-DNS,Routine alert: CPU_Usage is behaving normally.,CPU_Usage
ALRT-a6204321,#infra-alerts,2026-06-29T20:00:00,INFO,Sentry,Routine alert: Latency is behaving normally.,Latency
ALRT-447af318,#infra-alerts,2026-06-29T20:00:00,WARNING,New-Relic,Routine alert: Error_Rate is behaving normally.,Error_Rate
ALRT-cd3ec24f,#platform-stability,2026-06-29T20:00:00,INFO,ElasticSearch-APM,Routine alert: Sessions is behaving normally.,Sessions
ALRT-4d451e68,#api-health,2026-06-29T21:00:00,INFO,New-Relic,Routine alert: Sessions is behaving normally.,Sessions
ALRT-933cb4f6,#security-incidents,2026-06-29T21:00:00,WARNING,Google-Analytics,Routine alert: CPU_Usage is behaving normally.,CPU_Usage
ALRT-4e168308,#infra-alerts,2026-06-29T22:00:00,WARNING,Google-Analytics,Routine alert: Memory_Usage is behaving normally.,Memory_Usage
ALRT-00fbfb9f,#infra-alerts,2026-06-29T23:00:00,INFO,StatusPage,Routine alert: Latency is behaving normally.,Latency
ALRT-28cf6db9,#release-pipeline,2026-06-30T01:00:00,WARNING,StatusPage,Routine alert: Payment_Success_Rate is behaving normally.,Payment_Success_Rate
ALRT-0bf22d07,#infra-alerts,2026-06-30T01:00:00,WARNING,StatusPage,Routine alert: Memory_Usage is behaving normally.,Memory_Usage
ALRT-e9681d17,#db-alerts,2026-06-30T05:00:00,INFO,StatusPage,Routine alert: Disk_IO is behaving normally.,Disk_IO
ALRT-1b329452,#war-room-checkout,2026-06-30T05:00:00,INFO,Google-Analytics,Routine alert: Disk_IO is behaving normally.,Disk_IO
ALRT-6ad29daf,#infra-alerts,2026-06-30T06:00:00,INFO,Grafana-Prometheus,Routine alert: Sessions is behaving normally.,Sessions
ALRT-d6462b6e,#platform-stability,2026-06-30T06:00:00,WARNING,ElasticSearch-APM,Routine alert: Error_Rate is behaving normally.,Error_Rate
ALRT-367c02bc,#release-pipeline,2026-06-30T08:00:00,INFO,Datadog-APM,Routine alert: Payment_Success_Rate is behaving normally.,Payment_Success_Rate
ALRT-5d7f9265,#security-incidents,2026-06-30T08:00:00,INFO,ElasticSearch-APM,Routine alert: Disk_IO is behaving normally.,Disk_IO
ALRT-a66580b1,#incident-response,2026-06-30T09:00:00,WARNING,ElasticSearch-APM,Routine alert: Latency is behaving normally.,Latency
ALRT-611046de,#security-incidents,2026-06-30T11:00:00,WARNING,Cloudflare-DNS,Routine alert: Payment_Success_Rate is behaving normally.,Payment_Success_Rate
ALRT-ecde76f3,#growth-marketing,2026-06-30T11:00:00,INFO,PagerDuty,Routine alert: Sessions is behaving normally.,Sessions
ALRT-4b44fee5,#war-room-checkout,2026-06-30T13:00:00,WARNING,ElasticSearch-APM,Routine alert: Revenue is behaving normally.,Revenue
ALRT-ff04757c,#security-incidents,2026-06-30T14:00:00,WARNING,Sentry,Routine alert: Disk_IO is behaving normally.,Disk_IO
ALRT-969ca407,#infra-alerts,2026-06-30T14:00:00,WARNING,StatusPage,Routine alert: CPU_Usage is behaving normally.,CPU_Usage
ALRT-ebb5b00e,#db-alerts,2026-06-30T15:00:00,INFO,StatusPage,Routine alert: Error_Rate is behaving normally.,Error_Rate
ALRT-20143e59,#release-pipeline,2026-06-30T21:00:00,INFO,Google-Analytics,Routine alert: Payment_Success_Rate is behaving normally.,Payment_Success_Rate
ALRT-cbb618a3,#infra-alerts,2026-06-30T23:00:00,WARNING,AWS-CloudWatch,Routine alert: Payment_Success_Rate is behaving normally.,Payment_Success_Rate
ALRT-69a781c5,#war-room-checkout,2026-06-30T23:00:00,WARNING,Sentry,Routine alert: Error_Rate is behaving normally.,Error_Rate
ALRT-cc5bc09f,#incident-response,2026-07-01T01:00:00,INFO,AWS-CloudWatch,Routine alert: Conversion_Rate is behaving normally.,Conversion_Rate
ALRT-6aaa7b72,#incident-response,2026-07-01T03:00:00,INFO,AWS-CloudWatch,Routine alert: CPU_Usage is behaving normally.,CPU_Usage
ALRT-7dd36b8e,#ops-monitoring,2026-07-01T04:00:00,INFO,Grafana-Prometheus,Routine alert: Sessions is behaving normally.,Sessions
ALRT-a23a1552,#infra-alerts,2026-07-01T04:00:00,WARNING,PagerDuty,Routine alert: Latency is behaving normally.,Latency
ALRT-ea7760e0,#growth-marketing,2026-07-01T05:00:00,INFO,Google-Analytics,Routine alert: Disk_IO is behaving normally.,Disk_IO
ALRT-b9e8d9aa,#platform-stability,2026-07-01T05:00:00,INFO,StatusPage,Routine alert: Sessions is behaving normally.,Sessions
ALRT-aa71ecdb,#api-health,2026-07-01T05:00:00,INFO,ElasticSearch-APM,Routine alert: Error_Rate is behaving normally.,Error_Rate
ALRT-d1db27a3,#infra-alerts,2026-07-01T06:00:00,WARNING,PagerDuty,Routine alert: Error_Rate is behaving normally.,Error_Rate
ALRT-93e6a672,#infra-alerts,2026-07-01T08:00:00,WARNING,Cloudflare-DNS,Routine alert: CPU_Usage is behaving normally.,CPU_Usage
ALRT-2e4c8a3d,#api-health,2026-07-01T09:00:00,WARNING,StatusPage,Routine alert: Revenue is behaving normally.,Revenue
ALRT-ccf5bf8a,#ops-monitoring,2026-07-01T10:00:00,WARNING,StatusPage,Routine alert: CPU_Usage is behaving normally.,CPU_Usage
ALRT-c761b0c9,#infra-alerts,2026-07-01T11:00:00,INFO,Cloudflare-DNS,Routine alert: Disk_IO is behaving normally.,Disk_IO
ALRT-f95c1c3d,#api-health,2026-07-01T12:00:00,INFO,Datadog-APM,Routine alert: Memory_Usage is behaving normally.,Memory_Usage
ALRT-6daee37d,#ops-monitoring,2026-07-01T13:00:00,WARNING,Sentry,Routine alert: Conversion_Rate is behaving normally.,Conversion_Rate
ALRT-75da12c4,#db-alerts,2026-07-01T14:00:00,WARNING,Grafana-Prometheus,Routine alert: Sessions is behaving normally.,Sessions
ALRT-c04cee26,#api-health,2026-07-01T16:00:00,WARNING,Cloudflare-DNS,Routine alert: Conversion_Rate is behaving normally.,Conversion_Rate
ALRT-1579837b,#infra-alerts,2026-07-01T17:00:00,WARNING,Sentry,Routine alert: Disk_IO is behaving normally.,Disk_IO
ALRT-c7a127fd,#platform-stability,2026-07-01T17:00:00,INFO,Datadog-APM,Routine alert: Disk_IO is behaving normally.,Disk_IO
ALRT-6633eece,#security-incidents,2026-07-01T17:00:00,WARNING,ElasticSearch-APM,Routine alert: Conversion_Rate is behaving normally.,Conversion_Rate
ALRT-6ba51a30,#api-health,2026-07-01T18:00:00,INFO,New-Relic,Routine alert: Payment_Success_Rate is behaving normally.,Payment_Success_Rate
ALRT-3d0885e8,#api-health,2026-07-01T18:00:00,INFO,Grafana-Prometheus,Routine alert: Disk_IO is behaving normally.,Disk_IO
ALRT-21e406f9,#platform-stability,2026-07-01T18:00:00,INFO,Cloudflare-DNS,Routine alert: Latency is behaving normally.,Latency
ALRT-9299ad10,#db-alerts,2026-07-01T18:00:00,INFO,New-Relic,Routine alert: Payment_Success_Rate is behaving normally.,Payment_Success_Rate
ALRT-39d0e473,#security-incidents,2026-07-01T19:00:00,INFO,Google-Analytics,Routine alert: Payment_Success_Rate is behaving normally.,Payment_Success_Rate
ALRT-373c4748,#platform-stability,2026-07-01T19:00:00,INFO,AWS-CloudWatch,Routine alert: CPU_Usage is behaving normally.,CPU_Usage
ALRT-91f8b6b3,#api-health,2026-07-01T19:00:00,WARNING,AWS-CloudWatch,Routine alert: Latency is behaving normally.,Latency
ALRT-36f7684c,#war-room-checkout,2026-07-01T19:00:00,INFO,New-Relic,Routine alert: Payment_Success_Rate is behaving normally.,Payment_Success_Rate
ALRT-a1913132,#db-alerts,2026-07-01T19:00:00,INFO,Cloudflare-DNS,Routine alert: Conversion_Rate is behaving normally.,Conversion_Rate
ALRT-c3f8f5e8,#security-incidents,2026-07-01T20:00:00,WARNING,AWS-CloudWatch,Routine alert: Disk_IO is behaving normally.,Disk_IO
ALRT-df224bfa,#ops-monitoring,2026-07-01T20:00:00,WARNING,Datadog-APM,Routine alert: Error_Rate is behaving normally.,Error_Rate
ALRT-ca4b82cf,#infra-alerts,2026-07-01T21:00:00,INFO,Sentry,Routine alert: Conversion_Rate is behaving normally.,Conversion_Rate
ALRT-78ca6d2f,#incident-response,2026-07-01T21:00:00,WARNING,Grafana-Prometheus,Routine alert: Revenue is behaving normally.,Revenue
ALRT-a90a4261,#platform-stability,2026-07-01T21:00:00,WARNING,Google-Analytics,Routine alert: CPU_Usage is behaving normally.,CPU_Usage
ALRT-9228b06c,#db-alerts,2026-07-01T21:00:00,INFO,New-Relic,Routine alert: Latency is behaving normally.,Latency
ALRT-c9402132,#api-health,2026-07-01T21:00:00,WARNING,Grafana-Prometheus,Routine alert: Conversion_Rate is behaving normally.,Conversion_Rate
ALRT-8e6d9fc8,#infra-alerts,2026-07-01T22:00:00,WARNING,Google-Analytics,Routine alert: Payment_Success_Rate is behaving normally.,Payment_Success_Rate
ALRT-e080bcfd,#platform-stability,2026-07-01T22:00:00,WARNING,Grafana-Prometheus,Routine alert: Disk_IO is behaving normally.,Disk_IO
ALRT-d5898ef6,#release-pipeline,2026-07-01T22:00:00,INFO,Datadog-APM,Routine alert: AOV is behaving normally.,AOV
ALRT-41a695a5,#war-room-checkout,2026-07-02T01:00:00,WARNING,PagerDuty,Routine alert: Latency is behaving normally.,Latency
ALRT-ae56e2b6,#release-pipeline,2026-07-02T04:00:00,WARNING,AWS-CloudWatch,Routine alert: Revenue is behaving normally.,Revenue
ALRT-4571404e,#incident-response,2026-07-02T11:00:00,INFO,Google-Analytics,Routine alert: Latency is behaving normally.,Latency
ALRT-5929cd8a,#release-pipeline,2026-07-02T13:00:00,WARNING,New-Relic,Routine alert: Sessions is behaving normally.,Sessions
ALRT-5590acfa,#infra-alerts,2026-07-02T15:00:00,INFO,PagerDuty,Routine alert: Memory_Usage is behaving normally.,Memory_Usage
ALRT-320af63b,#platform-stability,2026-07-02T16:00:00,INFO,AWS-CloudWatch,Routine alert: Sessions is behaving normally.,Sessions
ALRT-9a26dd90,#war-room-checkout,2026-07-02T20:00:00,WARNING,StatusPage,Routine alert: Memory_Usage is behaving normally.,Memory_Usage
ALRT-08b44ccf,#war-room-checkout,2026-07-02T22:00:00,INFO,ElasticSearch-APM,Routine alert: Error_Rate is behaving normally.,Error_Rate
ALRT-92661bfd,#war-room-checkout,2026-07-02T23:00:00,INFO,Sentry,Routine alert: Sessions is behaving normally.,Sessions
ALRT-c5027e1c,#infra-alerts,2026-07-03T00:00:00,WARNING,Google-Analytics,Routine alert: AOV is behaving normally.,AOV
ALRT-9559e027,#growth-marketing,2026-07-03T00:00:00,WARNING,PagerDuty,Routine alert: Error_Rate is behaving normally.,Error_Rate
ALRT-967f6875,#api-health,2026-07-03T00:00:00,INFO,StatusPage,Routine alert: Error_Rate is behaving normally.,Error_Rate
ALRT-7b21de26,#db-alerts,2026-07-03T01:00:00,INFO,StatusPage,Routine alert: Latency is behaving normally.,Latency
ALRT-590b55c8,#incident-response,2026-07-03T02:00:00,WARNING,Datadog-APM,Routine alert: Revenue is behaving normally.,Revenue
ALRT-ac4bc5de,#db-alerts,2026-07-03T02:00:00,INFO,AWS-CloudWatch,Routine alert: Sessions is behaving normally.,Sessions
ALRT-cdc8f22e,#release-pipeline,2026-07-03T05:00:00,INFO,AWS-CloudWatch,Routine alert: Memory_Usage is behaving normally.,Memory_Usage
ALRT-14bef5f3,#db-alerts,2026-07-03T08:00:00,INFO,AWS-CloudWatch,Routine alert: CPU_Usage is behaving normally.,CPU_Usage
ALRT-90ee065e,#ops-monitoring,2026-07-03T08:00:00,WARNING,Google-Analytics,Routine alert: Sessions is behaving normally.,Sessions
ALRT-c3ae5208,#platform-stability,2026-07-03T09:00:00,WARNING,ElasticSearch-APM,Routine alert: AOV is behaving normally.,AOV
ALRT-15c0898a,#incident-response,2026-07-03T11:00:00,WARNING,Sentry,Routine alert: Sessions is behaving normally.,Sessions
ALRT-e869f43b,#war-room-checkout,2026-07-03T12:00:00,WARNING,ElasticSearch-APM,Routine alert: AOV is behaving normally.,AOV
ALRT-1777b15f,#incident-response,2026-07-03T12:00:00,WARNING,AWS-CloudWatch,Routine alert: Conversion_Rate is behaving normally.,Conversion_Rate
ALRT-c112debf,#incident-response,2026-07-03T12:00:00,WARNING,StatusPage,Routine alert: Error_Rate is behaving normally.,Error_Rate
ALRT-81a45671,#growth-marketing,2026-07-03T13:00:00,INFO,Google-Analytics,Routine alert: Error_Rate is behaving normally.,Error_Rate
ALRT-b9baa17c,#release-pipeline,2026-07-03T15:00:00,WARNING,ElasticSearch-APM,Routine alert: Revenue is behaving normally.,Revenue
ALRT-2567e9fc,#release-pipeline,2026-07-03T19:00:00,INFO,AWS-CloudWatch,Routine alert: Conversion_Rate is behaving normally.,Conversion_Rate
ALRT-a7366842,#platform-stability,2026-07-03T19:00:00,WARNING,Sentry,Routine alert: Memory_Usage is behaving normally.,Memory_Usage
ALRT-aa24b160,#api-health,2026-07-03T20:00:00,INFO,New-Relic,Routine alert: Payment_Success_Rate is behaving normally.,Payment_Success_Rate
ALRT-032d1811,#platform-stability,2026-07-03T20:00:00,INFO,ElasticSearch-APM,Routine alert: Latency is behaving normally.,Latency
ALRT-c7d25acc,#infra-alerts,2026-07-03T23:00:00,WARNING,Datadog-APM,Routine alert: Payment_Success_Rate is behaving normally.,Payment_Success_Rate
ALRT-361bd8f7,#incident-response,2026-07-04T01:00:00,INFO,Grafana-Prometheus,Routine alert: Payment_Success_Rate is behaving normally.,Payment_Success_Rate
ALRT-9e5970f2,#release-pipeline,2026-07-04T02:00:00,INFO,Google-Analytics,Routine alert: Error_Rate is behaving normally.,Error_Rate
ALRT-45245836,#platform-stability,2026-07-04T03:00:00,WARNING,Google-Analytics,Routine alert: CPU_Usage is behaving normally.,CPU_Usage
ALRT-71bfc429,#db-alerts,2026-07-04T03:00:00,WARNING,Google-Analytics,Routine alert: CPU_Usage is behaving normally.,CPU_Usage
ALRT-d088a291,#infra-alerts,2026-07-04T05:00:00,INFO,New-Relic,Routine alert: Latency is behaving normally.,Latency
ALRT-1a9ce69c,#infra-alerts,2026-07-04T05:00:00,WARNING,Sentry,Routine alert: Memory_Usage is behaving normally.,Memory_Usage
ALRT-1295aced,#infra-alerts,2026-07-04T06:00:00,WARNING,AWS-CloudWatch,Routine alert: Error_Rate is behaving normally.,Error_Rate
ALRT-5f9d8219,#war-room-checkout,2026-07-04T08:00:00,WARNING,Datadog-APM,Routine alert: Latency is behaving normally.,Latency
ALRT-abb275d4,#db-alerts,2026-07-04T08:00:00,INFO,New-Relic,Routine alert: Payment_Success_Rate is behaving normally.,Payment_Success_Rate
ALRT-ee18a5d7,#infra-alerts,2026-07-04T08:00:00,WARNING,Sentry,Routine alert: AOV is behaving normally.,AOV
ALRT-d04f126d,#api-health,2026-07-04T09:00:00,INFO,ElasticSearch-APM,Routine alert: Disk_IO is behaving normally.,Disk_IO
ALRT-076b6b9f,#db-alerts,2026-07-04T09:00:00,WARNING,Cloudflare-DNS,Routine alert: Payment_Success_Rate is behaving normally.,Payment_Success_Rate
ALRT-5a5ddf06,#growth-marketing,2026-07-04T11:00:00,WARNING,Cloudflare-DNS,Routine alert: Payment_Success_Rate is behaving normally.,Payment_Success_Rate
ALRT-c9ea0f9b,#platform-stability,2026-07-04T15:00:00,WARNING,Cloudflare-DNS,Routine alert: Error_Rate is behaving normally.,Error_Rate
ALRT-f0bc7559,#infra-alerts,2026-07-04T15:00:00,WARNING,Grafana-Prometheus,Routine alert: CPU_Usage is behaving normally.,CPU_Usage
ALRT-aef712af,#growth-marketing,2026-07-04T15:00:00,WARNING,Cloudflare-DNS,Routine alert: Conversion_Rate is behaving normally.,Conversion_Rate
ALRT-c48ace7e,#release-pipeline,2026-07-04T17:00:00,INFO,PagerDuty,Routine alert: Payment_Success_Rate is behaving normally.,Payment_Success_Rate
ALRT-390ac23e,#db-alerts,2026-07-04T18:00:00,INFO,StatusPage,Routine alert: Memory_Usage is behaving normally.,Memory_Usage
ALRT-f5d0dc7e,#war-room-checkout,2026-07-04T20:00:00,WARNING,ElasticSearch-APM,Routine alert: AOV is behaving normally.,AOV
ALRT-0d6e6b44,#ops-monitoring,2026-07-04T21:00:00,INFO,Cloudflare-DNS,Routine alert: CPU_Usage is behaving normally.,CPU_Usage
ALRT-c61a0ad6,#security-incidents,2026-07-04T23:00:00,INFO,Sentry,Routine alert: Payment_Success_Rate is behaving normally.,Payment_Success_Rate
ALRT-d4a8568c,#platform-stability,2026-07-04T23:00:00,WARNING,New-Relic,Routine alert: CPU_Usage is behaving normally.,CPU_Usage
ALRT-2bd8f13e,#security-incidents,2026-07-05T02:00:00,WARNING,Datadog-APM,Routine alert: AOV is behaving normally.,AOV
ALRT-3cdf0332,#db-alerts,2026-07-05T08:00:00,INFO,PagerDuty,Routine alert: Revenue is behaving normally.,Revenue
ALRT-1b93ac7a,#ops-monitoring,2026-07-05T10:00:00,INFO,Cloudflare-DNS,Routine alert: CPU_Usage is behaving normally.,CPU_Usage
ALRT-a283251d,#security-incidents,2026-07-05T12:00:00,INFO,AWS-CloudWatch,Routine alert: Revenue is behaving normally.,Revenue
ALRT-17b26e28,#incident-response,2026-07-05T13:00:00,WARNING,PagerDuty,Routine alert: AOV is behaving normally.,AOV
ALRT-b86c2a13,#security-incidents,2026-07-05T13:00:00,WARNING,StatusPage,Routine alert: Sessions is behaving normally.,Sessions
ALRT-cf68ed29,#infra-alerts,2026-07-05T14:00:00,INFO,Datadog-APM,Routine alert: Sessions is behaving normally.,Sessions
ALRT-c3f1b1ab,#war-room-checkout,2026-07-05T14:00:00,WARNING,Datadog-APM,Routine alert: Disk_IO is behaving normally.,Disk_IO
ALRT-757efbc4,#infra-alerts,2026-07-05T16:00:00,INFO,Google-Analytics,Routine alert: Revenue is behaving normally.,Revenue
ALRT-7bfdb3bb,#release-pipeline,2026-07-05T20:00:00,WARNING,Google-Analytics,Routine alert: Latency is behaving normally.,Latency
ALRT-995db00b,#platform-stability,2026-07-05T22:00:00,WARNING,Google-Analytics,Routine alert: Disk_IO is behaving normally.,Disk_IO
ALRT-0e8370c3,#war-room-checkout,2026-07-06T00:00:00,WARNING,Sentry,Routine alert: Conversion_Rate is behaving normally.,Conversion_Rate
ALRT-eca888e3,#ops-monitoring,2026-07-06T04:00:00,WARNING,Cloudflare-DNS,Routine alert: Conversion_Rate is behaving normally.,Conversion_Rate
ALRT-680d3b88,#growth-marketing,2026-07-06T06:00:00,WARNING,Cloudflare-DNS,Routine alert: Payment_Success_Rate is behaving normally.,Payment_Success_Rate
ALRT-855208fa,#platform-stability,2026-07-06T07:00:00,WARNING,New-Relic,Routine alert: Sessions is behaving normally.,Sessions
ALRT-4eeede01,#ops-monitoring,2026-07-06T07:00:00,WARNING,ElasticSearch-APM,Routine alert: Latency is behaving normally.,Latency
ALRT-4b04a2a6,#release-pipeline,2026-07-06T07:00:00,INFO,Datadog-APM,Routine alert: Memory_Usage is behaving normally.,Memory_Usage
ALRT-670342c4,#growth-marketing,2026-07-06T08:00:00,INFO,New-Relic,Routine alert: Revenue is behaving normally.,Revenue
ALRT-afe706bb,#security-incidents,2026-07-06T14:00:00,WARNING,Grafana-Prometheus,Routine alert: Sessions is behaving normally.,Sessions
ALRT-c1844b3f,#ops-monitoring,2026-07-06T16:00:00,INFO,Sentry,Routine alert: Error_Rate is behaving normally.,Error_Rate
ALRT-783bef94,#ops-monitoring,2026-07-06T20:00:00,INFO,New-Relic,Routine alert: Latency is behaving normally.,Latency
ALRT-13439bc0,#war-room-checkout,2026-07-06T22:00:00,WARNING,Datadog-APM,Routine alert: Disk_IO is behaving normally.,Disk_IO
ALRT-57a597b5,#release-pipeline,2026-07-07T00:00:00,INFO,Google-Analytics,Routine alert: Conversion_Rate is behaving normally.,Conversion_Rate
ALRT-896f66e2,#db-alerts,2026-07-07T00:00:00,INFO,StatusPage,Routine alert: Conversion_Rate is behaving normally.,Conversion_Rate
ALRT-5b59934f,#api-health,2026-07-07T03:00:00,WARNING,Cloudflare-DNS,Routine alert: Conversion_Rate is behaving normally.,Conversion_Rate
ALRT-f66cd91a,#ops-monitoring,2026-07-07T03:00:00,WARNING,Google-Analytics,Routine alert: Memory_Usage is behaving normally.,Memory_Usage
ALRT-719a94cc,#incident-response,2026-07-07T03:00:00,INFO,PagerDuty,Routine alert: Payment_Success_Rate is behaving normally.,Payment_Success_Rate
ALRT-8d4380f2,#security-incidents,2026-07-07T04:00:00,WARNING,Sentry,Routine alert: Memory_Usage is behaving normally.,Memory_Usage
ALRT-15c8f21d,#war-room-checkout,2026-07-07T05:00:00,INFO,Google-Analytics,Routine alert: Latency is behaving normally.,Latency
ALRT-5f8441b0,#db-alerts,2026-07-07T05:00:00,WARNING,AWS-CloudWatch,Routine alert: Memory_Usage is behaving normally.,Memory_Usage
ALRT-9b509475,#war-room-checkout,2026-07-07T05:00:00,INFO,Google-Analytics,Routine alert: Memory_Usage is behaving normally.,Memory_Usage
ALRT-15daad27,#security-incidents,2026-07-07T05:00:00,WARNING,PagerDuty,Routine alert: Conversion_Rate is behaving normally.,Conversion_Rate
ALRT-36952c2b,#api-health,2026-07-07T06:00:00,WARNING,AWS-CloudWatch,Routine alert: CPU_Usage is behaving normally.,CPU_Usage
ALRT-5fb21b74,#api-health,2026-07-07T06:00:00,WARNING,Cloudflare-DNS,Routine alert: Sessions is behaving normally.,Sessions
ALRT-4025d76d,#growth-marketing,2026-07-07T07:00:00,WARNING,New-Relic,Routine alert: Revenue is behaving normally.,Revenue
ALRT-73e4dfa3,#security-incidents,2026-07-07T07:00:00,INFO,New-Relic,Routine alert: Error_Rate is behaving normally.,Error_Rate
ALRT-6dc20906,#ops-monitoring,2026-07-07T08:00:00,WARNING,Datadog-APM,Routine alert: Revenue is behaving normally.,Revenue
ALRT-65009273,#war-room-checkout,2026-07-07T09:00:00,INFO,Datadog-APM,Routine alert: Payment_Success_Rate is behaving normally.,Payment_Success_Rate
ALRT-3262d564,#security-incidents,2026-07-07T10:00:00,WARNING,AWS-CloudWatch,Routine alert: Sessions is behaving normally.,Sessions
ALRT-05acefdd,#war-room-checkout,2026-07-07T10:00:00,INFO,Grafana-Prometheus,Routine alert: Conversion_Rate is behaving normally.,Conversion_Rate
ALRT-24a9f684,#infra-alerts,2026-07-07T11:00:00,WARNING,New-Relic,Routine alert: Error_Rate is behaving normally.,Error_Rate
ALRT-224cb85e,#growth-marketing,2026-07-07T11:00:00,INFO,New-Relic,Routine alert: CPU_Usage is behaving normally.,CPU_Usage
ALRT-a88fed5d,#ops-monitoring,2026-07-07T11:00:00,WARNING,Grafana-Prometheus,Routine alert: Revenue is behaving normally.,Revenue
ALRT-f3c3c944,#infra-alerts,2026-07-07T12:00:00,WARNING,ElasticSearch-APM,Routine alert: AOV is behaving normally.,AOV
ALRT-77f308fa,#api-health,2026-07-07T12:00:00,INFO,StatusPage,Routine alert: Error_Rate is behaving normally.,Error_Rate
ALRT-e4f200f3,#db-alerts,2026-07-07T13:00:00,INFO,Cloudflare-DNS,Routine alert: CPU_Usage is behaving normally.,CPU_Usage
ALRT-82bd4e42,#incident-response,2026-07-07T13:00:00,INFO,Sentry,Routine alert: Sessions is behaving normally.,Sessions
ALRT-8a794bd8,#war-room-checkout,2026-07-07T14:00:00,INFO,New-Relic,Routine alert: Conversion_Rate is behaving normally.,Conversion_Rate
ALRT-8ad2ebfa,#platform-stability,2026-07-07T14:00:00,INFO,Sentry,Routine alert: AOV is behaving normally.,AOV
ALRT-700f0250,#ops-monitoring,2026-07-07T15:00:00,INFO,Datadog-APM,Routine alert: Payment_Success_Rate is behaving normally.,Payment_Success_Rate
ALRT-fee86cdf,#release-pipeline,2026-07-07T15:00:00,INFO,PagerDuty,Routine alert: Revenue is behaving normally.,Revenue
ALRT-ead5b78d,#infra-alerts,2026-07-07T16:00:00,WARNING,AWS-CloudWatch,Routine alert: Payment_Success_Rate is behaving normally.,Payment_Success_Rate
ALRT-a9598375,#security-incidents,2026-07-07T17:00:00,WARNING,Cloudflare-DNS,Routine alert: Latency is behaving normally.,Latency
ALRT-25bc91e2,#db-alerts,2026-07-07T19:00:00,WARNING,Sentry,Routine alert: Payment_Success_Rate is behaving normally.,Payment_Success_Rate
ALRT-5958f1e9,#ops-monitoring,2026-07-07T19:00:00,WARNING,Datadog-APM,Routine alert: Revenue is behaving normally.,Revenue
ALRT-8770b791,#ops-monitoring,2026-07-07T19:00:00,INFO,AWS-CloudWatch,Routine alert: Disk_IO is behaving normally.,Disk_IO
ALRT-d397baf3,#infra-alerts,2026-07-07T19:00:00,INFO,PagerDuty,Routine alert: AOV is behaving normally.,AOV
ALRT-441854d8,#war-room-checkout,2026-07-07T20:00:00,INFO,StatusPage,Routine alert: Latency is behaving normally.,Latency
ALRT-0af2a36e,#db-alerts,2026-07-07T21:00:00,INFO,Sentry,Routine alert: Conversion_Rate is behaving normally.,Conversion_Rate
ALRT-afbc4fd3,#growth-marketing,2026-07-07T21:00:00,INFO,Google-Analytics,Routine alert: AOV is behaving normally.,AOV
ALRT-4c89732a,#incident-response,2026-07-08T01:00:00,INFO,Google-Analytics,Routine alert: Error_Rate is behaving normally.,Error_Rate
ALRT-8ef3a130,#release-pipeline,2026-07-08T01:00:00,INFO,Cloudflare-DNS,Routine alert: Error_Rate is behaving normally.,Error_Rate
ALRT-932c0059,#platform-stability,2026-07-08T01:00:00,INFO,New-Relic,Routine alert: Error_Rate is behaving normally.,Error_Rate
ALRT-c4af5459,#release-pipeline,2026-07-08T02:00:00,WARNING,Datadog-APM,Routine alert: Disk_IO is behaving normally.,Disk_IO
ALRT-ec76078f,#infra-alerts,2026-07-08T02:00:00,WARNING,Cloudflare-DNS,Routine alert: Memory_Usage is behaving normally.,Memory_Usage
ALRT-503dfaae,#war-room-checkout,2026-07-08T04:00:00,INFO,Sentry,Routine alert: Memory_Usage is behaving normally.,Memory_Usage
ALRT-ad70edd5,#platform-stability,2026-07-08T05:00:00,WARNING,Datadog-APM,Routine alert: Sessions is behaving normally.,Sessions
ALRT-74cf24d0,#growth-marketing,2026-07-08T06:00:00,WARNING,Datadog-APM,Routine alert: Revenue is behaving normally.,Revenue
ALRT-f1f70064,#ops-monitoring,2026-07-08T07:00:00,INFO,PagerDuty,Routine alert: Payment_Success_Rate is behaving normally.,Payment_Success_Rate
ALRT-bd7edcf0,#ops-monitoring,2026-07-08T07:00:00,WARNING,Cloudflare-DNS,Routine alert: Error_Rate is behaving normally.,Error_Rate
ALRT-6cfeafc8,#release-pipeline,2026-07-08T07:00:00,INFO,ElasticSearch-APM,Routine alert: Latency is behaving normally.,Latency
ALRT-f9f78113,#db-alerts,2026-07-08T08:00:00,INFO,ElasticSearch-APM,Routine alert: Revenue is behaving normally.,Revenue
ALRT-f22859b8,#api-health,2026-07-08T10:00:00,INFO,Grafana-Prometheus,Routine alert: Sessions is behaving normally.,Sessions
ALRT-7a51ab56,#growth-marketing,2026-07-08T12:00:00,INFO,ElasticSearch-APM,Routine alert: Latency is behaving normally.,Latency
ALRT-bd193930,#db-alerts,2026-07-08T12:00:00,WARNING,Datadog-APM,Routine alert: Latency is behaving normally.,Latency
ALRT-a36dbfa9,#api-health,2026-07-08T14:00:00,INFO,AWS-CloudWatch,Routine alert: CPU_Usage is behaving normally.,CPU_Usage
ALRT-dd6b6c7e,#growth-marketing,2026-07-08T14:00:00,INFO,ElasticSearch-APM,Routine alert: Memory_Usage is behaving normally.,Memory_Usage
ALRT-caa7b4cd,#db-alerts,2026-07-08T14:00:00,INFO,Datadog-APM,Routine alert: Revenue is behaving normally.,Revenue
ALRT-a2a860a5,#war-room-checkout,2026-07-08T14:00:00,INFO,ElasticSearch-APM,Routine alert: Payment_Success_Rate is behaving normally.,Payment_Success_Rate
ALRT-745d8f85,#security-incidents,2026-07-08T15:00:00,WARNING,PagerDuty,Routine alert: Revenue is behaving normally.,Revenue
ALRT-dfad31b8,#incident-response,2026-07-08T16:00:00,INFO,StatusPage,Routine alert: Error_Rate is behaving normally.,Error_Rate
ALRT-b2b67ce2,#db-alerts,2026-07-08T17:00:00,INFO,Grafana-Prometheus,Routine alert: CPU_Usage is behaving normally.,CPU_Usage
ALRT-686443d1,#growth-marketing,2026-07-08T17:00:00,INFO,Cloudflare-DNS,Routine alert: CPU_Usage is behaving normally.,CPU_Usage
ALRT-1ae754bb,#security-incidents,2026-07-08T20:00:00,INFO,Sentry,Routine alert: Memory_Usage is behaving normally.,Memory_Usage
ALRT-05e19816,#platform-stability,2026-07-09T05:00:00,WARNING,Cloudflare-DNS,Routine alert: CPU_Usage is behaving normally.,CPU_Usage
ALRT-5a1eff83,#growth-marketing,2026-07-09T06:00:00,WARNING,New-Relic,Routine alert: Conversion_Rate is behaving normally.,Conversion_Rate
ALRT-776c7cf5,#infra-alerts,2026-07-09T07:00:00,WARNING,StatusPage,Routine alert: Payment_Success_Rate is behaving normally.,Payment_Success_Rate
ALRT-9e1c9e97,#security-incidents,2026-07-09T09:00:00,WARNING,Sentry,Routine alert: Disk_IO is behaving normally.,Disk_IO
ALRT-f80b55aa,#platform-stability,2026-07-09T10:00:00,WARNING,Sentry,Routine alert: Disk_IO is behaving normally.,Disk_IO
ALRT-7f64d8db,#ops-monitoring,2026-07-09T10:00:00,INFO,StatusPage,Routine alert: Revenue is behaving normally.,Revenue
ALRT-2cc00b0f,#security-incidents,2026-07-09T11:00:00,WARNING,Cloudflare-DNS,Routine alert: AOV is behaving normally.,AOV
ALRT-89a0bf61,#platform-stability,2026-07-09T13:00:00,WARNING,New-Relic,Routine alert: Payment_Success_Rate is behaving normally.,Payment_Success_Rate
ALRT-8e3e48d3,#security-incidents,2026-07-09T16:00:00,WARNING,New-Relic,Routine alert: Latency is behaving normally.,Latency
ALRT-d4548039,#db-alerts,2026-07-09T16:00:00,WARNING,Datadog-APM,Routine alert: CPU_Usage is behaving normally.,CPU_Usage
ALRT-12e291b3,#db-alerts,2026-07-09T18:00:00,INFO,Google-Analytics,Routine alert: AOV is behaving normally.,AOV
ALRT-454d276d,#platform-stability,2026-07-09T18:00:00,INFO,StatusPage,Routine alert: Disk_IO is behaving normally.,Disk_IO
ALRT-1f7b710f,#incident-response,2026-07-09T20:00:00,WARNING,StatusPage,Routine alert: Error_Rate is behaving normally.,Error_Rate
ALRT-2eebd2c9,#ops-monitoring,2026-07-09T21:00:00,INFO,PagerDuty,Routine alert: Payment_Success_Rate is behaving normally.,Payment_Success_Rate
ALRT-8cd89419,#platform-stability,2026-07-09T23:00:00,INFO,Grafana-Prometheus,Routine alert: CPU_Usage is behaving normally.,CPU_Usage
ALRT-32e61a2f,#api-health,2026-07-09T23:00:00,WARNING,StatusPage,Routine alert: Revenue is behaving normally.,Revenue
ALRT-756de6ce,#release-pipeline,2026-07-10T00:00:00,INFO,Cloudflare-DNS,Routine alert: Revenue is behaving normally.,Revenue
ALRT-37069604,#release-pipeline,2026-07-10T00:00:00,WARNING,ElasticSearch-APM,Routine alert: Payment_Success_Rate is behaving normally.,Payment_Success_Rate
ALRT-fac88a57,#ops-monitoring,2026-07-10T00:00:00,WARNING,Grafana-Prometheus,Routine alert: Memory_Usage is behaving normally.,Memory_Usage
ALRT-78711b6f,#infra-alerts,2026-07-10T02:00:00,INFO,PagerDuty,Routine alert: Error_Rate is behaving normally.,Error_Rate
ALRT-1a888c6f,#growth-marketing,2026-07-10T02:00:00,WARNING,Datadog-APM,Routine alert: Conversion_Rate is behaving normally.,Conversion_Rate
ALRT-f9b6cbe6,#db-alerts,2026-07-10T04:00:00,INFO,PagerDuty,Routine alert: Disk_IO is behaving normally.,Disk_IO
ALRT-91c9e1ba,#ops-monitoring,2026-07-10T04:00:00,WARNING,Google-Analytics,Routine alert: Memory_Usage is behaving normally.,Memory_Usage
ALRT-58e765d0,#security-incidents,2026-07-10T05:00:00,INFO,New-Relic,Routine alert: Revenue is behaving normally.,Revenue
ALRT-2ced88d0,#infra-alerts,2026-07-10T07:00:00,INFO,StatusPage,Routine alert: Conversion_Rate is behaving normally.,Conversion_Rate
ALRT-9781f8c7,#platform-stability,2026-07-10T08:00:00,INFO,Datadog-APM,Routine alert: Disk_IO is behaving normally.,Disk_IO
ALRT-659d6ed2,#growth-marketing,2026-07-10T09:00:00,WARNING,Google-Analytics,Routine alert: Sessions is behaving normally.,Sessions
ALRT-f4810703,#api-health,2026-07-10T10:00:00,WARNING,ElasticSearch-APM,Routine alert: Sessions is behaving normally.,Sessions
ALRT-c1650ecd,#incident-response,2026-07-10T10:00:00,WARNING,New-Relic,Routine alert: Sessions is behaving normally.,Sessions
ALRT-c479e600,#growth-marketing,2026-07-10T11:00:00,INFO,Google-Analytics,Routine alert: Disk_IO is behaving normally.,Disk_IO
ALRT-8aa43a98,#db-alerts,2026-07-10T11:00:00,INFO,Google-Analytics,Routine alert: Error_Rate is behaving normally.,Error_Rate
ALRT-077a7515,#infra-alerts,2026-07-10T12:00:00,INFO,ElasticSearch-APM,Routine alert: AOV is behaving normally.,AOV
ALRT-e1bf36ff,#incident-response,2026-07-10T14:00:00,WARNING,New-Relic,Routine alert: Conversion_Rate is behaving normally.,Conversion_Rate
ALRT-d1f8f78b,#api-health,2026-07-10T17:00:00,INFO,Cloudflare-DNS,Routine alert: Conversion_Rate is behaving normally.,Conversion_Rate
ALRT-b518b6ca,#ops-monitoring,2026-07-10T19:00:00,INFO,Sentry,Routine alert: Payment_Success_Rate is behaving normally.,Payment_Success_Rate
ALRT-fa4b9b64,#platform-stability,2026-07-10T19:00:00,INFO,Cloudflare-DNS,Routine alert: Error_Rate is behaving normally.,Error_Rate
ALRT-f1ed7011,#ops-monitoring,2026-07-10T21:00:00,WARNING,New-Relic,Routine alert: Conversion_Rate is behaving normally.,Conversion_Rate
ALRT-fedf5497,#incident-response,2026-07-10T22:00:00,WARNING,AWS-CloudWatch,Routine alert: Disk_IO is behaving normally.,Disk_IO
ALRT-4aa1ce0a,#infra-alerts,2026-07-11T02:00:00,WARNING,New-Relic,Routine alert: Sessions is behaving normally.,Sessions
ALRT-2c3932ec,#api-health,2026-07-11T07:00:00,INFO,New-Relic,Routine alert: AOV is behaving normally.,AOV
ALRT-f5c454e4,#release-pipeline,2026-07-11T08:00:00,INFO,AWS-CloudWatch,Routine alert: Sessions is behaving normally.,Sessions
ALRT-fe655835,#infra-alerts,2026-07-11T09:00:00,INFO,New-Relic,Routine alert: Latency is behaving normally.,Latency
ALRT-8d79a43d,#growth-marketing,2026-07-11T11:00:00,WARNING,New-Relic,Routine alert: Revenue is behaving normally.,Revenue
ALRT-3dfd938f,#infra-alerts,2026-07-11T12:00:00,WARNING,StatusPage,Routine alert: Disk_IO is behaving normally.,Disk_IO
ALRT-f3b1d955,#release-pipeline,2026-07-11T13:00:00,WARNING,Grafana-Prometheus,Routine alert: AOV is behaving normally.,AOV
ALRT-a8d1e71c,#api-health,2026-07-11T14:00:00,WARNING,Sentry,Routine alert: CPU_Usage is behaving normally.,CPU_Usage
ALRT-c3d80933,#security-incidents,2026-07-11T16:00:00,INFO,Grafana-Prometheus,Routine alert: CPU_Usage is behaving normally.,CPU_Usage
ALRT-81c08056,#platform-stability,2026-07-11T16:00:00,INFO,PagerDuty,Routine alert: Error_Rate is behaving normally.,Error_Rate
ALRT-67d982b2,#infra-alerts,2026-07-11T19:00:00,INFO,AWS-CloudWatch,Routine alert: AOV is behaving normally.,AOV
ALRT-e98a886c,#platform-stability,2026-07-11T22:00:00,INFO,Datadog-APM,Routine alert: Latency is behaving normally.,Latency
ALRT-10232661,#ops-monitoring,2026-07-12T01:00:00,INFO,Cloudflare-DNS,Routine alert: Disk_IO is behaving normally.,Disk_IO
ALRT-344ea591,#growth-marketing,2026-07-12T02:00:00,INFO,Sentry,Routine alert: Memory_Usage is behaving normally.,Memory_Usage
ALRT-a3a7ec3b,#war-room-checkout,2026-07-12T08:00:00,WARNING,Sentry,Routine alert: AOV is behaving normally.,AOV
ALRT-86033341,#incident-response,2026-07-12T08:00:00,WARNING,Sentry,Routine alert: Sessions is behaving normally.,Sessions
ALRT-dc7304ee,#incident-response,2026-07-12T10:00:00,WARNING,Grafana-Prometheus,Routine alert: AOV is behaving normally.,AOV
ALRT-3a54bbc4,#platform-stability,2026-07-12T11:00:00,INFO,Google-Analytics,Routine alert: Conversion_Rate is behaving normally.,Conversion_Rate
ALRT-dd5c8ba0,#db-alerts,2026-07-12T14:00:00,INFO,PagerDuty,Routine alert: Conversion_Rate is behaving normally.,Conversion_Rate
ALRT-b88d8487,#platform-stability,2026-07-12T17:00:00,INFO,PagerDuty,Routine alert: Conversion_Rate is behaving normally.,Conversion_Rate
ALRT-c74c04ae,#platform-stability,2026-07-12T20:00:00,WARNING,New-Relic,Routine alert: Conversion_Rate is behaving normally.,Conversion_Rate
ALRT-eb4e3d07,#db-alerts,2026-07-12T21:00:00,INFO,Grafana-Prometheus,Routine alert: AOV is behaving normally.,AOV
ALRT-26625737,#platform-stability,2026-07-13T06:00:00,WARNING,New-Relic,Routine alert: Sessions is behaving normally.,Sessions
ALRT-0fcc90da,#platform-stability,2026-07-13T06:00:00,WARNING,Google-Analytics,Routine alert: Latency is behaving normally.,Latency
ALRT-93281e30,#api-health,2026-07-13T07:00:00,WARNING,ElasticSearch-APM,Routine alert: AOV is behaving normally.,AOV
ALRT-add8d1fc,#growth-marketing,2026-07-13T09:00:00,WARNING,Grafana-Prometheus,Routine alert: AOV is behaving normally.,AOV
ALRT-b4ffb114,#infra-alerts,2026-07-13T10:00:00,WARNING,PagerDuty,Routine alert: Disk_IO is behaving normally.,Disk_IO
ALRT-58aa80d6,#war-room-checkout,2026-07-13T17:00:00,INFO,StatusPage,Routine alert: Revenue is behaving normally.,Revenue
ALRT-fff6ca49,#war-room-checkout,2026-07-14T00:00:00,INFO,AWS-CloudWatch,Routine alert: Revenue is behaving normally.,Revenue
ALRT-64340a4b,#api-health,2026-07-14T00:00:00,WARNING,Cloudflare-DNS,Routine alert: Error_Rate is behaving normally.,Error_Rate
ALRT-9ae2b28f,#ops-monitoring,2026-07-14T01:00:00,INFO,Sentry,Routine alert: Error_Rate is behaving normally.,Error_Rate
ALRT-00f8e6ee,#api-health,2026-07-14T01:00:00,WARNING,AWS-CloudWatch,Routine alert: Error_Rate is behaving normally.,Error_Rate
ALRT-2624e0a4,#db-alerts,2026-07-14T01:00:00,WARNING,StatusPage,Routine alert: Memory_Usage is behaving normally.,Memory_Usage
ALRT-40b010e5,#infra-alerts,2026-07-14T01:00:00,WARNING,AWS-CloudWatch,Routine alert: Conversion_Rate is behaving normally.,Conversion_Rate
ALRT-7df3028a,#db-alerts,2026-07-14T02:00:00,INFO,Sentry,Routine alert: AOV is behaving normally.,AOV
ALRT-712af8cd,#incident-response,2026-07-14T03:00:00,WARNING,AWS-CloudWatch,Routine alert: AOV is behaving normally.,AOV
ALRT-1c3f541c,#release-pipeline,2026-07-14T04:00:00,WARNING,StatusPage,Routine alert: Latency is behaving normally.,Latency
ALRT-f0adcba4,#ops-monitoring,2026-07-14T05:00:00,INFO,Google-Analytics,Routine alert: Sessions is behaving normally.,Sessions
ALRT-fea3b513,#db-alerts,2026-07-14T05:00:00,WARNING,AWS-CloudWatch,Routine alert: CPU_Usage is behaving normally.,CPU_Usage
ALRT-15a80f56,#platform-stability,2026-07-14T05:00:00,INFO,ElasticSearch-APM,Routine alert: Disk_IO is behaving normally.,Disk_IO
ALRT-474fe52d,#release-pipeline,2026-07-14T06:00:00,INFO,Sentry,Routine alert: Error_Rate is behaving normally.,Error_Rate
ALRT-05b400c5,#platform-stability,2026-07-14T07:00:00,WARNING,StatusPage,Routine alert: Payment_Success_Rate is behaving normally.,Payment_Success_Rate
ALRT-c900f838,#ops-monitoring,2026-07-14T07:00:00,WARNING,Datadog-APM,Routine alert: AOV is behaving normally.,AOV
ALRT-04b39e27,#release-pipeline,2026-07-14T07:00:00,WARNING,StatusPage,Routine alert: Revenue is behaving normally.,Revenue
ALRT-9bde6a3f,#platform-stability,2026-07-14T08:00:00,INFO,StatusPage,Routine alert: Revenue is behaving normally.,Revenue
ALRT-03afaf73,#platform-stability,2026-07-14T08:00:00,INFO,PagerDuty,Routine alert: Latency is behaving normally.,Latency
ALRT-bfda1c50,#growth-marketing,2026-07-14T08:00:00,INFO,New-Relic,Routine alert: Error_Rate is behaving normally.,Error_Rate
ALRT-1e59ab5f,#growth-marketing,2026-07-14T09:00:00,WARNING,AWS-CloudWatch,Routine alert: AOV is behaving normally.,AOV
ALRT-03119b19,#ops-monitoring,2026-07-14T10:00:00,INFO,ElasticSearch-APM,Routine alert: CPU_Usage is behaving normally.,CPU_Usage
ALRT-e83799e0,#incident-response,2026-07-14T10:00:00,INFO,ElasticSearch-APM,Routine alert: AOV is behaving normally.,AOV
ALRT-fc801246,#platform-stability,2026-07-14T11:00:00,INFO,Google-Analytics,Routine alert: Conversion_Rate is behaving normally.,Conversion_Rate
ALRT-94b6f53d,#platform-stability,2026-07-14T13:00:00,WARNING,AWS-CloudWatch,Routine alert: Disk_IO is behaving normally.,Disk_IO
ALRT-cde29d4a,#release-pipeline,2026-07-14T15:00:00,INFO,Datadog-APM,Routine alert: CPU_Usage is behaving normally.,CPU_Usage
ALRT-c1ba6799,#platform-stability,2026-07-14T16:00:00,INFO,New-Relic,Routine alert: CPU_Usage is behaving normally.,CPU_Usage
ALRT-84cf89d7,#security-incidents,2026-07-14T16:00:00,WARNING,Datadog-APM,Routine alert: Conversion_Rate is behaving normally.,Conversion_Rate
ALRT-139c59e5,#war-room-checkout,2026-07-14T17:00:00,WARNING,Cloudflare-DNS,Routine alert: Error_Rate is behaving normally.,Error_Rate
ALRT-b77aa524,#incident-response,2026-07-14T18:00:00,WARNING,Cloudflare-DNS,Routine alert: Memory_Usage is behaving normally.,Memory_Usage
ALRT-dfd97f7e,#db-alerts,2026-07-14T18:00:00,WARNING,PagerDuty,Routine alert: Revenue is behaving normally.,Revenue
ALRT-737034d6,#incident-response,2026-07-14T19:00:00,WARNING,StatusPage,Routine alert: Conversion_Rate is behaving normally.,Conversion_Rate
ALRT-728a5c99,#war-room-checkout,2026-07-14T19:00:00,INFO,Sentry,Routine alert: AOV is behaving normally.,AOV
ALRT-fa449fb6,#db-alerts,2026-07-14T20:00:00,INFO,New-Relic,Routine alert: Disk_IO is behaving normally.,Disk_IO
ALRT-3e7ca901,#platform-stability,2026-07-14T20:00:00,INFO,Datadog-APM,Routine alert: Revenue is behaving normally.,Revenue
ALRT-dda79da1,#ops-monitoring,2026-07-14T21:00:00,WARNING,Google-Analytics,Routine alert: Error_Rate is behaving normally.,Error_Rate
ALRT-277bba69,#growth-marketing,2026-07-14T22:00:00,INFO,Google-Analytics,Routine alert: AOV is behaving normally.,AOV
ALRT-7611f046,#growth-marketing,2026-07-14T22:00:00,WARNING,AWS-CloudWatch,Routine alert: AOV is behaving normally.,AOV
ALRT-415d41da,#war-room-checkout,2026-07-14T22:00:00,INFO,PagerDuty,Routine alert: Memory_Usage is behaving normally.,Memory_Usage
ALRT-dd7b9895,#infra-alerts,2026-07-15T02:00:00,CRITICAL,Cloudflare-DNS,[CRITICAL] Edge latency spiked to 1200ms in EU. 502 errors detected on upstream.,Latency
ALRT-74a58be9,#infra-alerts,2026-07-15T05:00:00,CRITICAL,Cloudflare-DNS,[CRITICAL] Edge latency spiked to 1200ms in EU. 502 errors detected on upstream.,Latency
ALRT-063f5228,#infra-alerts,2026-07-15T05:00:00,CRITICAL,Cloudflare-DNS,[CRITICAL] Edge latency spiked to 1200ms in EU. 502 errors detected on upstream.,Latency
ALRT-fe5044e8,#incident-response,2026-07-15T06:00:00,WARNING,ElasticSearch-APM,Routine alert: Disk_IO is behaving normally.,Disk_IO
ALRT-ecfdb58e,#infra-alerts,2026-07-15T09:00:00,CRITICAL,Cloudflare-DNS,[CRITICAL] Edge latency spiked to 1200ms in EU. 502 errors detected on upstream.,Latency
ALRT-1341da42,#infra-alerts,2026-07-15T16:00:00,INFO,StatusPage,Routine alert: AOV is behaving normally.,AOV
ALRT-5d2465ae,#infra-alerts,2026-07-15T17:00:00,CRITICAL,Cloudflare-DNS,[CRITICAL] Edge latency spiked to 1200ms in EU. 502 errors detected on upstream.,Latency
ALRT-e34e34c1,#security-incidents,2026-07-15T19:00:00,WARNING,Datadog-APM,Routine alert: Memory_Usage is behaving normally.,Memory_Usage
ALRT-8163dcd9,#war-room-checkout,2026-07-15T20:00:00,WARNING,Cloudflare-DNS,Routine alert: Revenue is behaving normally.,Revenue
ALRT-a9bbb247,#infra-alerts,2026-07-15T20:00:00,CRITICAL,Cloudflare-DNS,[CRITICAL] Edge latency spiked to 1200ms in EU. 502 errors detected on upstream.,Latency
ALRT-d26f3825,#security-incidents,2026-07-15T20:00:00,INFO,Cloudflare-DNS,Routine alert: Revenue is behaving normally.,Revenue
ALRT-04a89572,#infra-alerts,2026-07-15T21:00:00,WARNING,Cloudflare-DNS,[WARNING] Edge latency spiked to 1200ms in EU. 502 errors detected on upstream.,Latency
ALRT-fe81a5c6,#infra-alerts,2026-07-15T21:00:00,WARNING,Cloudflare-DNS,[WARNING] Edge latency spiked to 1200ms in EU. 502 errors detected on upstream.,Latency
ALRT-031a5bb0,#infra-alerts,2026-07-15T23:00:00,CRITICAL,Cloudflare-DNS,[CRITICAL] Edge latency spiked to 1200ms in EU. 502 errors detected on upstream.,Latency
ALRT-bc438f05,#infra-alerts,2026-07-16T00:00:00,CRITICAL,Cloudflare-DNS,[CRITICAL] Edge latency spiked to 1200ms in EU. 502 errors detected on upstream.,Latency
ALRT-b6684f60,#infra-alerts,2026-07-16T01:00:00,WARNING,Cloudflare-DNS,[WARNING] Edge latency spiked to 1200ms in EU. 502 errors detected on upstream.,Latency
ALRT-4ab83d4a,#infra-alerts,2026-07-16T01:00:00,CRITICAL,Cloudflare-DNS,[CRITICAL] Edge latency spiked to 1200ms in EU. 502 errors detected on upstream.,Latency
ALRT-7aff11ae,#infra-alerts,2026-07-16T05:00:00,CRITICAL,Cloudflare-DNS,[CRITICAL] Edge latency spiked to 1200ms in EU. 502 errors detected on upstream.,Latency
ALRT-d1858803,#infra-alerts,2026-07-16T07:00:00,INFO,ElasticSearch-APM,Routine alert: Memory_Usage is behaving normally.,Memory_Usage
ALRT-2a5c0507,#incident-response,2026-07-16T08:00:00,WARNING,Sentry,Routine alert: Revenue is behaving normally.,Revenue
ALRT-f5ecece3,#incident-response,2026-07-16T10:00:00,WARNING,Google-Analytics,Routine alert: Error_Rate is behaving normally.,Error_Rate
ALRT-306f8a6e,#infra-alerts,2026-07-16T10:00:00,WARNING,Cloudflare-DNS,[WARNING] Edge latency spiked to 1200ms in EU. 502 errors detected on upstream.,Latency
ALRT-71db86eb,#release-pipeline,2026-07-16T12:00:00,INFO,Sentry,Routine alert: Revenue is behaving normally.,Revenue
ALRT-de88da31,#infra-alerts,2026-07-16T13:00:00,CRITICAL,Cloudflare-DNS,[CRITICAL] Edge latency spiked to 1200ms in EU. 502 errors detected on upstream.,Latency
ALRT-d8d31711,#platform-stability,2026-07-16T13:00:00,WARNING,ElasticSearch-APM,Routine alert: CPU_Usage is behaving normally.,CPU_Usage
ALRT-5fa9ab75,#infra-alerts,2026-07-16T15:00:00,WARNING,Cloudflare-DNS,[WARNING] Edge latency spiked to 1200ms in EU. 502 errors detected on upstream.,Latency
ALRT-f80857e9,#ops-monitoring,2026-07-16T16:00:00,WARNING,Cloudflare-DNS,Routine alert: Error_Rate is behaving normally.,Error_Rate
ALRT-fd3a4fcd,#infra-alerts,2026-07-16T18:00:00,CRITICAL,Cloudflare-DNS,[CRITICAL] Edge latency spiked to 1200ms in EU. 502 errors detected on upstream.,Latency
ALRT-ae2b710c,#infra-alerts,2026-07-16T22:00:00,INFO,Grafana-Prometheus,Routine alert: Disk_IO is behaving normally.,Disk_IO
ALRT-fe2e3de2,#infra-alerts,2026-07-16T23:00:00,CRITICAL,Cloudflare-DNS,[CRITICAL] Edge latency spiked to 1200ms in EU. 502 errors detected on upstream.,Latency
ALRT-f73d1c65,#infra-alerts,2026-07-16T23:00:00,CRITICAL,Cloudflare-DNS,[CRITICAL] Edge latency spiked to 1200ms in EU. 502 errors detected on upstream.,Latency
ALRT-fa7a64f8,#infra-alerts,2026-07-17T00:00:00,CRITICAL,Cloudflare-DNS,[CRITICAL] Edge latency spiked to 1200ms in EU. 502 errors detected on upstream.,Latency
ALRT-b5c1741b,#infra-alerts,2026-07-17T00:00:00,CRITICAL,Cloudflare-DNS,[CRITICAL] Edge latency spiked to 1200ms in EU. 502 errors detected on upstream.,Latency
ALRT-84be1637,#infra-alerts,2026-07-17T01:00:00,CRITICAL,Cloudflare-DNS,[CRITICAL] Edge latency spiked to 1200ms in EU. 502 errors detected on upstream.,Latency
ALRT-d93e39e0,#platform-stability,2026-07-17T01:00:00,INFO,Grafana-Prometheus,Routine alert: AOV is behaving normally.,AOV
ALRT-b6d08b45,#infra-alerts,2026-07-17T01:00:00,WARNING,Cloudflare-DNS,[WARNING] Edge latency spiked to 1200ms in EU. 502 errors detected on upstream.,Latency
ALRT-aaa3b258,#infra-alerts,2026-07-17T02:00:00,CRITICAL,Cloudflare-DNS,[CRITICAL] Edge latency spiked to 1200ms in EU. 502 errors detected on upstream.,Latency
ALRT-eec0ca2a,#infra-alerts,2026-07-17T02:00:00,WARNING,Cloudflare-DNS,[WARNING] Edge latency spiked to 1200ms in EU. 502 errors detected on upstream.,Latency
ALRT-def3e86a,#infra-alerts,2026-07-17T02:00:00,CRITICAL,Cloudflare-DNS,[CRITICAL] Edge latency spiked to 1200ms in EU. 502 errors detected on upstream.,Latency
ALRT-b6b68c69,#infra-alerts,2026-07-17T05:00:00,CRITICAL,Cloudflare-DNS,[CRITICAL] Edge latency spiked to 1200ms in EU. 502 errors detected on upstream.,Latency
ALRT-90138dff,#infra-alerts,2026-07-17T06:00:00,WARNING,Cloudflare-DNS,[WARNING] Edge latency spiked to 1200ms in EU. 502 errors detected on upstream.,Latency
ALRT-ed91e954,#db-alerts,2026-07-17T06:00:00,INFO,Sentry,Routine alert: Sessions is behaving normally.,Sessions
ALRT-3f6eef23,#infra-alerts,2026-07-17T07:00:00,CRITICAL,Cloudflare-DNS,[CRITICAL] Edge latency spiked to 1200ms in EU. 502 errors detected on upstream.,Latency
ALRT-6ae54a4c,#release-pipeline,2026-07-17T09:00:00,INFO,Grafana-Prometheus,Routine alert: Conversion_Rate is behaving normally.,Conversion_Rate
ALRT-33bded79,#infra-alerts,2026-07-17T09:00:00,CRITICAL,Cloudflare-DNS,[CRITICAL] Edge latency spiked to 1200ms in EU. 502 errors detected on upstream.,Latency
ALRT-1e84c1d3,#infra-alerts,2026-07-17T10:00:00,WARNING,Cloudflare-DNS,[WARNING] Edge latency spiked to 1200ms in EU. 502 errors detected on upstream.,Latency
ALRT-3cff0030,#infra-alerts,2026-07-17T10:00:00,CRITICAL,Cloudflare-DNS,[CRITICAL] Edge latency spiked to 1200ms in EU. 502 errors detected on upstream.,Latency
ALRT-ae40059b,#infra-alerts,2026-07-17T10:00:00,CRITICAL,Cloudflare-DNS,[CRITICAL] Edge latency spiked to 1200ms in EU. 502 errors detected on upstream.,Latency
ALRT-0df3fc83,#infra-alerts,2026-07-17T12:00:00,CRITICAL,Cloudflare-DNS,[CRITICAL] Edge latency spiked to 1200ms in EU. 502 errors detected on upstream.,Latency
ALRT-e630eaaa,#infra-alerts,2026-07-17T12:00:00,WARNING,Cloudflare-DNS,[WARNING] Edge latency spiked to 1200ms in EU. 502 errors detected on upstream.,Latency
ALRT-59d8b7ce,#infra-alerts,2026-07-17T15:00:00,WARNING,Cloudflare-DNS,[WARNING] Edge latency spiked to 1200ms in EU. 502 errors detected on upstream.,Latency
ALRT-24f1e2d9,#infra-alerts,2026-07-17T16:00:00,CRITICAL,Cloudflare-DNS,[CRITICAL] Edge latency spiked to 1200ms in EU. 502 errors detected on upstream.,Latency
ALRT-de7477b0,#infra-alerts,2026-07-17T16:00:00,WARNING,Cloudflare-DNS,[WARNING] Edge latency spiked to 1200ms in EU. 502 errors detected on upstream.,Latency
ALRT-c4986851,#incident-response,2026-07-17T16:00:00,INFO,New-Relic,Routine alert: Memory_Usage is behaving normally.,Memory_Usage
ALRT-a5994915,#infra-alerts,2026-07-17T17:00:00,CRITICAL,Cloudflare-DNS,[CRITICAL] Edge latency spiked to 1200ms in EU. 502 errors detected on upstream.,Latency
ALRT-681a444f,#incident-response,2026-07-17T18:00:00,INFO,AWS-CloudWatch,Routine alert: AOV is behaving normally.,AOV
ALRT-348b2123,#infra-alerts,2026-07-17T19:00:00,WARNING,Cloudflare-DNS,[WARNING] Edge latency spiked to 1200ms in EU. 502 errors detected on upstream.,Latency
ALRT-ed4d08ad,#incident-response,2026-07-17T20:00:00,INFO,Datadog-APM,Routine alert: Revenue is behaving normally.,Revenue
ALRT-bbd8a830,#infra-alerts,2026-07-17T21:00:00,WARNING,Cloudflare-DNS,[WARNING] Edge latency spiked to 1200ms in EU. 502 errors detected on upstream.,Latency
ALRT-df3662ec,#platform-stability,2026-07-17T23:00:00,INFO,AWS-CloudWatch,Routine alert: Latency is behaving normally.,Latency
ALRT-26cc7169,#infra-alerts,2026-07-18T00:00:00,CRITICAL,Cloudflare-DNS,[CRITICAL] Edge latency spiked to 1200ms in EU. 502 errors detected on upstream.,Latency
ALRT-8dbe6e92,#infra-alerts,2026-07-18T04:00:00,CRITICAL,Cloudflare-DNS,[CRITICAL] Edge latency spiked to 1200ms in EU. 502 errors detected on upstream.,Latency
ALRT-c028bd80,#infra-alerts,2026-07-18T05:00:00,WARNING,Cloudflare-DNS,[WARNING] Edge latency spiked to 1200ms in EU. 502 errors detected on upstream.,Latency
ALRT-8710c0ee,#db-alerts,2026-07-18T05:00:00,INFO,Google-Analytics,Routine alert: Disk_IO is behaving normally.,Disk_IO
ALRT-7acb24ef,#infra-alerts,2026-07-18T05:00:00,WARNING,Cloudflare-DNS,[WARNING] Edge latency spiked to 1200ms in EU. 502 errors detected on upstream.,Latency
ALRT-6c025a6e,#api-health,2026-07-18T07:00:00,WARNING,PagerDuty,Routine alert: Latency is behaving normally.,Latency
ALRT-1c04acc5,#infra-alerts,2026-07-18T08:00:00,CRITICAL,Cloudflare-DNS,[CRITICAL] Edge latency spiked to 1200ms in EU. 502 errors detected on upstream.,Latency
ALRT-bfb83b1c,#infra-alerts,2026-07-18T10:00:00,CRITICAL,Cloudflare-DNS,[CRITICAL] Edge latency spiked to 1200ms in EU. 502 errors detected on upstream.,Latency
ALRT-7956e28e,#infra-alerts,2026-07-18T13:00:00,WARNING,Cloudflare-DNS,[WARNING] Edge latency spiked to 1200ms in EU. 502 errors detected on upstream.,Latency
ALRT-6b1065dd,#infra-alerts,2026-07-18T13:00:00,WARNING,Cloudflare-DNS,[WARNING] Edge latency spiked to 1200ms in EU. 502 errors detected on upstream.,Latency
ALRT-de1c2ff7,#infra-alerts,2026-07-18T14:00:00,WARNING,Cloudflare-DNS,[WARNING] Edge latency spiked to 1200ms in EU. 502 errors detected on upstream.,Latency
ALRT-7f97c748,#api-health,2026-07-18T14:00:00,INFO,New-Relic,Routine alert: Sessions is behaving normally.,Sessions
ALRT-cf40909e,#infra-alerts,2026-07-18T14:00:00,CRITICAL,Cloudflare-DNS,[CRITICAL] Edge latency spiked to 1200ms in EU. 502 errors detected on upstream.,Latency
ALRT-c9b714b0,#growth-marketing,2026-07-18T17:00:00,WARNING,Google-Analytics,Routine alert: AOV is behaving normally.,AOV
ALRT-c8ee598e,#infra-alerts,2026-07-18T17:00:00,WARNING,Cloudflare-DNS,[WARNING] Edge latency spiked to 1200ms in EU. 502 errors detected on upstream.,Latency
ALRT-abf35092,#infra-alerts,2026-07-18T19:00:00,WARNING,Cloudflare-DNS,[WARNING] Edge latency spiked to 1200ms in EU. 502 errors detected on upstream.,Latency
ALRT-9b639561,#infra-alerts,2026-07-18T20:00:00,WARNING,Cloudflare-DNS,[WARNING] Edge latency spiked to 1200ms in EU. 502 errors detected on upstream.,Latency
ALRT-489e7b42,#ops-monitoring,2026-07-18T22:00:00,INFO,Google-Analytics,Routine alert: Memory_Usage is behaving normally.,Memory_Usage
ALRT-d16853c6,#infra-alerts,2026-07-18T22:00:00,WARNING,Cloudflare-DNS,[WARNING] Edge latency spiked to 1200ms in EU. 502 errors detected on upstream.,Latency
ALRT-428b1df0,#infra-alerts,2026-07-18T23:00:00,WARNING,Cloudflare-DNS,[WARNING] Edge latency spiked to 1200ms in EU. 502 errors detected on upstream.,Latency
ALRT-a742d600,#infra-alerts,2026-07-19T00:00:00,WARNING,Cloudflare-DNS,[WARNING] Edge latency spiked to 1200ms in EU. 502 errors detected on upstream.,Latency
ALRT-20e4e38e,#infra-alerts,2026-07-19T00:00:00,WARNING,Cloudflare-DNS,[WARNING] Edge latency spiked to 1200ms in EU. 502 errors detected on upstream.,Latency
ALRT-b7dfb0f7,#infra-alerts,2026-07-19T00:00:00,WARNING,Cloudflare-DNS,[WARNING] Edge latency spiked to 1200ms in EU. 502 errors detected on upstream.,Latency
ALRT-c43f0462,#infra-alerts,2026-07-19T01:00:00,CRITICAL,Cloudflare-DNS,[CRITICAL] Edge latency spiked to 1200ms in EU. 502 errors detected on upstream.,Latency
ALRT-1d7e962c,#war-room-checkout,2026-07-19T03:00:00,WARNING,PagerDuty,Routine alert: CPU_Usage is behaving normally.,CPU_Usage
ALRT-6e302c16,#infra-alerts,2026-07-19T04:00:00,CRITICAL,Cloudflare-DNS,[CRITICAL] Edge latency spiked to 1200ms in EU. 502 errors detected on upstream.,Latency
ALRT-ad2b24b2,#infra-alerts,2026-07-19T05:00:00,CRITICAL,Cloudflare-DNS,[CRITICAL] Edge latency spiked to 1200ms in EU. 502 errors detected on upstream.,Latency
ALRT-fc73c169,#infra-alerts,2026-07-19T05:00:00,CRITICAL,Cloudflare-DNS,[CRITICAL] Edge latency spiked to 1200ms in EU. 502 errors detected on upstream.,Latency
ALRT-3c4ff345,#ops-monitoring,2026-07-19T05:00:00,INFO,StatusPage,Routine alert: Payment_Success_Rate is behaving normally.,Payment_Success_Rate
ALRT-2d2bffe0,#infra-alerts,2026-07-19T07:00:00,CRITICAL,Cloudflare-DNS,[CRITICAL] Edge latency spiked to 1200ms in EU. 502 errors detected on upstream.,Latency
ALRT-afef404b,#infra-alerts,2026-07-19T07:00:00,CRITICAL,Cloudflare-DNS,[CRITICAL] Edge latency spiked to 1200ms in EU. 502 errors detected on upstream.,Latency
ALRT-7ca22a1b,#infra-alerts,2026-07-19T07:00:00,CRITICAL,Cloudflare-DNS,[CRITICAL] Edge latency spiked to 1200ms in EU. 502 errors detected on upstream.,Latency
ALRT-bb064228,#infra-alerts,2026-07-19T08:00:00,CRITICAL,Cloudflare-DNS,[CRITICAL] Edge latency spiked to 1200ms in EU. 502 errors detected on upstream.,Latency
ALRT-b1b2a6c5,#release-pipeline,2026-07-19T10:00:00,WARNING,Datadog-APM,Routine alert: AOV is behaving normally.,AOV
ALRT-a71b4cb4,#infra-alerts,2026-07-19T10:00:00,WARNING,Cloudflare-DNS,[WARNING] Edge latency spiked to 1200ms in EU. 502 errors detected on upstream.,Latency
ALRT-e789da1d,#infra-alerts,2026-07-19T11:00:00,WARNING,Cloudflare-DNS,[WARNING] Edge latency spiked to 1200ms in EU. 502 errors detected on upstream.,Latency
ALRT-ed7a84ec,#infra-alerts,2026-07-19T11:00:00,WARNING,Cloudflare-DNS,[WARNING] Edge latency spiked to 1200ms in EU. 502 errors detected on upstream.,Latency
ALRT-af00eb51,#infra-alerts,2026-07-19T12:00:00,CRITICAL,Cloudflare-DNS,[CRITICAL] Edge latency spiked to 1200ms in EU. 502 errors detected on upstream.,Latency
ALRT-2b31dff9,#incident-response,2026-07-19T14:00:00,WARNING,Grafana-Prometheus,Routine alert: AOV is behaving normally.,AOV
ALRT-fea4644c,#ops-monitoring,2026-07-19T15:00:00,WARNING,StatusPage,Routine alert: Sessions is behaving normally.,Sessions
ALRT-85adf37a,#infra-alerts,2026-07-19T16:00:00,WARNING,Cloudflare-DNS,[WARNING] Edge latency spiked to 1200ms in EU. 502 errors detected on upstream.,Latency
ALRT-73bdaae3,#infra-alerts,2026-07-19T20:00:00,CRITICAL,Cloudflare-DNS,[CRITICAL] Edge latency spiked to 1200ms in EU. 502 errors detected on upstream.,Latency
ALRT-6a083e84,#infra-alerts,2026-07-19T20:00:00,CRITICAL,Cloudflare-DNS,[CRITICAL] Edge latency spiked to 1200ms in EU. 502 errors detected on upstream.,Latency
ALRT-21f99eb2,#growth-marketing,2026-07-19T20:00:00,WARNING,Grafana-Prometheus,Routine alert: Conversion_Rate is behaving normally.,Conversion_Rate
ALRT-a797640e,#infra-alerts,2026-07-19T21:00:00,CRITICAL,Cloudflare-DNS,[CRITICAL] Edge latency spiked to 1200ms in EU. 502 errors detected on upstream.,Latency
ALRT-377557b8,#infra-alerts,2026-07-19T22:00:00,WARNING,Cloudflare-DNS,[WARNING] Edge latency spiked to 1200ms in EU. 502 errors detected on upstream.,Latency
ALRT-ecae8ef3,#infra-alerts,2026-07-20T01:00:00,WARNING,Cloudflare-DNS,[WARNING] Edge latency spiked to 1200ms in EU. 502 errors detected on upstream.,Latency
ALRT-aaac2b37,#infra-alerts,2026-07-20T01:00:00,CRITICAL,Cloudflare-DNS,[CRITICAL] Edge latency spiked to 1200ms in EU. 502 errors detected on upstream.,Latency
ALRT-371ec77b,#infra-alerts,2026-07-20T02:00:00,CRITICAL,Cloudflare-DNS,[CRITICAL] Edge latency spiked to 1200ms in EU. 502 errors detected on upstream.,Latency
ALRT-aad248b1,#infra-alerts,2026-07-20T03:00:00,WARNING,Cloudflare-DNS,[WARNING] Edge latency spiked to 1200ms in EU. 502 errors detected on upstream.,Latency
ALRT-554d4c70,#infra-alerts,2026-07-20T04:00:00,WARNING,Cloudflare-DNS,[WARNING] Edge latency spiked to 1200ms in EU. 502 errors detected on upstream.,Latency
ALRT-77034f80,#infra-alerts,2026-07-20T04:00:00,CRITICAL,Cloudflare-DNS,[CRITICAL] Edge latency spiked to 1200ms in EU. 502 errors detected on upstream.,Latency
ALRT-1fe1d5e2,#infra-alerts,2026-07-20T06:00:00,CRITICAL,Cloudflare-DNS,[CRITICAL] Edge latency spiked to 1200ms in EU. 502 errors detected on upstream.,Latency
ALRT-0db1080e,#war-room-checkout,2026-07-20T06:00:00,INFO,New-Relic,Routine alert: Latency is behaving normally.,Latency
ALRT-328af727,#infra-alerts,2026-07-20T07:00:00,WARNING,Cloudflare-DNS,[WARNING] Edge latency spiked to 1200ms in EU. 502 errors detected on upstream.,Latency
ALRT-d82d98de,#infra-alerts,2026-07-20T07:00:00,WARNING,Cloudflare-DNS,[WARNING] Edge latency spiked to 1200ms in EU. 502 errors detected on upstream.,Latency
ALRT-3e952adc,#infra-alerts,2026-07-20T07:00:00,CRITICAL,Cloudflare-DNS,[CRITICAL] Edge latency spiked to 1200ms in EU. 502 errors detected on upstream.,Latency
ALRT-7c7e209b,#infra-alerts,2026-07-20T08:00:00,CRITICAL,Cloudflare-DNS,[CRITICAL] Edge latency spiked to 1200ms in EU. 502 errors detected on upstream.,Latency
ALRT-c8844bf7,#infra-alerts,2026-07-20T08:00:00,CRITICAL,Cloudflare-DNS,[CRITICAL] Edge latency spiked to 1200ms in EU. 502 errors detected on upstream.,Latency
ALRT-0c58c30a,#ops-monitoring,2026-07-20T08:00:00,INFO,Google-Analytics,Routine alert: AOV is behaving normally.,AOV
ALRT-13d2f8bb,#infra-alerts,2026-07-20T08:00:00,WARNING,Cloudflare-DNS,[WARNING] Edge latency spiked to 1200ms in EU. 502 errors detected on upstream.,Latency
ALRT-76ee6c21,#infra-alerts,2026-07-20T10:00:00,WARNING,Cloudflare-DNS,[WARNING] Edge latency spiked to 1200ms in EU. 502 errors detected on upstream.,Latency
ALRT-86561ac9,#infra-alerts,2026-07-20T10:00:00,CRITICAL,Cloudflare-DNS,[CRITICAL] Edge latency spiked to 1200ms in EU. 502 errors detected on upstream.,Latency
ALRT-4fe23cd1,#infra-alerts,2026-07-20T11:00:00,WARNING,Cloudflare-DNS,[WARNING] Edge latency spiked to 1200ms in EU. 502 errors detected on upstream.,Latency
ALRT-9734cc43,#infra-alerts,2026-07-20T11:00:00,CRITICAL,Cloudflare-DNS,[CRITICAL] Edge latency spiked to 1200ms in EU. 502 errors detected on upstream.,Latency
ALRT-d634046e,#infra-alerts,2026-07-20T12:00:00,CRITICAL,Cloudflare-DNS,[CRITICAL] Edge latency spiked to 1200ms in EU. 502 errors detected on upstream.,Latency
ALRT-4dbb6b29,#infra-alerts,2026-07-20T13:00:00,INFO,ElasticSearch-APM,Routine alert: Disk_IO is behaving normally.,Disk_IO
ALRT-d5116b6b,#growth-marketing,2026-07-20T14:00:00,INFO,Sentry,Routine alert: Revenue is behaving normally.,Revenue
ALRT-cc86e02c,#infra-alerts,2026-07-20T15:00:00,CRITICAL,Cloudflare-DNS,[CRITICAL] Edge latency spiked to 1200ms in EU. 502 errors detected on upstream.,Latency
ALRT-168871a7,#infra-alerts,2026-07-20T16:00:00,WARNING,Cloudflare-DNS,[WARNING] Edge latency spiked to 1200ms in EU. 502 errors detected on upstream.,Latency
ALRT-db7fe51f,#war-room-checkout,2026-07-20T16:00:00,WARNING,AWS-CloudWatch,Routine alert: Disk_IO is behaving normally.,Disk_IO
ALRT-7e87c484,#infra-alerts,2026-07-20T20:00:00,WARNING,PagerDuty,Routine alert: Sessions is behaving normally.,Sessions
ALRT-5f027aa6,#infra-alerts,2026-07-20T20:00:00,WARNING,Cloudflare-DNS,[WARNING] Edge latency spiked to 1200ms in EU. 502 errors detected on upstream.,Latency
ALRT-43c02cd9,#infra-alerts,2026-07-20T20:00:00,WARNING,Cloudflare-DNS,[WARNING] Edge latency spiked to 1200ms in EU. 502 errors detected on upstream.,Latency
ALRT-e212e2b4,#infra-alerts,2026-07-20T21:00:00,CRITICAL,Cloudflare-DNS,[CRITICAL] Edge latency spiked to 1200ms in EU. 502 errors detected on upstream.,Latency
ALRT-667cea66,#growth-marketing,2026-07-20T22:00:00,WARNING,Datadog-APM,Routine alert: Sessions is behaving normally.,Sessions
ALRT-e11c196b,#infra-alerts,2026-07-20T22:00:00,WARNING,Cloudflare-DNS,[WARNING] Edge latency spiked to 1200ms in EU. 502 errors detected on upstream.,Latency
ALRT-cbb2cd32,#growth-marketing,2026-07-20T23:00:00,WARNING,Datadog-APM,Routine alert: Sessions is behaving normally.,Sessions
ALRT-bbc14624,#infra-alerts,2026-07-21T00:00:00,WARNING,Cloudflare-DNS,[WARNING] Edge latency spiked to 1200ms in EU. 502 errors detected on upstream.,Latency
ALRT-dbfd2d3d,#db-alerts,2026-07-21T01:00:00,WARNING,StatusPage,Routine alert: Conversion_Rate is behaving normally.,Conversion_Rate
ALRT-581b001b,#platform-stability,2026-07-21T02:00:00,INFO,Datadog-APM,Routine alert: Error_Rate is behaving normally.,Error_Rate
ALRT-be2c7a4e,#infra-alerts,2026-07-21T02:00:00,CRITICAL,Cloudflare-DNS,[CRITICAL] Edge latency spiked to 1200ms in EU. 502 errors detected on upstream.,Latency
ALRT-3266068f,#infra-alerts,2026-07-21T03:00:00,CRITICAL,Cloudflare-DNS,[CRITICAL] Edge latency spiked to 1200ms in EU. 502 errors detected on upstream.,Latency
ALRT-b1f99619,#infra-alerts,2026-07-21T03:00:00,CRITICAL,Cloudflare-DNS,[CRITICAL] Edge latency spiked to 1200ms in EU. 502 errors detected on upstream.,Latency
ALRT-4d9e8d82,#incident-response,2026-07-21T03:00:00,WARNING,ElasticSearch-APM,Routine alert: AOV is behaving normally.,AOV
ALRT-4e8be55c,#ops-monitoring,2026-07-21T05:00:00,WARNING,PagerDuty,Routine alert: Payment_Success_Rate is behaving normally.,Payment_Success_Rate
ALRT-4249aa1e,#growth-marketing,2026-07-21T06:00:00,WARNING,ElasticSearch-APM,Routine alert: Conversion_Rate is behaving normally.,Conversion_Rate
ALRT-a5af1a3d,#security-incidents,2026-07-21T08:00:00,WARNING,StatusPage,Routine alert: Memory_Usage is behaving normally.,Memory_Usage
ALRT-bc4aacaf,#infra-alerts,2026-07-21T09:00:00,CRITICAL,Cloudflare-DNS,[CRITICAL] Edge latency spiked to 1200ms in EU. 502 errors detected on upstream.,Latency
ALRT-aa7f91ec,#infra-alerts,2026-07-21T15:00:00,CRITICAL,Cloudflare-DNS,[CRITICAL] Edge latency spiked to 1200ms in EU. 502 errors detected on upstream.,Latency
ALRT-940bfb59,#infra-alerts,2026-07-21T17:00:00,WARNING,Cloudflare-DNS,[WARNING] Edge latency spiked to 1200ms in EU. 502 errors detected on upstream.,Latency
ALRT-03188a2a,#infra-alerts,2026-07-21T20:00:00,WARNING,Cloudflare-DNS,[WARNING] Edge latency spiked to 1200ms in EU. 502 errors detected on upstream.,Latency
ALRT-8836b5bb,#infra-alerts,2026-07-21T20:00:00,WARNING,Cloudflare-DNS,[WARNING] Edge latency spiked to 1200ms in EU. 502 errors detected on upstream.,Latency
ALRT-5df95018,#db-alerts,2026-07-22T01:00:00,WARNING,Sentry,Routine alert: Sessions is behaving normally.,Sessions
ALRT-db569b67,#security-incidents,2026-07-22T04:00:00,WARNING,Datadog-APM,Routine alert: Error_Rate is behaving normally.,Error_Rate
ALRT-d9e5e8c4,#infra-alerts,2026-07-22T04:00:00,CRITICAL,Cloudflare-DNS,[CRITICAL] Edge latency spiked to 1200ms in EU. 502 errors detected on upstream.,Latency
ALRT-544a9d13,#infra-alerts,2026-07-22T06:00:00,CRITICAL,Cloudflare-DNS,[CRITICAL] Edge latency spiked to 1200ms in EU. 502 errors detected on upstream.,Latency
ALRT-33c82dcf,#infra-alerts,2026-07-22T07:00:00,CRITICAL,Cloudflare-DNS,[CRITICAL] Edge latency spiked to 1200ms in EU. 502 errors detected on upstream.,Latency
ALRT-78e5b07f,#infra-alerts,2026-07-22T08:00:00,WARNING,Cloudflare-DNS,[WARNING] Edge latency spiked to 1200ms in EU. 502 errors detected on upstream.,Latency
ALRT-82bad765,#infra-alerts,2026-07-22T16:00:00,WARNING,Cloudflare-DNS,[WARNING] Edge latency spiked to 1200ms in EU. 502 errors detected on upstream.,Latency
ALRT-7c32df79,#ops-monitoring,2026-07-22T16:00:00,INFO,Datadog-APM,Routine alert: CPU_Usage is behaving normally.,CPU_Usage
ALRT-7f39b746,#infra-alerts,2026-07-22T18:00:00,INFO,Grafana-Prometheus,Routine alert: AOV is behaving normally.,AOV
ALRT-9487dd7a,#infra-alerts,2026-07-22T19:00:00,CRITICAL,Cloudflare-DNS,[CRITICAL] Edge latency spiked to 1200ms in EU. 502 errors detected on upstream.,Latency
ALRT-fffd9117,#growth-marketing,2026-07-22T21:00:00,WARNING,Cloudflare-DNS,Routine alert: Revenue is behaving normally.,Revenue
ALRT-508a9374,#infra-alerts,2026-07-22T23:00:00,CRITICAL,Cloudflare-DNS,[CRITICAL] Edge latency spiked to 1200ms in EU. 502 errors detected on upstream.,Latency
ALRT-1398afb2,#infra-alerts,2026-07-23T05:00:00,WARNING,Cloudflare-DNS,[WARNING] Edge latency spiked to 1200ms in EU. 502 errors detected on upstream.,Latency
ALRT-5c50b047,#infra-alerts,2026-07-23T05:00:00,WARNING,Cloudflare-DNS,[WARNING] Edge latency spiked to 1200ms in EU. 502 errors detected on upstream.,Latency
ALRT-32e398ba,#infra-alerts,2026-07-23T06:00:00,WARNING,Cloudflare-DNS,[WARNING] Edge latency spiked to 1200ms in EU. 502 errors detected on upstream.,Latency
ALRT-13cf9657,#war-room-checkout,2026-07-23T09:00:00,WARNING,Grafana-Prometheus,Routine alert: Revenue is behaving normally.,Revenue
ALRT-1d975c9c,#infra-alerts,2026-07-23T13:00:00,WARNING,Cloudflare-DNS,[WARNING] Edge latency spiked to 1200ms in EU. 502 errors detected on upstream.,Latency
ALRT-3472262f,#infra-alerts,2026-07-23T14:00:00,CRITICAL,Cloudflare-DNS,[CRITICAL] Edge latency spiked to 1200ms in EU. 502 errors detected on upstream.,Latency
ALRT-d02e675b,#infra-alerts,2026-07-23T15:00:00,CRITICAL,Cloudflare-DNS,[CRITICAL] Edge latency spiked to 1200ms in EU. 502 errors detected on upstream.,Latency
ALRT-c49436b3,#infra-alerts,2026-07-23T16:00:00,WARNING,Cloudflare-DNS,[WARNING] Edge latency spiked to 1200ms in EU. 502 errors detected on upstream.,Latency
ALRT-e2f601b2,#infra-alerts,2026-07-23T19:00:00,WARNING,Cloudflare-DNS,[WARNING] Edge latency spiked to 1200ms in EU. 502 errors detected on upstream.,Latency
ALRT-046e9b6d,#infra-alerts,2026-07-23T21:00:00,INFO,PagerDuty,Routine alert: CPU_Usage is behaving normally.,CPU_Usage
ALRT-6e96a87e,#infra-alerts,2026-07-23T23:00:00,INFO,Sentry,Routine alert: Conversion_Rate is behaving normally.,Conversion_Rate
ALRT-e6788909,#incident-response,2026-07-24T02:00:00,INFO,AWS-CloudWatch,Routine alert: Disk_IO is behaving normally.,Disk_IO
ALRT-cf5e0845,#infra-alerts,2026-07-24T02:00:00,WARNING,Cloudflare-DNS,[WARNING] Edge latency spiked to 1200ms in EU. 502 errors detected on upstream.,Latency
ALRT-8c5cc447,#security-incidents,2026-07-24T02:00:00,WARNING,Google-Analytics,Routine alert: AOV is behaving normally.,AOV
ALRT-cf63b912,#infra-alerts,2026-07-24T04:00:00,INFO,StatusPage,Routine alert: Payment_Success_Rate is behaving normally.,Payment_Success_Rate
ALRT-106eb403,#infra-alerts,2026-07-24T04:00:00,CRITICAL,Cloudflare-DNS,[CRITICAL] Edge latency spiked to 1200ms in EU. 502 errors detected on upstream.,Latency
ALRT-ccb3ef01,#infra-alerts,2026-07-24T07:00:00,WARNING,Cloudflare-DNS,[WARNING] Edge latency spiked to 1200ms in EU. 502 errors detected on upstream.,Latency
ALRT-378d1b32,#infra-alerts,2026-07-24T08:00:00,CRITICAL,Cloudflare-DNS,[CRITICAL] Edge latency spiked to 1200ms in EU. 502 errors detected on upstream.,Latency
ALRT-8950016c,#infra-alerts,2026-07-24T09:00:00,WARNING,Cloudflare-DNS,[WARNING] Edge latency spiked to 1200ms in EU. 502 errors detected on upstream.,Latency
ALRT-27fdd243,#infra-alerts,2026-07-24T09:00:00,CRITICAL,Cloudflare-DNS,[CRITICAL] Edge latency spiked to 1200ms in EU. 502 errors detected on upstream.,Latency
ALRT-029f9d03,#incident-response,2026-07-24T12:00:00,WARNING,Google-Analytics,Routine alert: Conversion_Rate is behaving normally.,Conversion_Rate
ALRT-8eb8af99,#war-room-checkout,2026-07-24T12:00:00,WARNING,Cloudflare-DNS,Routine alert: Sessions is behaving normally.,Sessions
ALRT-fad06bd8,#infra-alerts,2026-07-24T14:00:00,WARNING,Cloudflare-DNS,[WARNING] Edge latency spiked to 1200ms in EU. 502 errors detected on upstream.,Latency
ALRT-7d54d3a4,#infra-alerts,2026-07-24T15:00:00,WARNING,Cloudflare-DNS,[WARNING] Edge latency spiked to 1200ms in EU. 502 errors detected on upstream.,Latency
ALRT-81887995,#infra-alerts,2026-07-24T17:00:00,WARNING,Cloudflare-DNS,[WARNING] Edge latency spiked to 1200ms in EU. 502 errors detected on upstream.,Latency
ALRT-d85af683,#infra-alerts,2026-07-24T19:00:00,CRITICAL,Cloudflare-DNS,[CRITICAL] Edge latency spiked to 1200ms in EU. 502 errors detected on upstream.,Latency
ALRT-fbea6a9c,#infra-alerts,2026-07-24T20:00:00,CRITICAL,Cloudflare-DNS,[CRITICAL] Edge latency spiked to 1200ms in EU. 502 errors detected on upstream.,Latency
ALRT-884cbe0a,#infra-alerts,2026-07-25T00:00:00,WARNING,Cloudflare-DNS,[WARNING] Edge latency spiked to 1200ms in EU. 502 errors detected on upstream.,Latency
ALRT-3c97262f,#infra-alerts,2026-07-25T01:00:00,CRITICAL,Cloudflare-DNS,[CRITICAL] Edge latency spiked to 1200ms in EU. 502 errors detected on upstream.,Latency
ALRT-bde16e72,#infra-alerts,2026-07-25T01:00:00,WARNING,Cloudflare-DNS,[WARNING] Edge latency spiked to 1200ms in EU. 502 errors detected on upstream.,Latency
ALRT-90aedd09,#infra-alerts,2026-07-25T03:00:00,WARNING,Cloudflare-DNS,[WARNING] Edge latency spiked to 1200ms in EU. 502 errors detected on upstream.,Latency
ALRT-f00c0bff,#infra-alerts,2026-07-25T03:00:00,WARNING,Cloudflare-DNS,[WARNING] Edge latency spiked to 1200ms in EU. 502 errors detected on upstream.,Latency
ALRT-d406fb09,#infra-alerts,2026-07-25T03:00:00,CRITICAL,Cloudflare-DNS,[CRITICAL] Edge latency spiked to 1200ms in EU. 502 errors detected on upstream.,Latency
ALRT-a9100d87,#infra-alerts,2026-07-25T04:00:00,WARNING,Cloudflare-DNS,[WARNING] Edge latency spiked to 1200ms in EU. 502 errors detected on upstream.,Latency
ALRT-5b57981e,#infra-alerts,2026-07-25T04:00:00,WARNING,Cloudflare-DNS,[WARNING] Edge latency spiked to 1200ms in EU. 502 errors detected on upstream.,Latency
ALRT-d7526b06,#security-incidents,2026-07-25T05:00:00,INFO,New-Relic,Routine alert: Disk_IO is behaving normally.,Disk_IO
ALRT-d39ce272,#infra-alerts,2026-07-25T05:00:00,CRITICAL,Cloudflare-DNS,[CRITICAL] Edge latency spiked to 1200ms in EU. 502 errors detected on upstream.,Latency
ALRT-134d2de6,#infra-alerts,2026-07-25T06:00:00,CRITICAL,Cloudflare-DNS,[CRITICAL] Edge latency spiked to 1200ms in EU. 502 errors detected on upstream.,Latency
ALRT-9617eed6,#infra-alerts,2026-07-25T07:00:00,WARNING,Cloudflare-DNS,[WARNING] Edge latency spiked to 1200ms in EU. 502 errors detected on upstream.,Latency
ALRT-c225b790,#war-room-checkout,2026-07-25T08:00:00,WARNING,Cloudflare-DNS,Routine alert: Revenue is behaving normally.,Revenue
ALRT-37471855,#infra-alerts,2026-07-25T08:00:00,WARNING,Cloudflare-DNS,[WARNING] Edge latency spiked to 1200ms in EU. 502 errors detected on upstream.,Latency
ALRT-8ae0af07,#release-pipeline,2026-07-25T08:00:00,WARNING,AWS-CloudWatch,Routine alert: Payment_Success_Rate is behaving normally.,Payment_Success_Rate
ALRT-e950a686,#infra-alerts,2026-07-25T09:00:00,CRITICAL,Cloudflare-DNS,[CRITICAL] Edge latency spiked to 1200ms in EU. 502 errors detected on upstream.,Latency
ALRT-b039738f,#infra-alerts,2026-07-25T09:00:00,CRITICAL,Cloudflare-DNS,[CRITICAL] Edge latency spiked to 1200ms in EU. 502 errors detected on upstream.,Latency
ALRT-2123a946,#infra-alerts,2026-07-25T10:00:00,WARNING,Cloudflare-DNS,[WARNING] Edge latency spiked to 1200ms in EU. 502 errors detected on upstream.,Latency
ALRT-da4bd712,#infra-alerts,2026-07-25T11:00:00,CRITICAL,Cloudflare-DNS,[CRITICAL] Edge latency spiked to 1200ms in EU. 502 errors detected on upstream.,Latency
ALRT-008b20c9,#infra-alerts,2026-07-25T11:00:00,WARNING,Cloudflare-DNS,[WARNING] Edge latency spiked to 1200ms in EU. 502 errors detected on upstream.,Latency
ALRT-e85cf2f6,#infra-alerts,2026-07-25T11:00:00,WARNING,Cloudflare-DNS,[WARNING] Edge latency spiked to 1200ms in EU. 502 errors detected on upstream.,Latency
ALRT-062e875e,#growth-marketing,2026-07-25T12:00:00,INFO,AWS-CloudWatch,Routine alert: Payment_Success_Rate is behaving normally.,Payment_Success_Rate
ALRT-c0b4c4d8,#infra-alerts,2026-07-25T12:00:00,CRITICAL,Cloudflare-DNS,[CRITICAL] Edge latency spiked to 1200ms in EU. 502 errors detected on upstream.,Latency
ALRT-49d1ce7a,#infra-alerts,2026-07-25T12:00:00,CRITICAL,Cloudflare-DNS,[CRITICAL] Edge latency spiked to 1200ms in EU. 502 errors detected on upstream.,Latency
ALRT-43a3be2e,#infra-alerts,2026-07-25T13:00:00,WARNING,Cloudflare-DNS,[WARNING] Edge latency spiked to 1200ms in EU. 502 errors detected on upstream.,Latency
ALRT-7ac66da1,#infra-alerts,2026-07-25T14:00:00,WARNING,Cloudflare-DNS,[WARNING] Edge latency spiked to 1200ms in EU. 502 errors detected on upstream.,Latency
ALRT-09df5e55,#infra-alerts,2026-07-25T15:00:00,CRITICAL,Cloudflare-DNS,[CRITICAL] Edge latency spiked to 1200ms in EU. 502 errors detected on upstream.,Latency
ALRT-0c79ebf9,#infra-alerts,2026-07-25T15:00:00,WARNING,Cloudflare-DNS,[WARNING] Edge latency spiked to 1200ms in EU. 502 errors detected on upstream.,Latency
ALRT-2b289edc,#infra-alerts,2026-07-25T16:00:00,WARNING,Cloudflare-DNS,[WARNING] Edge latency spiked to 1200ms in EU. 502 errors detected on upstream.,Latency
ALRT-cdb8408b,#infra-alerts,2026-07-25T17:00:00,CRITICAL,Cloudflare-DNS,[CRITICAL] Edge latency spiked to 1200ms in EU. 502 errors detected on upstream.,Latency
ALRT-334a0715,#infra-alerts,2026-07-25T18:00:00,WARNING,Cloudflare-DNS,[WARNING] Edge latency spiked to 1200ms in EU. 502 errors detected on upstream.,Latency
ALRT-4b642558,#infra-alerts,2026-07-25T21:00:00,WARNING,Cloudflare-DNS,[WARNING] Edge latency spiked to 1200ms in EU. 502 errors detected on upstream.,Latency
ALRT-2e0fde41,#growth-marketing,2026-07-25T22:00:00,WARNING,Google-Analytics,Routine alert: Error_Rate is behaving normally.,Error_Rate
ALRT-0b9b61ef,#infra-alerts,2026-07-25T22:00:00,WARNING,Cloudflare-DNS,[WARNING] Edge latency spiked to 1200ms in EU. 502 errors detected on upstream.,Latency
ALRT-3f2b5495,#infra-alerts,2026-07-26T00:00:00,CRITICAL,Cloudflare-DNS,[CRITICAL] Edge latency spiked to 1200ms in EU. 502 errors detected on upstream.,Latency
ALRT-490c845b,#infra-alerts,2026-07-26T00:00:00,CRITICAL,Cloudflare-DNS,[CRITICAL] Edge latency spiked to 1200ms in EU. 502 errors detected on upstream.,Latency
ALRT-9710ab93,#infra-alerts,2026-07-26T00:00:00,INFO,Cloudflare-DNS,Routine alert: Revenue is behaving normally.,Revenue
ALRT-529c46ec,#infra-alerts,2026-07-26T01:00:00,WARNING,Cloudflare-DNS,[WARNING] Edge latency spiked to 1200ms in EU. 502 errors detected on upstream.,Latency
ALRT-dfdc1534,#security-incidents,2026-07-26T06:00:00,INFO,Grafana-Prometheus,Routine alert: Sessions is behaving normally.,Sessions
ALRT-cf85ffe5,#platform-stability,2026-07-26T07:00:00,INFO,Cloudflare-DNS,Routine alert: Sessions is behaving normally.,Sessions
ALRT-cc7f2a79,#api-health,2026-07-26T08:00:00,WARNING,New-Relic,Routine alert: Revenue is behaving normally.,Revenue
ALRT-8d37fee5,#infra-alerts,2026-07-26T08:00:00,CRITICAL,Cloudflare-DNS,[CRITICAL] Edge latency spiked to 1200ms in EU. 502 errors detected on upstream.,Latency
ALRT-78a05ed9,#growth-marketing,2026-07-26T09:00:00,INFO,ElasticSearch-APM,Routine alert: CPU_Usage is behaving normally.,CPU_Usage
ALRT-27996a40,#infra-alerts,2026-07-26T09:00:00,WARNING,Cloudflare-DNS,[WARNING] Edge latency spiked to 1200ms in EU. 502 errors detected on upstream.,Latency
ALRT-cea07bd4,#ops-monitoring,2026-07-26T10:00:00,WARNING,Datadog-APM,Routine alert: Disk_IO is behaving normally.,Disk_IO
ALRT-1aa30f58,#infra-alerts,2026-07-26T13:00:00,CRITICAL,Cloudflare-DNS,[CRITICAL] Edge latency spiked to 1200ms in EU. 502 errors detected on upstream.,Latency
ALRT-9a475641,#infra-alerts,2026-07-26T15:00:00,WARNING,Cloudflare-DNS,[WARNING] Edge latency spiked to 1200ms in EU. 502 errors detected on upstream.,Latency
ALRT-779e37b3,#api-health,2026-07-26T16:00:00,WARNING,ElasticSearch-APM,Routine alert: CPU_Usage is behaving normally.,CPU_Usage
ALRT-9fe0f00c,#war-room-checkout,2026-07-26T18:00:00,WARNING,Cloudflare-DNS,Routine alert: Error_Rate is behaving normally.,Error_Rate
ALRT-0eefe839,#infra-alerts,2026-07-26T19:00:00,WARNING,Cloudflare-DNS,[WARNING] Edge latency spiked to 1200ms in EU. 502 errors detected on upstream.,Latency
ALRT-4904ea5d,#infra-alerts,2026-07-26T19:00:00,WARNING,Cloudflare-DNS,[WARNING] Edge latency spiked to 1200ms in EU. 502 errors detected on upstream.,Latency
ALRT-0c974eaf,#growth-marketing,2026-07-26T20:00:00,INFO,StatusPage,Routine alert: Revenue is behaving normally.,Revenue
ALRT-20b92022,#infra-alerts,2026-07-26T21:00:00,CRITICAL,Cloudflare-DNS,[CRITICAL] Edge latency spiked to 1200ms in EU. 502 errors detected on upstream.,Latency
ALRT-7a343599,#infra-alerts,2026-07-26T22:00:00,CRITICAL,Cloudflare-DNS,[CRITICAL] Edge latency spiked to 1200ms in EU. 502 errors detected on upstream.,Latency
ALRT-db004417,#ops-monitoring,2026-07-26T22:00:00,INFO,New-Relic,Routine alert: Error_Rate is behaving normally.,Error_Rate
ALRT-6ad79d75,#infra-alerts,2026-07-27T01:00:00,WARNING,Cloudflare-DNS,[WARNING] Edge latency spiked to 1200ms in EU. 502 errors detected on upstream.,Latency
ALRT-b4e6a43b,#infra-alerts,2026-07-27T01:00:00,WARNING,Cloudflare-DNS,[WARNING] Edge latency spiked to 1200ms in EU. 502 errors detected on upstream.,Latency
ALRT-fac43506,#infra-alerts,2026-07-27T01:00:00,WARNING,Cloudflare-DNS,[WARNING] Edge latency spiked to 1200ms in EU. 502 errors detected on upstream.,Latency
ALRT-d717cdb1,#infra-alerts,2026-07-27T02:00:00,WARNING,Cloudflare-DNS,[WARNING] Edge latency spiked to 1200ms in EU. 502 errors detected on upstream.,Latency
ALRT-c7715c4a,#infra-alerts,2026-07-27T04:00:00,WARNING,Cloudflare-DNS,[WARNING] Edge latency spiked to 1200ms in EU. 502 errors detected on upstream.,Latency
ALRT-636f79d2,#growth-marketing,2026-07-27T05:00:00,WARNING,Grafana-Prometheus,Routine alert: Error_Rate is behaving normally.,Error_Rate
ALRT-e79b6acb,#infra-alerts,2026-07-27T07:00:00,WARNING,Cloudflare-DNS,[WARNING] Edge latency spiked to 1200ms in EU. 502 errors detected on upstream.,Latency
ALRT-eba0288c,#infra-alerts,2026-07-27T08:00:00,CRITICAL,Cloudflare-DNS,[CRITICAL] Edge latency spiked to 1200ms in EU. 502 errors detected on upstream.,Latency
ALRT-9ec04261,#infra-alerts,2026-07-27T09:00:00,WARNING,Cloudflare-DNS,[WARNING] Edge latency spiked to 1200ms in EU. 502 errors detected on upstream.,Latency
ALRT-181c6598,#growth-marketing,2026-07-27T09:00:00,INFO,StatusPage,Routine alert: Disk_IO is behaving normally.,Disk_IO
ALRT-82bf18e3,#infra-alerts,2026-07-27T09:00:00,CRITICAL,Cloudflare-DNS,[CRITICAL] Edge latency spiked to 1200ms in EU. 502 errors detected on upstream.,Latency
ALRT-47a5922b,#infra-alerts,2026-07-27T13:00:00,WARNING,Cloudflare-DNS,[WARNING] Edge latency spiked to 1200ms in EU. 502 errors detected on upstream.,Latency
ALRT-d58b0c8a,#infra-alerts,2026-07-27T13:00:00,WARNING,Cloudflare-DNS,[WARNING] Edge latency spiked to 1200ms in EU. 502 errors detected on upstream.,Latency
ALRT-afec5a11,#infra-alerts,2026-07-27T13:00:00,WARNING,Cloudflare-DNS,[WARNING] Edge latency spiked to 1200ms in EU. 502 errors detected on upstream.,Latency
ALRT-df3f1fc5,#infra-alerts,2026-07-27T14:00:00,CRITICAL,Cloudflare-DNS,[CRITICAL] Edge latency spiked to 1200ms in EU. 502 errors detected on upstream.,Latency
ALRT-5038e1fc,#infra-alerts,2026-07-27T14:00:00,CRITICAL,Cloudflare-DNS,[CRITICAL] Edge latency spiked to 1200ms in EU. 502 errors detected on upstream.,Latency
ALRT-ddc960fa,#infra-alerts,2026-07-27T15:00:00,CRITICAL,Cloudflare-DNS,[CRITICAL] Edge latency spiked to 1200ms in EU. 502 errors detected on upstream.,Latency
ALRT-1186c4f8,#infra-alerts,2026-07-27T20:00:00,WARNING,Cloudflare-DNS,[WARNING] Edge latency spiked to 1200ms in EU. 502 errors detected on upstream.,Latency
ALRT-20ad74ea,#release-pipeline,2026-07-28T00:00:00,WARNING,Datadog-APM,Routine alert: Memory_Usage is behaving normally.,Memory_Usage
ALRT-7367325a,#infra-alerts,2026-07-28T00:00:00,WARNING,Cloudflare-DNS,[WARNING] Edge latency spiked to 1200ms in EU. 502 errors detected on upstream.,Latency
ALRT-123fbadd,#platform-stability,2026-07-28T05:00:00,INFO,PagerDuty,Routine alert: Latency is behaving normally.,Latency
ALRT-28e1fca4,#infra-alerts,2026-07-28T09:00:00,WARNING,Cloudflare-DNS,[WARNING] Edge latency spiked to 1200ms in EU. 502 errors detected on upstream.,Latency
ALRT-7bd436b7,#war-room-checkout,2026-07-28T10:00:00,WARNING,Datadog-APM,Routine alert: Sessions is behaving normally.,Sessions
ALRT-c7199d6d,#release-pipeline,2026-07-28T11:00:00,WARNING,Google-Analytics,Routine alert: Latency is behaving normally.,Latency
ALRT-fc49602f,#infra-alerts,2026-07-28T12:00:00,CRITICAL,Cloudflare-DNS,[CRITICAL] Edge latency spiked to 1200ms in EU. 502 errors detected on upstream.,Latency
ALRT-d9d08882,#infra-alerts,2026-07-28T12:00:00,CRITICAL,Cloudflare-DNS,[CRITICAL] Edge latency spiked to 1200ms in EU. 502 errors detected on upstream.,Latency
ALRT-0f3487fa,#growth-marketing,2026-07-28T12:00:00,WARNING,AWS-CloudWatch,Routine alert: Revenue is behaving normally.,Revenue
ALRT-3451d554,#ops-monitoring,2026-07-28T12:00:00,WARNING,AWS-CloudWatch,Routine alert: Sessions is behaving normally.,Sessions
ALRT-85fd34f9,#incident-response,2026-07-28T13:00:00,INFO,Sentry,Routine alert: Conversion_Rate is behaving normally.,Conversion_Rate
ALRT-d1ec7e33,#infra-alerts,2026-07-28T13:00:00,CRITICAL,Cloudflare-DNS,[CRITICAL] Edge latency spiked to 1200ms in EU. 502 errors detected on upstream.,Latency
ALRT-fd901292,#infra-alerts,2026-07-28T14:00:00,WARNING,Datadog-APM,Routine alert: Memory_Usage is behaving normally.,Memory_Usage
ALRT-9b7d0d50,#infra-alerts,2026-07-28T15:00:00,WARNING,Cloudflare-DNS,[WARNING] Edge latency spiked to 1200ms in EU. 502 errors detected on upstream.,Latency
ALRT-be8b976f,#growth-marketing,2026-07-28T16:00:00,WARNING,ElasticSearch-APM,Routine alert: Latency is behaving normally.,Latency
ALRT-9e059de8,#infra-alerts,2026-07-28T17:00:00,CRITICAL,Cloudflare-DNS,[CRITICAL] Edge latency spiked to 1200ms in EU. 502 errors detected on upstream.,Latency
ALRT-d1fe61d4,#war-room-checkout,2026-07-28T20:00:00,WARNING,AWS-CloudWatch,Routine alert: Error_Rate is behaving normally.,Error_Rate
ALRT-03089f2f,#infra-alerts,2026-07-29T00:00:00,CRITICAL,Cloudflare-DNS,[CRITICAL] Edge latency spiked to 1200ms in EU. 502 errors detected on upstream.,Latency
ALRT-9e857ba4,#incident-response,2026-07-29T01:00:00,WARNING,Grafana-Prometheus,Routine alert: Error_Rate is behaving normally.,Error_Rate
ALRT-2e21d63d,#infra-alerts,2026-07-29T02:00:00,WARNING,Cloudflare-DNS,[WARNING] Edge latency spiked to 1200ms in EU. 502 errors detected on upstream.,Latency
ALRT-826c5814,#api-health,2026-07-29T04:00:00,INFO,New-Relic,Routine alert: Sessions is behaving normally.,Sessions
ALRT-a2a176f6,#api-health,2026-07-29T09:00:00,WARNING,Datadog-APM,Routine alert: Sessions is behaving normally.,Sessions
ALRT-e0132bfb,#infra-alerts,2026-07-29T10:00:00,CRITICAL,Cloudflare-DNS,[CRITICAL] Edge latency spiked to 1200ms in EU. 502 errors detected on upstream.,Latency
ALRT-b6bbbce8,#infra-alerts,2026-07-29T11:00:00,WARNING,AWS-CloudWatch,Routine alert: Error_Rate is behaving normally.,Error_Rate
ALRT-6e4c6dac,#platform-stability,2026-07-29T13:00:00,INFO,Google-Analytics,Routine alert: Error_Rate is behaving normally.,Error_Rate
ALRT-1a8b7461,#growth-marketing,2026-07-29T13:00:00,INFO,Cloudflare-DNS,Routine alert: Conversion_Rate is behaving normally.,Conversion_Rate
ALRT-ab96b9e3,#infra-alerts,2026-07-29T13:00:00,CRITICAL,Cloudflare-DNS,[CRITICAL] Edge latency spiked to 1200ms in EU. 502 errors detected on upstream.,Latency
ALRT-fda3dc69,#infra-alerts,2026-07-29T15:00:00,CRITICAL,Cloudflare-DNS,[CRITICAL] Edge latency spiked to 1200ms in EU. 502 errors detected on upstream.,Latency
ALRT-d2086b0c,#infra-alerts,2026-07-29T17:00:00,WARNING,Grafana-Prometheus,Routine alert: AOV is behaving normally.,AOV
ALRT-cbfc1c90,#infra-alerts,2026-07-29T18:00:00,CRITICAL,Cloudflare-DNS,[CRITICAL] Edge latency spiked to 1200ms in EU. 502 errors detected on upstream.,Latency
ALRT-c638f79e,#infra-alerts,2026-07-29T19:00:00,WARNING,Cloudflare-DNS,[WARNING] Edge latency spiked to 1200ms in EU. 502 errors detected on upstream.,Latency
ALRT-00becc27,#infra-alerts,2026-07-29T22:00:00,WARNING,Cloudflare-DNS,[WARNING] Edge latency spiked to 1200ms in EU. 502 errors detected on upstream.,Latency
ALRT-87d59b0a,#db-alerts,2026-07-30T00:00:00,WARNING,PagerDuty,Routine alert: Error_Rate is behaving normally.,Error_Rate
ALRT-44a61b4b,#infra-alerts,2026-07-30T00:00:00,CRITICAL,Cloudflare-DNS,[CRITICAL] Edge latency spiked to 1200ms in EU. 502 errors detected on upstream.,Latency
ALRT-f2ad55e4,#db-alerts,2026-07-30T08:00:00,INFO,Google-Analytics,Routine alert: Memory_Usage is behaving normally.,Memory_Usage
ALRT-c804a1d9,#infra-alerts,2026-07-30T10:00:00,CRITICAL,Cloudflare-DNS,[CRITICAL] Edge latency spiked to 1200ms in EU. 502 errors detected on upstream.,Latency
ALRT-aeafd5ba,#war-room-checkout,2026-07-30T10:00:00,INFO,Google-Analytics,Routine alert: Conversion_Rate is behaving normally.,Conversion_Rate
ALRT-c226a493,#infra-alerts,2026-07-30T12:00:00,WARNING,Cloudflare-DNS,[WARNING] Edge latency spiked to 1200ms in EU. 502 errors detected on upstream.,Latency
ALRT-b188faae,#infra-alerts,2026-07-30T15:00:00,WARNING,Cloudflare-DNS,[WARNING] Edge latency spiked to 1200ms in EU. 502 errors detected on upstream.,Latency
ALRT-8e1b80bf,#api-health,2026-07-30T16:00:00,WARNING,New-Relic,Routine alert: Revenue is behaving normally.,Revenue
ALRT-d94bb052,#infra-alerts,2026-07-30T17:00:00,CRITICAL,Cloudflare-DNS,[CRITICAL] Edge latency spiked to 1200ms in EU. 502 errors detected on upstream.,Latency
ALRT-95c09f2c,#infra-alerts,2026-07-30T18:00:00,WARNING,Cloudflare-DNS,[WARNING] Edge latency spiked to 1200ms in EU. 502 errors detected on upstream.,Latency
ALRT-ccc84ae9,#infra-alerts,2026-07-30T23:00:00,WARNING,Cloudflare-DNS,[WARNING] Edge latency spiked to 1200ms in EU. 502 errors detected on upstream.,Latency
ALRT-6da8ba7f,#infra-alerts,2026-07-31T00:00:00,WARNING,Cloudflare-DNS,[WARNING] Edge latency spiked to 1200ms in EU. 502 errors detected on upstream.,Latency
ALRT-e2767512,#infra-alerts,2026-07-31T00:00:00,CRITICAL,Cloudflare-DNS,[CRITICAL] Edge latency spiked to 1200ms in EU. 502 errors detected on upstream.,Latency
ALRT-5156c0a9,#infra-alerts,2026-07-31T01:00:00,CRITICAL,Cloudflare-DNS,[CRITICAL] Edge latency spiked to 1200ms in EU. 502 errors detected on upstream.,Latency
ALRT-a0f2274a,#infra-alerts,2026-07-31T02:00:00,CRITICAL,Cloudflare-DNS,[CRITICAL] Edge latency spiked to 1200ms in EU. 502 errors detected on upstream.,Latency
ALRT-d8818f73,#infra-alerts,2026-07-31T02:00:00,CRITICAL,Cloudflare-DNS,[CRITICAL] Edge latency spiked to 1200ms in EU. 502 errors detected on upstream.,Latency
ALRT-7adcf3c2,#security-incidents,2026-07-31T02:00:00,INFO,AWS-CloudWatch,Routine alert: CPU_Usage is behaving normally.,CPU_Usage
ALRT-3a3febf6,#infra-alerts,2026-07-31T03:00:00,WARNING,Cloudflare-DNS,[WARNING] Edge latency spiked to 1200ms in EU. 502 errors detected on upstream.,Latency
ALRT-1db8ad00,#incident-response,2026-07-31T04:00:00,INFO,Google-Analytics,Routine alert: Memory_Usage is behaving normally.,Memory_Usage
ALRT-821ab870,#infra-alerts,2026-07-31T05:00:00,WARNING,Cloudflare-DNS,[WARNING] Edge latency spiked to 1200ms in EU. 502 errors detected on upstream.,Latency
ALRT-f0e3f135,#security-incidents,2026-07-31T06:00:00,INFO,PagerDuty,Routine alert: Conversion_Rate is behaving normally.,Conversion_Rate
ALRT-80b1371e,#infra-alerts,2026-07-31T07:00:00,WARNING,Google-Analytics,Routine alert: AOV is behaving normally.,AOV
ALRT-1e78a23d,#infra-alerts,2026-07-31T08:00:00,CRITICAL,Cloudflare-DNS,[CRITICAL] Edge latency spiked to 1200ms in EU. 502 errors detected on upstream.,Latency
ALRT-0354b161,#infra-alerts,2026-07-31T09:00:00,CRITICAL,Cloudflare-DNS,[CRITICAL] Edge latency spiked to 1200ms in EU. 502 errors detected on upstream.,Latency
ALRT-69231152,#infra-alerts,2026-07-31T09:00:00,WARNING,Cloudflare-DNS,[WARNING] Edge latency spiked to 1200ms in EU. 502 errors detected on upstream.,Latency
ALRT-656ed30c,#ops-monitoring,2026-07-31T12:00:00,WARNING,Datadog-APM,Routine alert: Revenue is behaving normally.,Revenue
ALRT-ad69ae14,#infra-alerts,2026-07-31T12:00:00,WARNING,Cloudflare-DNS,[WARNING] Edge latency spiked to 1200ms in EU. 502 errors detected on upstream.,Latency
ALRT-b2ae8110,#infra-alerts,2026-07-31T12:00:00,WARNING,Cloudflare-DNS,[WARNING] Edge latency spiked to 1200ms in EU. 502 errors detected on upstream.,Latency
ALRT-d8c6189a,#infra-alerts,2026-07-31T14:00:00,WARNING,Cloudflare-DNS,[WARNING] Edge latency spiked to 1200ms in EU. 502 errors detected on upstream.,Latency
ALRT-93627a18,#api-health,2026-07-31T15:00:00,INFO,Google-Analytics,Routine alert: Sessions is behaving normally.,Sessions
ALRT-d1786d51,#infra-alerts,2026-07-31T15:00:00,CRITICAL,Cloudflare-DNS,[CRITICAL] Edge latency spiked to 1200ms in EU. 502 errors detected on upstream.,Latency
ALRT-0c4647ac,#infra-alerts,2026-07-31T15:00:00,WARNING,Cloudflare-DNS,[WARNING] Edge latency spiked to 1200ms in EU. 502 errors detected on upstream.,Latency
ALRT-83816032,#incident-response,2026-07-31T16:00:00,WARNING,ElasticSearch-APM,Routine alert: Error_Rate is behaving normally.,Error_Rate
ALRT-55c5122e,#infra-alerts,2026-07-31T16:00:00,WARNING,Cloudflare-DNS,[WARNING] Edge latency spiked to 1200ms in EU. 502 errors detected on upstream.,Latency
ALRT-55d683e5,#infra-alerts,2026-07-31T16:00:00,CRITICAL,Cloudflare-DNS,[CRITICAL] Edge latency spiked to 1200ms in EU. 502 errors detected on upstream.,Latency
ALRT-2ecd6ddf,#infra-alerts,2026-07-31T18:00:00,CRITICAL,Cloudflare-DNS,[CRITICAL] Edge latency spiked to 1200ms in EU. 502 errors detected on upstream.,Latency
ALRT-1a889316,#infra-alerts,2026-07-31T19:00:00,CRITICAL,Cloudflare-DNS,[CRITICAL] Edge latency spiked to 1200ms in EU. 502 errors detected on upstream.,Latency
ALRT-bcb3630c,#ops-monitoring,2026-07-31T21:00:00,INFO,ElasticSearch-APM,Routine alert: Sessions is behaving normally.,Sessions
ALRT-57b392fa,#infra-alerts,2026-07-31T22:00:00,WARNING,Cloudflare-DNS,[WARNING] Edge latency spiked to 1200ms in EU. 502 errors detected on upstream.,Latency
ALRT-ec57bebd,#infra-alerts,2026-07-31T22:00:00,WARNING,Cloudflare-DNS,[WARNING] Edge latency spiked to 1200ms in EU. 502 errors detected on upstream.,Latency
ALRT-5655a4b0,#infra-alerts,2026-07-31T22:00:00,CRITICAL,Cloudflare-DNS,[CRITICAL] Edge latency spiked to 1200ms in EU. 502 errors detected on upstream.,Latency
ALRT-a2b3c472,#infra-alerts,2026-08-01T01:00:00,WARNING,New-Relic,Routine alert: Memory_Usage is behaving normally.,Memory_Usage
ALRT-e367cd50,#infra-alerts,2026-08-01T04:00:00,WARNING,Cloudflare-DNS,[WARNING] Edge latency spiked to 1200ms in EU. 502 errors detected on upstream.,Latency
ALRT-ccb475d5,#infra-alerts,2026-08-01T07:00:00,WARNING,Cloudflare-DNS,[WARNING] Edge latency spiked to 1200ms in EU. 502 errors detected on upstream.,Latency
ALRT-33ae1cf5,#db-alerts,2026-08-01T09:00:00,WARNING,ElasticSearch-APM,Routine alert: Disk_IO is behaving normally.,Disk_IO
ALRT-16373aba,#infra-alerts,2026-08-01T10:00:00,CRITICAL,Cloudflare-DNS,[CRITICAL] Edge latency spiked to 1200ms in EU. 502 errors detected on upstream.,Latency
ALRT-5c75d47c,#db-alerts,2026-08-01T10:00:00,WARNING,Cloudflare-DNS,Routine alert: CPU_Usage is behaving normally.,CPU_Usage
ALRT-00fb077c,#infra-alerts,2026-08-01T12:00:00,CRITICAL,Cloudflare-DNS,[CRITICAL] Edge latency spiked to 1200ms in EU. 502 errors detected on upstream.,Latency
ALRT-2111791e,#platform-stability,2026-08-01T14:00:00,WARNING,AWS-CloudWatch,Routine alert: Revenue is behaving normally.,Revenue
ALRT-b578890b,#infra-alerts,2026-08-01T19:00:00,CRITICAL,Cloudflare-DNS,[CRITICAL] Edge latency spiked to 1200ms in EU. 502 errors detected on upstream.,Latency
ALRT-84c8bb5a,#infra-alerts,2026-08-01T20:00:00,WARNING,Cloudflare-DNS,[WARNING] Edge latency spiked to 1200ms in EU. 502 errors detected on upstream.,Latency
ALRT-9af8b2f8,#infra-alerts,2026-08-01T22:00:00,CRITICAL,Cloudflare-DNS,[CRITICAL] Edge latency spiked to 1200ms in EU. 502 errors detected on upstream.,Latency
ALRT-c9c9381f,#war-room-checkout,2026-08-01T22:00:00,WARNING,Cloudflare-DNS,Routine alert: Latency is behaving normally.,Latency
ALRT-54921f2d,#ops-monitoring,2026-08-01T22:00:00,INFO,StatusPage,Routine alert: Sessions is behaving normally.,Sessions
ALRT-3dfe7211,#infra-alerts,2026-08-02T00:00:00,CRITICAL,Cloudflare-DNS,[CRITICAL] Edge latency spiked to 1200ms in EU. 502 errors detected on upstream.,Latency
ALRT-c8af61d9,#infra-alerts,2026-08-02T01:00:00,CRITICAL,Cloudflare-DNS,[CRITICAL] Edge latency spiked to 1200ms in EU. 502 errors detected on upstream.,Latency
ALRT-f5fb5ef1,#war-room-checkout,2026-08-02T01:00:00,WARNING,Google-Analytics,Routine alert: Revenue is behaving normally.,Revenue
ALRT-ae74d805,#infra-alerts,2026-08-02T01:00:00,CRITICAL,Cloudflare-DNS,[CRITICAL] Edge latency spiked to 1200ms in EU. 502 errors detected on upstream.,Latency
ALRT-553cf6c8,#infra-alerts,2026-08-02T02:00:00,CRITICAL,Cloudflare-DNS,[CRITICAL] Edge latency spiked to 1200ms in EU. 502 errors detected on upstream.,Latency
ALRT-06e9ba4c,#infra-alerts,2026-08-02T02:00:00,WARNING,StatusPage,Routine alert: Latency is behaving normally.,Latency
ALRT-171e24f2,#infra-alerts,2026-08-02T04:00:00,CRITICAL,Cloudflare-DNS,[CRITICAL] Edge latency spiked to 1200ms in EU. 502 errors detected on upstream.,Latency
ALRT-70c9e92a,#ops-monitoring,2026-08-02T05:00:00,WARNING,PagerDuty,Routine alert: Revenue is behaving normally.,Revenue
ALRT-12c2e60b,#api-health,2026-08-02T05:00:00,INFO,Grafana-Prometheus,Routine alert: Latency is behaving normally.,Latency
ALRT-61987661,#infra-alerts,2026-08-02T06:00:00,CRITICAL,Cloudflare-DNS,[CRITICAL] Edge latency spiked to 1200ms in EU. 502 errors detected on upstream.,Latency
ALRT-2527c3cc,#infra-alerts,2026-08-02T06:00:00,WARNING,Cloudflare-DNS,[WARNING] Edge latency spiked to 1200ms in EU. 502 errors detected on upstream.,Latency
ALRT-08f6c6f9,#infra-alerts,2026-08-02T06:00:00,CRITICAL,Cloudflare-DNS,[CRITICAL] Edge latency spiked to 1200ms in EU. 502 errors detected on upstream.,Latency
ALRT-398c3bea,#infra-alerts,2026-08-02T07:00:00,WARNING,Cloudflare-DNS,[WARNING] Edge latency spiked to 1200ms in EU. 502 errors detected on upstream.,Latency
ALRT-83d16b5e,#db-alerts,2026-08-02T08:00:00,WARNING,AWS-CloudWatch,Routine alert: Sessions is behaving normally.,Sessions
ALRT-1f812d7e,#platform-stability,2026-08-02T08:00:00,INFO,Cloudflare-DNS,Routine alert: Latency is behaving normally.,Latency
ALRT-71acbfc4,#infra-alerts,2026-08-02T10:00:00,WARNING,Cloudflare-DNS,[WARNING] Edge latency spiked to 1200ms in EU. 502 errors detected on upstream.,Latency
ALRT-5e26047d,#release-pipeline,2026-08-02T10:00:00,WARNING,Google-Analytics,Routine alert: Disk_IO is behaving normally.,Disk_IO
ALRT-1387462d,#infra-alerts,2026-08-02T11:00:00,CRITICAL,Cloudflare-DNS,[CRITICAL] Edge latency spiked to 1200ms in EU. 502 errors detected on upstream.,Latency
ALRT-2d105704,#infra-alerts,2026-08-02T12:00:00,WARNING,Cloudflare-DNS,[WARNING] Edge latency spiked to 1200ms in EU. 502 errors detected on upstream.,Latency
ALRT-12cca9fb,#infra-alerts,2026-08-02T13:00:00,WARNING,Cloudflare-DNS,[WARNING] Edge latency spiked to 1200ms in EU. 502 errors detected on upstream.,Latency
ALRT-4e874599,#infra-alerts,2026-08-02T13:00:00,WARNING,Cloudflare-DNS,[WARNING] Edge latency spiked to 1200ms in EU. 502 errors detected on upstream.,Latency
ALRT-bf2683ed,#infra-alerts,2026-08-02T14:00:00,WARNING,Cloudflare-DNS,[WARNING] Edge latency spiked to 1200ms in EU. 502 errors detected on upstream.,Latency
ALRT-2ddee1d4,#infra-alerts,2026-08-02T15:00:00,WARNING,Cloudflare-DNS,[WARNING] Edge latency spiked to 1200ms in EU. 502 errors detected on upstream.,Latency
ALRT-53fe78a6,#infra-alerts,2026-08-02T15:00:00,WARNING,Cloudflare-DNS,[WARNING] Edge latency spiked to 1200ms in EU. 502 errors detected on upstream.,Latency
ALRT-4b481da2,#infra-alerts,2026-08-02T16:00:00,CRITICAL,Cloudflare-DNS,[CRITICAL] Edge latency spiked to 1200ms in EU. 502 errors detected on upstream.,Latency
ALRT-f4aef446,#war-room-checkout,2026-08-02T16:00:00,WARNING,Sentry,Routine alert: AOV is behaving normally.,AOV
ALRT-325073ac,#infra-alerts,2026-08-02T16:00:00,WARNING,Datadog-APM,Routine alert: AOV is behaving normally.,AOV
ALRT-719f2714,#infra-alerts,2026-08-02T20:00:00,CRITICAL,Cloudflare-DNS,[CRITICAL] Edge latency spiked to 1200ms in EU. 502 errors detected on upstream.,Latency
ALRT-a21ddc1c,#infra-alerts,2026-08-02T20:00:00,CRITICAL,Cloudflare-DNS,[CRITICAL] Edge latency spiked to 1200ms in EU. 502 errors detected on upstream.,Latency
ALRT-614d5b6e,#db-alerts,2026-08-02T20:00:00,WARNING,PagerDuty,Routine alert: Sessions is behaving normally.,Sessions
ALRT-5d82edb7,#growth-marketing,2026-08-02T21:00:00,INFO,New-Relic,Routine alert: CPU_Usage is behaving normally.,CPU_Usage
ALRT-84d1fdc3,#infra-alerts,2026-08-02T21:00:00,CRITICAL,Cloudflare-DNS,[CRITICAL] Edge latency spiked to 1200ms in EU. 502 errors detected on upstream.,Latency
ALRT-136fdc57,#security-incidents,2026-08-02T23:00:00,INFO,Cloudflare-DNS,Routine alert: Sessions is behaving normally.,Sessions
ALRT-006dcf66,#infra-alerts,2026-08-02T23:00:00,WARNING,Cloudflare-DNS,[WARNING] Edge latency spiked to 1200ms in EU. 502 errors detected on upstream.,Latency
ALRT-07ccc5e0,#infra-alerts,2026-08-02T23:00:00,WARNING,Cloudflare-DNS,[WARNING] Edge latency spiked to 1200ms in EU. 502 errors detected on upstream.,Latency
ALRT-d595fb39,#api-health,2026-08-03T00:00:00,WARNING,ElasticSearch-APM,Routine alert: Conversion_Rate is behaving normally.,Conversion_Rate
ALRT-79caa87a,#db-alerts,2026-08-03T01:00:00,WARNING,Sentry,Routine alert: Error_Rate is behaving normally.,Error_Rate
ALRT-15653b91,#incident-response,2026-08-03T02:00:00,INFO,New-Relic,Routine alert: Latency is behaving normally.,Latency
ALRT-d5c475f6,#release-pipeline,2026-08-03T03:00:00,INFO,Cloudflare-DNS,Routine alert: Error_Rate is behaving normally.,Error_Rate
ALRT-57bf9c69,#infra-alerts,2026-08-03T04:00:00,CRITICAL,Cloudflare-DNS,[CRITICAL] Edge latency spiked to 1200ms in EU. 502 errors detected on upstream.,Latency
ALRT-cec84af1,#infra-alerts,2026-08-03T05:00:00,CRITICAL,Cloudflare-DNS,[CRITICAL] Edge latency spiked to 1200ms in EU. 502 errors detected on upstream.,Latency
ALRT-a60f1a8a,#infra-alerts,2026-08-03T05:00:00,WARNING,Cloudflare-DNS,[WARNING] Edge latency spiked to 1200ms in EU. 502 errors detected on upstream.,Latency
ALRT-49b243db,#infra-alerts,2026-08-03T05:00:00,WARNING,Cloudflare-DNS,[WARNING] Edge latency spiked to 1200ms in EU. 502 errors detected on upstream.,Latency
ALRT-51a8a28e,#infra-alerts,2026-08-03T06:00:00,CRITICAL,Cloudflare-DNS,[CRITICAL] Edge latency spiked to 1200ms in EU. 502 errors detected on upstream.,Latency
ALRT-68c3a9c5,#security-incidents,2026-08-03T07:00:00,WARNING,ElasticSearch-APM,Routine alert: Sessions is behaving normally.,Sessions
ALRT-77ea283a,#infra-alerts,2026-08-03T08:00:00,CRITICAL,Cloudflare-DNS,[CRITICAL] Edge latency spiked to 1200ms in EU. 502 errors detected on upstream.,Latency
ALRT-a6d9c200,#infra-alerts,2026-08-03T11:00:00,WARNING,Cloudflare-DNS,[WARNING] Edge latency spiked to 1200ms in EU. 502 errors detected on upstream.,Latency
ALRT-6d5e102c,#infra-alerts,2026-08-03T12:00:00,CRITICAL,Cloudflare-DNS,[CRITICAL] Edge latency spiked to 1200ms in EU. 502 errors detected on upstream.,Latency
ALRT-ea17fff8,#incident-response,2026-08-03T13:00:00,INFO,StatusPage,Routine alert: Memory_Usage is behaving normally.,Memory_Usage
ALRT-af666513,#infra-alerts,2026-08-03T14:00:00,CRITICAL,Cloudflare-DNS,[CRITICAL] Edge latency spiked to 1200ms in EU. 502 errors detected on upstream.,Latency
ALRT-924a746a,#war-room-checkout,2026-08-03T14:00:00,WARNING,Cloudflare-DNS,Routine alert: Memory_Usage is behaving normally.,Memory_Usage
ALRT-bf72d741,#platform-stability,2026-08-03T15:00:00,INFO,New-Relic,Routine alert: CPU_Usage is behaving normally.,CPU_Usage
ALRT-2c780ff2,#platform-stability,2026-08-03T16:00:00,WARNING,Cloudflare-DNS,Routine alert: Error_Rate is behaving normally.,Error_Rate
ALRT-cb92d2e9,#infra-alerts,2026-08-03T16:00:00,CRITICAL,Cloudflare-DNS,[CRITICAL] Edge latency spiked to 1200ms in EU. 502 errors detected on upstream.,Latency
ALRT-ce62b2b9,#platform-stability,2026-08-03T17:00:00,WARNING,Sentry,Routine alert: Latency is behaving normally.,Latency
ALRT-87a2f7e0,#infra-alerts,2026-08-03T17:00:00,CRITICAL,Cloudflare-DNS,[CRITICAL] Edge latency spiked to 1200ms in EU. 502 errors detected on upstream.,Latency
ALRT-a7d894aa,#infra-alerts,2026-08-03T18:00:00,WARNING,Cloudflare-DNS,[WARNING] Edge latency spiked to 1200ms in EU. 502 errors detected on upstream.,Latency
ALRT-5a0b5c53,#release-pipeline,2026-08-03T19:00:00,INFO,Sentry,Routine alert: CPU_Usage is behaving normally.,CPU_Usage
ALRT-959dc024,#infra-alerts,2026-08-03T19:00:00,WARNING,Cloudflare-DNS,[WARNING] Edge latency spiked to 1200ms in EU. 502 errors detected on upstream.,Latency
ALRT-77acd8ed,#infra-alerts,2026-08-03T22:00:00,WARNING,Cloudflare-DNS,[WARNING] Edge latency spiked to 1200ms in EU. 502 errors detected on upstream.,Latency
ALRT-93c3928b,#incident-response,2026-08-03T22:00:00,WARNING,PagerDuty,Routine alert: Disk_IO is behaving normally.,Disk_IO
ALRT-a7930e73,#infra-alerts,2026-08-03T23:00:00,CRITICAL,Cloudflare-DNS,[CRITICAL] Edge latency spiked to 1200ms in EU. 502 errors detected on upstream.,Latency
ALRT-1b017b5b,#infra-alerts,2026-08-03T23:00:00,WARNING,Cloudflare-DNS,[WARNING] Edge latency spiked to 1200ms in EU. 502 errors detected on upstream.,Latency
ALRT-72226602,#infra-alerts,2026-08-03T23:00:00,CRITICAL,Cloudflare-DNS,[CRITICAL] Edge latency spiked to 1200ms in EU. 502 errors detected on upstream.,Latency
ALRT-57b4bcb8,#infra-alerts,2026-08-04T01:00:00,CRITICAL,Cloudflare-DNS,[CRITICAL] Edge latency spiked to 1200ms in EU. 502 errors detected on upstream.,Latency
ALRT-6f6e6d23,#release-pipeline,2026-08-04T09:00:00,WARNING,ElasticSearch-APM,Routine alert: Revenue is behaving normally.,Revenue
ALRT-ac5c6cf1,#infra-alerts,2026-08-04T12:00:00,CRITICAL,Cloudflare-DNS,[CRITICAL] Edge latency spiked to 1200ms in EU. 502 errors detected on upstream.,Latency
ALRT-6477c5db,#infra-alerts,2026-08-04T13:00:00,WARNING,Cloudflare-DNS,[WARNING] Edge latency spiked to 1200ms in EU. 502 errors detected on upstream.,Latency
ALRT-f5216a1e,#infra-alerts,2026-08-04T13:00:00,CRITICAL,Cloudflare-DNS,[CRITICAL] Edge latency spiked to 1200ms in EU. 502 errors detected on upstream.,Latency
ALRT-c31b3f6d,#infra-alerts,2026-08-04T15:00:00,CRITICAL,Cloudflare-DNS,[CRITICAL] Edge latency spiked to 1200ms in EU. 502 errors detected on upstream.,Latency
ALRT-5309614e,#growth-marketing,2026-08-04T16:00:00,INFO,AWS-CloudWatch,Routine alert: Payment_Success_Rate is behaving normally.,Payment_Success_Rate
ALRT-2abd667c,#release-pipeline,2026-08-04T19:00:00,WARNING,ElasticSearch-APM,Routine alert: Latency is behaving normally.,Latency
ALRT-d87acc7a,#infra-alerts,2026-08-04T21:00:00,WARNING,Cloudflare-DNS,[WARNING] Edge latency spiked to 1200ms in EU. 502 errors detected on upstream.,Latency
ALRT-8a8bc26e,#infra-alerts,2026-08-05T02:00:00,CRITICAL,Cloudflare-DNS,[CRITICAL] Edge latency spiked to 1200ms in EU. 502 errors detected on upstream.,Latency
ALRT-116c59ed,#infra-alerts,2026-08-05T02:00:00,WARNING,Cloudflare-DNS,[WARNING] Edge latency spiked to 1200ms in EU. 502 errors detected on upstream.,Latency
ALRT-e6f74f07,#infra-alerts,2026-08-05T03:00:00,WARNING,Cloudflare-DNS,[WARNING] Edge latency spiked to 1200ms in EU. 502 errors detected on upstream.,Latency
ALRT-608c05c4,#platform-stability,2026-08-05T05:00:00,WARNING,Cloudflare-DNS,Routine alert: Error_Rate is behaving normally.,Error_Rate
ALRT-895d9e5d,#infra-alerts,2026-08-05T06:00:00,WARNING,Cloudflare-DNS,[WARNING] Edge latency spiked to 1200ms in EU. 502 errors detected on upstream.,Latency
ALRT-5b20acda,#infra-alerts,2026-08-05T07:00:00,CRITICAL,Cloudflare-DNS,[CRITICAL] Edge latency spiked to 1200ms in EU. 502 errors detected on upstream.,Latency
ALRT-6b1e8150,#infra-alerts,2026-08-05T07:00:00,CRITICAL,Cloudflare-DNS,[CRITICAL] Edge latency spiked to 1200ms in EU. 502 errors detected on upstream.,Latency
ALRT-bcd28510,#infra-alerts,2026-08-05T09:00:00,CRITICAL,Cloudflare-DNS,[CRITICAL] Edge latency spiked to 1200ms in EU. 502 errors detected on upstream.,Latency
ALRT-be60aece,#infra-alerts,2026-08-05T13:00:00,WARNING,Cloudflare-DNS,[WARNING] Edge latency spiked to 1200ms in EU. 502 errors detected on upstream.,Latency
ALRT-7458ccfb,#infra-alerts,2026-08-05T18:00:00,WARNING,Cloudflare-DNS,[WARNING] Edge latency spiked to 1200ms in EU. 502 errors detected on upstream.,Latency
ALRT-3892c09d,#infra-alerts,2026-08-06T04:00:00,WARNING,Cloudflare-DNS,[WARNING] Edge latency spiked to 1200ms in EU. 502 errors detected on upstream.,Latency
ALRT-abdd5ba4,#platform-stability,2026-08-06T04:00:00,INFO,Datadog-APM,Routine alert: Revenue is behaving normally.,Revenue
ALRT-69b7f00b,#api-health,2026-08-06T05:00:00,INFO,AWS-CloudWatch,Routine alert: Conversion_Rate is behaving normally.,Conversion_Rate
ALRT-9868a86a,#war-room-checkout,2026-08-06T07:00:00,WARNING,ElasticSearch-APM,Routine alert: CPU_Usage is behaving normally.,CPU_Usage
ALRT-111f3322,#infra-alerts,2026-08-06T10:00:00,WARNING,Cloudflare-DNS,[WARNING] Edge latency spiked to 1200ms in EU. 502 errors detected on upstream.,Latency
ALRT-e7f1885d,#war-room-checkout,2026-08-06T11:00:00,INFO,Datadog-APM,Routine alert: Memory_Usage is behaving normally.,Memory_Usage
ALRT-a7abe093,#infra-alerts,2026-08-06T11:00:00,CRITICAL,Cloudflare-DNS,[CRITICAL] Edge latency spiked to 1200ms in EU. 502 errors detected on upstream.,Latency
ALRT-0c010c43,#infra-alerts,2026-08-06T14:00:00,CRITICAL,Cloudflare-DNS,[CRITICAL] Edge latency spiked to 1200ms in EU. 502 errors detected on upstream.,Latency
ALRT-c715ab4a,#infra-alerts,2026-08-06T15:00:00,CRITICAL,Cloudflare-DNS,[CRITICAL] Edge latency spiked to 1200ms in EU. 502 errors detected on upstream.,Latency
ALRT-c35acc75,#infra-alerts,2026-08-06T17:00:00,WARNING,Cloudflare-DNS,[WARNING] Edge latency spiked to 1200ms in EU. 502 errors detected on upstream.,Latency
ALRT-8a0d8b07,#infra-alerts,2026-08-06T18:00:00,CRITICAL,Cloudflare-DNS,[CRITICAL] Edge latency spiked to 1200ms in EU. 502 errors detected on upstream.,Latency
ALRT-88609142,#incident-response,2026-08-06T18:00:00,WARNING,ElasticSearch-APM,Routine alert: Payment_Success_Rate is behaving normally.,Payment_Success_Rate
ALRT-2a47bbc7,#infra-alerts,2026-08-06T19:00:00,WARNING,Cloudflare-DNS,[WARNING] Edge latency spiked to 1200ms in EU. 502 errors detected on upstream.,Latency
ALRT-b38c98b6,#infra-alerts,2026-08-06T19:00:00,CRITICAL,Cloudflare-DNS,[CRITICAL] Edge latency spiked to 1200ms in EU. 502 errors detected on upstream.,Latency
ALRT-15e7c376,#infra-alerts,2026-08-06T19:00:00,CRITICAL,Cloudflare-DNS,[CRITICAL] Edge latency spiked to 1200ms in EU. 502 errors detected on upstream.,Latency
ALRT-736cee45,#platform-stability,2026-08-06T20:00:00,WARNING,Cloudflare-DNS,Routine alert: Payment_Success_Rate is behaving normally.,Payment_Success_Rate
ALRT-20f06b43,#infra-alerts,2026-08-07T00:00:00,CRITICAL,Cloudflare-DNS,[CRITICAL] Edge latency spiked to 1200ms in EU. 502 errors detected on upstream.,Latency
ALRT-a122566a,#infra-alerts,2026-08-07T02:00:00,WARNING,Cloudflare-DNS,[WARNING] Edge latency spiked to 1200ms in EU. 502 errors detected on upstream.,Latency
ALRT-5dd0f8de,#infra-alerts,2026-08-07T03:00:00,WARNING,Cloudflare-DNS,[WARNING] Edge latency spiked to 1200ms in EU. 502 errors detected on upstream.,Latency
ALRT-2f3f5fb1,#infra-alerts,2026-08-07T12:00:00,WARNING,Cloudflare-DNS,[WARNING] Edge latency spiked to 1200ms in EU. 502 errors detected on upstream.,Latency
ALRT-deb5590d,#incident-response,2026-08-07T13:00:00,INFO,PagerDuty,Routine alert: Revenue is behaving normally.,Revenue
ALRT-88ce4bdd,#growth-marketing,2026-08-07T15:00:00,INFO,Grafana-Prometheus,Routine alert: Conversion_Rate is behaving normally.,Conversion_Rate
ALRT-46876c90,#infra-alerts,2026-08-07T16:00:00,CRITICAL,Cloudflare-DNS,[CRITICAL] Edge latency spiked to 1200ms in EU. 502 errors detected on upstream.,Latency
ALRT-27d6fc3f,#infra-alerts,2026-08-07T19:00:00,WARNING,Cloudflare-DNS,[WARNING] Edge latency spiked to 1200ms in EU. 502 errors detected on upstream.,Latency
ALRT-415b0b22,#infra-alerts,2026-08-07T20:00:00,CRITICAL,Cloudflare-DNS,[CRITICAL] Edge latency spiked to 1200ms in EU. 502 errors detected on upstream.,Latency
ALRT-c6ae1a55,#infra-alerts,2026-08-07T23:00:00,WARNING,Cloudflare-DNS,[WARNING] Edge latency spiked to 1200ms in EU. 502 errors detected on upstream.,Latency
ALRT-f212bb6b,#infra-alerts,2026-08-08T03:00:00,WARNING,Cloudflare-DNS,[WARNING] Edge latency spiked to 1200ms in EU. 502 errors detected on upstream.,Latency
ALRT-1cd85cdf,#infra-alerts,2026-08-08T04:00:00,CRITICAL,Cloudflare-DNS,[CRITICAL] Edge latency spiked to 1200ms in EU. 502 errors detected on upstream.,Latency
ALRT-e25181dc,#infra-alerts,2026-08-08T07:00:00,WARNING,Cloudflare-DNS,[WARNING] Edge latency spiked to 1200ms in EU. 502 errors detected on upstream.,Latency
ALRT-fe8c8a01,#infra-alerts,2026-08-08T09:00:00,CRITICAL,Cloudflare-DNS,[CRITICAL] Edge latency spiked to 1200ms in EU. 502 errors detected on upstream.,Latency
ALRT-3e6a34c8,#platform-stability,2026-08-08T13:00:00,WARNING,Grafana-Prometheus,Routine alert: Error_Rate is behaving normally.,Error_Rate
ALRT-74d13d01,#release-pipeline,2026-08-08T15:00:00,INFO,New-Relic,Routine alert: AOV is behaving normally.,AOV
ALRT-e01fb26c,#infra-alerts,2026-08-08T17:00:00,CRITICAL,Cloudflare-DNS,[CRITICAL] Edge latency spiked to 1200ms in EU. 502 errors detected on upstream.,Latency
ALRT-f2fa78b6,#infra-alerts,2026-08-08T19:00:00,WARNING,Cloudflare-DNS,[WARNING] Edge latency spiked to 1200ms in EU. 502 errors detected on upstream.,Latency
ALRT-329416e7,#infra-alerts,2026-08-08T23:00:00,WARNING,Cloudflare-DNS,[WARNING] Edge latency spiked to 1200ms in EU. 502 errors detected on upstream.,Latency
ALRT-ce7b8654,#infra-alerts,2026-08-09T00:00:00,CRITICAL,Cloudflare-DNS,[CRITICAL] Edge latency spiked to 1200ms in EU. 502 errors detected on upstream.,Latency
ALRT-807a41c5,#infra-alerts,2026-08-09T00:00:00,WARNING,Cloudflare-DNS,[WARNING] Edge latency spiked to 1200ms in EU. 502 errors detected on upstream.,Latency
ALRT-87c42531,#infra-alerts,2026-08-09T01:00:00,CRITICAL,Cloudflare-DNS,[CRITICAL] Edge latency spiked to 1200ms in EU. 502 errors detected on upstream.,Latency
ALRT-a2bfc8c3,#infra-alerts,2026-08-09T01:00:00,INFO,New-Relic,Routine alert: Conversion_Rate is behaving normally.,Conversion_Rate
ALRT-5a52ad60,#infra-alerts,2026-08-09T04:00:00,CRITICAL,Cloudflare-DNS,[CRITICAL] Edge latency spiked to 1200ms in EU. 502 errors detected on upstream.,Latency
ALRT-1846fdfd,#infra-alerts,2026-08-09T04:00:00,CRITICAL,Cloudflare-DNS,[CRITICAL] Edge latency spiked to 1200ms in EU. 502 errors detected on upstream.,Latency
ALRT-bf5402fa,#infra-alerts,2026-08-09T05:00:00,CRITICAL,Cloudflare-DNS,[CRITICAL] Edge latency spiked to 1200ms in EU. 502 errors detected on upstream.,Latency
ALRT-8531ec3c,#infra-alerts,2026-08-09T11:00:00,CRITICAL,Cloudflare-DNS,[CRITICAL] Edge latency spiked to 1200ms in EU. 502 errors detected on upstream.,Latency
ALRT-d649c19b,#security-incidents,2026-08-09T13:00:00,INFO,AWS-CloudWatch,Routine alert: Conversion_Rate is behaving normally.,Conversion_Rate
ALRT-0733a19e,#infra-alerts,2026-08-09T13:00:00,WARNING,Cloudflare-DNS,[WARNING] Edge latency spiked to 1200ms in EU. 502 errors detected on upstream.,Latency
ALRT-9c65655d,#security-incidents,2026-08-09T14:00:00,INFO,Google-Analytics,Routine alert: AOV is behaving normally.,AOV
ALRT-4c15ca0a,#security-incidents,2026-08-09T17:00:00,WARNING,Google-Analytics,Routine alert: Payment_Success_Rate is behaving normally.,Payment_Success_Rate
ALRT-b23c63bc,#infra-alerts,2026-08-09T18:00:00,CRITICAL,Cloudflare-DNS,[CRITICAL] Edge latency spiked to 1200ms in EU. 502 errors detected on upstream.,Latency
ALRT-322d79c1,#infra-alerts,2026-08-09T18:00:00,WARNING,Cloudflare-DNS,[WARNING] Edge latency spiked to 1200ms in EU. 502 errors detected on upstream.,Latency
ALRT-8aae2db4,#infra-alerts,2026-08-09T20:00:00,CRITICAL,Cloudflare-DNS,[CRITICAL] Edge latency spiked to 1200ms in EU. 502 errors detected on upstream.,Latency
ALRT-9d1f7613,#infra-alerts,2026-08-09T21:00:00,WARNING,Cloudflare-DNS,[WARNING] Edge latency spiked to 1200ms in EU. 502 errors detected on upstream.,Latency
ALRT-800f9df3,#infra-alerts,2026-08-09T21:00:00,CRITICAL,Cloudflare-DNS,[CRITICAL] Edge latency spiked to 1200ms in EU. 502 errors detected on upstream.,Latency
ALRT-49348baf,#infra-alerts,2026-08-10T00:00:00,WARNING,Cloudflare-DNS,[WARNING] Edge latency spiked to 1200ms in EU. 502 errors detected on upstream.,Latency
ALRT-52dddfa3,#incident-response,2026-08-10T02:00:00,INFO,Google-Analytics,Routine alert: Latency is behaving normally.,Latency
ALRT-4d9a93a9,#infra-alerts,2026-08-10T03:00:00,WARNING,Cloudflare-DNS,[WARNING] Edge latency spiked to 1200ms in EU. 502 errors detected on upstream.,Latency
ALRT-ee5d922f,#db-alerts,2026-08-10T05:00:00,INFO,Sentry,Routine alert: Revenue is behaving normally.,Revenue
ALRT-4901d11d,#infra-alerts,2026-08-10T07:00:00,CRITICAL,Cloudflare-DNS,[CRITICAL] Edge latency spiked to 1200ms in EU. 502 errors detected on upstream.,Latency
ALRT-15eaf9a1,#infra-alerts,2026-08-10T11:00:00,WARNING,Cloudflare-DNS,[WARNING] Edge latency spiked to 1200ms in EU. 502 errors detected on upstream.,Latency
ALRT-67021c46,#ops-monitoring,2026-08-10T12:00:00,WARNING,StatusPage,Routine alert: CPU_Usage is behaving normally.,CPU_Usage
ALRT-7a16c6cd,#infra-alerts,2026-08-10T14:00:00,CRITICAL,Cloudflare-DNS,[CRITICAL] Edge latency spiked to 1200ms in EU. 502 errors detected on upstream.,Latency
ALRT-b029bf42,#infra-alerts,2026-08-10T14:00:00,WARNING,Cloudflare-DNS,[WARNING] Edge latency spiked to 1200ms in EU. 502 errors detected on upstream.,Latency
ALRT-fd89fe9c,#infra-alerts,2026-08-10T19:00:00,WARNING,Cloudflare-DNS,[WARNING] Edge latency spiked to 1200ms in EU. 502 errors detected on upstream.,Latency
ALRT-d1424158,#infra-alerts,2026-08-10T20:00:00,WARNING,Cloudflare-DNS,[WARNING] Edge latency spiked to 1200ms in EU. 502 errors detected on upstream.,Latency
ALRT-2919ad1f,#infra-alerts,2026-08-10T21:00:00,WARNING,Cloudflare-DNS,[WARNING] Edge latency spiked to 1200ms in EU. 502 errors detected on upstream.,Latency
ALRT-117e3d50,#infra-alerts,2026-08-11T00:00:00,WARNING,Cloudflare-DNS,[WARNING] Edge latency spiked to 1200ms in EU. 502 errors detected on upstream.,Latency
ALRT-993a6b3f,#infra-alerts,2026-08-11T00:00:00,WARNING,Cloudflare-DNS,[WARNING] Edge latency spiked to 1200ms in EU. 502 errors detected on upstream.,Latency
ALRT-c12b46f7,#infra-alerts,2026-08-11T00:00:00,WARNING,Cloudflare-DNS,[WARNING] Edge latency spiked to 1200ms in EU. 502 errors detected on upstream.,Latency
ALRT-8699bcd2,#security-incidents,2026-08-11T00:00:00,INFO,New-Relic,Routine alert: Disk_IO is behaving normally.,Disk_IO
ALRT-5782412e,#release-pipeline,2026-08-11T00:00:00,WARNING,AWS-CloudWatch,Routine alert: Sessions is behaving normally.,Sessions
ALRT-27ad51a4,#infra-alerts,2026-08-11T00:00:00,CRITICAL,Cloudflare-DNS,[CRITICAL] Edge latency spiked to 1200ms in EU. 502 errors detected on upstream.,Latency
ALRT-e6d2ff48,#incident-response,2026-08-11T01:00:00,WARNING,New-Relic,Routine alert: Conversion_Rate is behaving normally.,Conversion_Rate
ALRT-54be1839,#infra-alerts,2026-08-11T04:00:00,CRITICAL,Cloudflare-DNS,[CRITICAL] Edge latency spiked to 1200ms in EU. 502 errors detected on upstream.,Latency
ALRT-f36f786b,#infra-alerts,2026-08-11T04:00:00,CRITICAL,Cloudflare-DNS,[CRITICAL] Edge latency spiked to 1200ms in EU. 502 errors detected on upstream.,Latency
ALRT-c63e3901,#infra-alerts,2026-08-11T05:00:00,WARNING,Cloudflare-DNS,[WARNING] Edge latency spiked to 1200ms in EU. 502 errors detected on upstream.,Latency
ALRT-fa84f388,#infra-alerts,2026-08-11T08:00:00,CRITICAL,Cloudflare-DNS,[CRITICAL] Edge latency spiked to 1200ms in EU. 502 errors detected on upstream.,Latency
ALRT-89e7834e,#infra-alerts,2026-08-11T10:00:00,WARNING,Cloudflare-DNS,[WARNING] Edge latency spiked to 1200ms in EU. 502 errors detected on upstream.,Latency
ALRT-8db6c399,#infra-alerts,2026-08-11T11:00:00,CRITICAL,Cloudflare-DNS,[CRITICAL] Edge latency spiked to 1200ms in EU. 502 errors detected on upstream.,Latency
ALRT-c8b01c97,#infra-alerts,2026-08-11T12:00:00,CRITICAL,Cloudflare-DNS,[CRITICAL] Edge latency spiked to 1200ms in EU. 502 errors detected on upstream.,Latency
ALRT-6fb09533,#infra-alerts,2026-08-11T13:00:00,WARNING,Cloudflare-DNS,[WARNING] Edge latency spiked to 1200ms in EU. 502 errors detected on upstream.,Latency
ALRT-99a8fee6,#infra-alerts,2026-08-11T13:00:00,CRITICAL,Cloudflare-DNS,[CRITICAL] Edge latency spiked to 1200ms in EU. 502 errors detected on upstream.,Latency
ALRT-6c0954cc,#infra-alerts,2026-08-11T14:00:00,CRITICAL,Cloudflare-DNS,[CRITICAL] Edge latency spiked to 1200ms in EU. 502 errors detected on upstream.,Latency
ALRT-680240f7,#infra-alerts,2026-08-11T14:00:00,CRITICAL,Cloudflare-DNS,[CRITICAL] Edge latency spiked to 1200ms in EU. 502 errors detected on upstream.,Latency
ALRT-a68cd3d9,#infra-alerts,2026-08-11T15:00:00,WARNING,Cloudflare-DNS,[WARNING] Edge latency spiked to 1200ms in EU. 502 errors detected on upstream.,Latency
ALRT-9873fb09,#infra-alerts,2026-08-11T15:00:00,CRITICAL,Cloudflare-DNS,[CRITICAL] Edge latency spiked to 1200ms in EU. 502 errors detected on upstream.,Latency
ALRT-620f7797,#infra-alerts,2026-08-11T16:00:00,CRITICAL,Cloudflare-DNS,[CRITICAL] Edge latency spiked to 1200ms in EU. 502 errors detected on upstream.,Latency
ALRT-eb376193,#infra-alerts,2026-08-11T16:00:00,CRITICAL,Cloudflare-DNS,[CRITICAL] Edge latency spiked to 1200ms in EU. 502 errors detected on upstream.,Latency
ALRT-9d8dccfa,#infra-alerts,2026-08-11T16:00:00,CRITICAL,Cloudflare-DNS,[CRITICAL] Edge latency spiked to 1200ms in EU. 502 errors detected on upstream.,Latency
ALRT-24f40c64,#infra-alerts,2026-08-11T17:00:00,WARNING,Cloudflare-DNS,[WARNING] Edge latency spiked to 1200ms in EU. 502 errors detected on upstream.,Latency
ALRT-fb924f54,#infra-alerts,2026-08-11T17:00:00,WARNING,Cloudflare-DNS,[WARNING] Edge latency spiked to 1200ms in EU. 502 errors detected on upstream.,Latency
ALRT-5ac0daf4,#infra-alerts,2026-08-11T19:00:00,WARNING,Cloudflare-DNS,[WARNING] Edge latency spiked to 1200ms in EU. 502 errors detected on upstream.,Latency
ALRT-91753a74,#infra-alerts,2026-08-11T19:00:00,WARNING,Cloudflare-DNS,[WARNING] Edge latency spiked to 1200ms in EU. 502 errors detected on upstream.,Latency
ALRT-0e48c454,#war-room-checkout,2026-08-11T20:00:00,WARNING,Datadog-APM,Routine alert: Revenue is behaving normally.,Revenue
ALRT-91a85073,#growth-marketing,2026-08-11T21:00:00,WARNING,PagerDuty,Routine alert: Latency is behaving normally.,Latency
ALRT-6cf1a812,#infra-alerts,2026-08-11T21:00:00,WARNING,Cloudflare-DNS,[WARNING] Edge latency spiked to 1200ms in EU. 502 errors detected on upstream.,Latency
ALRT-730db56c,#infra-alerts,2026-08-11T22:00:00,WARNING,AWS-CloudWatch,Routine alert: Revenue is behaving normally.,Revenue
ALRT-dfca0e88,#infra-alerts,2026-08-11T23:00:00,WARNING,Cloudflare-DNS,[WARNING] Edge latency spiked to 1200ms in EU. 502 errors detected on upstream.,Latency
ALRT-75a6b9de,#infra-alerts,2026-08-12T00:00:00,WARNING,Cloudflare-DNS,[WARNING] Edge latency spiked to 1200ms in EU. 502 errors detected on upstream.,Latency
ALRT-7704a58f,#infra-alerts,2026-08-12T06:00:00,WARNING,Cloudflare-DNS,[WARNING] Edge latency spiked to 1200ms in EU. 502 errors detected on upstream.,Latency
ALRT-10abdd08,#infra-alerts,2026-08-12T12:00:00,WARNING,Cloudflare-DNS,[WARNING] Edge latency spiked to 1200ms in EU. 502 errors detected on upstream.,Latency
ALRT-2be37f2d,#infra-alerts,2026-08-12T14:00:00,WARNING,Cloudflare-DNS,[WARNING] Edge latency spiked to 1200ms in EU. 502 errors detected on upstream.,Latency
ALRT-28885f3e,#infra-alerts,2026-08-12T18:00:00,WARNING,Cloudflare-DNS,[WARNING] Edge latency spiked to 1200ms in EU. 502 errors detected on upstream.,Latency
ALRT-303c5058,#ops-monitoring,2026-08-12T18:00:00,WARNING,Cloudflare-DNS,Routine alert: CPU_Usage is behaving normally.,CPU_Usage
ALRT-6d917e30,#infra-alerts,2026-08-12T20:00:00,CRITICAL,Cloudflare-DNS,[CRITICAL] Edge latency spiked to 1200ms in EU. 502 errors detected on upstream.,Latency
ALRT-ee989b48,#infra-alerts,2026-08-12T20:00:00,WARNING,Cloudflare-DNS,[WARNING] Edge latency spiked to 1200ms in EU. 502 errors detected on upstream.,Latency
ALRT-cbe392c9,#infra-alerts,2026-08-13T00:00:00,WARNING,Cloudflare-DNS,[WARNING] Edge latency spiked to 1200ms in EU. 502 errors detected on upstream.,Latency
ALRT-e234085a,#infra-alerts,2026-08-13T01:00:00,CRITICAL,Cloudflare-DNS,[CRITICAL] Edge latency spiked to 1200ms in EU. 502 errors detected on upstream.,Latency
ALRT-971b6690,#infra-alerts,2026-08-13T03:00:00,WARNING,Cloudflare-DNS,[WARNING] Edge latency spiked to 1200ms in EU. 502 errors detected on upstream.,Latency
ALRT-010ffd49,#infra-alerts,2026-08-13T04:00:00,WARNING,Cloudflare-DNS,[WARNING] Edge latency spiked to 1200ms in EU. 502 errors detected on upstream.,Latency
ALRT-8717313a,#infra-alerts,2026-08-13T06:00:00,CRITICAL,Cloudflare-DNS,[CRITICAL] Edge latency spiked to 1200ms in EU. 502 errors detected on upstream.,Latency
ALRT-d07357b0,#infra-alerts,2026-08-13T08:00:00,CRITICAL,Cloudflare-DNS,[CRITICAL] Edge latency spiked to 1200ms in EU. 502 errors detected on upstream.,Latency
ALRT-20d307bb,#infra-alerts,2026-08-13T09:00:00,WARNING,Cloudflare-DNS,[WARNING] Edge latency spiked to 1200ms in EU. 502 errors detected on upstream.,Latency
ALRT-b3bb5ab8,#infra-alerts,2026-08-13T11:00:00,WARNING,Cloudflare-DNS,[WARNING] Edge latency spiked to 1200ms in EU. 502 errors detected on upstream.,Latency
ALRT-d722784c,#infra-alerts,2026-08-13T22:00:00,WARNING,Cloudflare-DNS,[WARNING] Edge latency spiked to 1200ms in EU. 502 errors detected on upstream.,Latency
ALRT-3aba3a00,#war-room-checkout,2026-08-14T00:00:00,CRITICAL,Datadog-APM,[CRITICAL] Payment_Success_Rate dropped to 45% in APAC. High error rate on 3DS gateway.,Payment_Success_Rate
ALRT-017e0d87,#war-room-checkout,2026-08-14T00:00:00,CRITICAL,Datadog-APM,[CRITICAL] Payment_Success_Rate dropped to 45% in APAC. High error rate on 3DS gateway.,Payment_Success_Rate
ALRT-b455b149,#war-room-checkout,2026-08-14T01:00:00,CRITICAL,Datadog-APM,[CRITICAL] Payment_Success_Rate dropped to 45% in APAC. High error rate on 3DS gateway.,Payment_Success_Rate
ALRT-fe825614,#war-room-checkout,2026-08-14T01:00:00,CRITICAL,Datadog-APM,[CRITICAL] Payment_Success_Rate dropped to 45% in APAC. High error rate on 3DS gateway.,Payment_Success_Rate
ALRT-1cb0e39d,#infra-alerts,2026-08-14T02:00:00,INFO,New-Relic,Routine alert: CPU_Usage is behaving normally.,CPU_Usage
ALRT-3f901c08,#war-room-checkout,2026-08-14T03:00:00,CRITICAL,Datadog-APM,[CRITICAL] Payment_Success_Rate dropped to 45% in APAC. High error rate on 3DS gateway.,Payment_Success_Rate
ALRT-28f1e2bf,#war-room-checkout,2026-08-14T03:00:00,CRITICAL,Datadog-APM,[CRITICAL] Payment_Success_Rate dropped to 45% in APAC. High error rate on 3DS gateway.,Payment_Success_Rate
ALRT-8539e22e,#war-room-checkout,2026-08-14T04:00:00,CRITICAL,Datadog-APM,[CRITICAL] Payment_Success_Rate dropped to 45% in APAC. High error rate on 3DS gateway.,Payment_Success_Rate
ALRT-8c8f2164,#war-room-checkout,2026-08-14T05:00:00,CRITICAL,Datadog-APM,[CRITICAL] Payment_Success_Rate dropped to 45% in APAC. High error rate on 3DS gateway.,Payment_Success_Rate
ALRT-20533ff3,#war-room-checkout,2026-08-14T05:00:00,CRITICAL,Datadog-APM,[CRITICAL] Payment_Success_Rate dropped to 45% in APAC. High error rate on 3DS gateway.,Payment_Success_Rate
ALRT-f9885753,#war-room-checkout,2026-08-14T07:00:00,CRITICAL,Datadog-APM,[CRITICAL] Payment_Success_Rate dropped to 45% in APAC. High error rate on 3DS gateway.,Payment_Success_Rate
ALRT-f1bd8aea,#war-room-checkout,2026-08-14T10:00:00,CRITICAL,Datadog-APM,[CRITICAL] Payment_Success_Rate dropped to 45% in APAC. High error rate on 3DS gateway.,Payment_Success_Rate
ALRT-5166e4a4,#war-room-checkout,2026-08-14T12:00:00,CRITICAL,Datadog-APM,[CRITICAL] Payment_Success_Rate dropped to 45% in APAC. High error rate on 3DS gateway.,Payment_Success_Rate
ALRT-fa07b7b4,#platform-stability,2026-08-14T13:00:00,INFO,New-Relic,Routine alert: Sessions is behaving normally.,Sessions
ALRT-6a4dffb0,#security-incidents,2026-08-14T14:00:00,WARNING,Cloudflare-DNS,Routine alert: Conversion_Rate is behaving normally.,Conversion_Rate
ALRT-6408b9a1,#war-room-checkout,2026-08-14T16:00:00,CRITICAL,Datadog-APM,[CRITICAL] Payment_Success_Rate dropped to 45% in APAC. High error rate on 3DS gateway.,Payment_Success_Rate
ALRT-195f53ab,#war-room-checkout,2026-08-14T17:00:00,CRITICAL,Datadog-APM,[CRITICAL] Payment_Success_Rate dropped to 45% in APAC. High error rate on 3DS gateway.,Payment_Success_Rate
ALRT-597cf634,#war-room-checkout,2026-08-14T17:00:00,CRITICAL,Datadog-APM,[CRITICAL] Payment_Success_Rate dropped to 45% in APAC. High error rate on 3DS gateway.,Payment_Success_Rate
ALRT-c26743b3,#war-room-checkout,2026-08-14T17:00:00,CRITICAL,Datadog-APM,[CRITICAL] Payment_Success_Rate dropped to 45% in APAC. High error rate on 3DS gateway.,Payment_Success_Rate
ALRT-e4a43ae9,#war-room-checkout,2026-08-14T17:00:00,CRITICAL,Datadog-APM,[CRITICAL] Payment_Success_Rate dropped to 45% in APAC. High error rate on 3DS gateway.,Payment_Success_Rate
ALRT-f700484c,#war-room-checkout,2026-08-14T18:00:00,CRITICAL,Datadog-APM,[CRITICAL] Payment_Success_Rate dropped to 45% in APAC. High error rate on 3DS gateway.,Payment_Success_Rate
ALRT-ce6e64d6,#war-room-checkout,2026-08-14T18:00:00,CRITICAL,Datadog-APM,[CRITICAL] Payment_Success_Rate dropped to 45% in APAC. High error rate on 3DS gateway.,Payment_Success_Rate
ALRT-1312cf00,#war-room-checkout,2026-08-14T19:00:00,CRITICAL,Datadog-APM,[CRITICAL] Payment_Success_Rate dropped to 45% in APAC. High error rate on 3DS gateway.,Payment_Success_Rate
ALRT-07195e50,#db-alerts,2026-08-14T19:00:00,WARNING,Google-Analytics,Routine alert: AOV is behaving normally.,AOV
ALRT-2d0c7661,#incident-response,2026-08-14T20:00:00,INFO,ElasticSearch-APM,Routine alert: AOV is behaving normally.,AOV
ALRT-ba60b50b,#war-room-checkout,2026-08-14T20:00:00,WARNING,Datadog-APM,Routine alert: Latency is behaving normally.,Latency
ALRT-10618360,#war-room-checkout,2026-08-14T21:00:00,CRITICAL,Datadog-APM,[CRITICAL] Payment_Success_Rate dropped to 45% in APAC. High error rate on 3DS gateway.,Payment_Success_Rate
ALRT-f2186b70,#war-room-checkout,2026-08-14T22:00:00,CRITICAL,Datadog-APM,[CRITICAL] Payment_Success_Rate dropped to 45% in APAC. High error rate on 3DS gateway.,Payment_Success_Rate
ALRT-cbb0dc50,#war-room-checkout,2026-08-14T22:00:00,CRITICAL,Datadog-APM,[CRITICAL] Payment_Success_Rate dropped to 45% in APAC. High error rate on 3DS gateway.,Payment_Success_Rate
ALRT-ad7388d3,#war-room-checkout,2026-08-14T22:00:00,CRITICAL,Datadog-APM,[CRITICAL] Payment_Success_Rate dropped to 45% in APAC. High error rate on 3DS gateway.,Payment_Success_Rate
ALRT-cf8c3d90,#war-room-checkout,2026-08-14T22:00:00,CRITICAL,Datadog-APM,[CRITICAL] Payment_Success_Rate dropped to 45% in APAC. High error rate on 3DS gateway.,Payment_Success_Rate
ALRT-fea27d6a,#war-room-checkout,2026-08-15T02:00:00,CRITICAL,Datadog-APM,[CRITICAL] Payment_Success_Rate dropped to 45% in APAC. High error rate on 3DS gateway.,Payment_Success_Rate
ALRT-0a9b9735,#war-room-checkout,2026-08-15T05:00:00,CRITICAL,Datadog-APM,[CRITICAL] Payment_Success_Rate dropped to 45% in APAC. High error rate on 3DS gateway.,Payment_Success_Rate
ALRT-ff0d87a4,#api-health,2026-08-15T05:00:00,INFO,Grafana-Prometheus,Routine alert: Latency is behaving normally.,Latency
ALRT-b49d8aca,#war-room-checkout,2026-08-15T05:00:00,CRITICAL,Datadog-APM,[CRITICAL] Payment_Success_Rate dropped to 45% in APAC. High error rate on 3DS gateway.,Payment_Success_Rate
ALRT-60cfbf45,#war-room-checkout,2026-08-15T06:00:00,CRITICAL,Datadog-APM,[CRITICAL] Payment_Success_Rate dropped to 45% in APAC. High error rate on 3DS gateway.,Payment_Success_Rate
ALRT-97b67f46,#war-room-checkout,2026-08-15T10:00:00,CRITICAL,Datadog-APM,[CRITICAL] Payment_Success_Rate dropped to 45% in APAC. High error rate on 3DS gateway.,Payment_Success_Rate
ALRT-5452c21f,#infra-alerts,2026-08-15T12:00:00,INFO,Cloudflare-DNS,Routine alert: Payment_Success_Rate is behaving normally.,Payment_Success_Rate
ALRT-cd152dff,#war-room-checkout,2026-08-15T13:00:00,CRITICAL,Datadog-APM,[CRITICAL] Payment_Success_Rate dropped to 45% in APAC. High error rate on 3DS gateway.,Payment_Success_Rate
ALRT-891f2451,#war-room-checkout,2026-08-15T13:00:00,WARNING,New-Relic,Routine alert: Conversion_Rate is behaving normally.,Conversion_Rate
ALRT-1c7a3bc0,#war-room-checkout,2026-08-15T13:00:00,CRITICAL,Datadog-APM,[CRITICAL] Payment_Success_Rate dropped to 45% in APAC. High error rate on 3DS gateway.,Payment_Success_Rate
ALRT-c445adb2,#war-room-checkout,2026-08-15T15:00:00,CRITICAL,Datadog-APM,[CRITICAL] Payment_Success_Rate dropped to 45% in APAC. High error rate on 3DS gateway.,Payment_Success_Rate
ALRT-7f3a3820,#war-room-checkout,2026-08-15T16:00:00,CRITICAL,Datadog-APM,[CRITICAL] Payment_Success_Rate dropped to 45% in APAC. High error rate on 3DS gateway.,Payment_Success_Rate
ALRT-a253182a,#db-alerts,2026-08-15T17:00:00,WARNING,Datadog-APM,Routine alert: CPU_Usage is behaving normally.,CPU_Usage
ALRT-5078d241,#war-room-checkout,2026-08-15T18:00:00,CRITICAL,Datadog-APM,[CRITICAL] Payment_Success_Rate dropped to 45% in APAC. High error rate on 3DS gateway.,Payment_Success_Rate
ALRT-1e085bca,#war-room-checkout,2026-08-15T19:00:00,CRITICAL,Datadog-APM,[CRITICAL] Payment_Success_Rate dropped to 45% in APAC. High error rate on 3DS gateway.,Payment_Success_Rate
ALRT-d0e63998,#war-room-checkout,2026-08-15T21:00:00,CRITICAL,Datadog-APM,[CRITICAL] Payment_Success_Rate dropped to 45% in APAC. High error rate on 3DS gateway.,Payment_Success_Rate
ALRT-bfba6147,#war-room-checkout,2026-08-15T23:00:00,CRITICAL,Datadog-APM,[CRITICAL] Payment_Success_Rate dropped to 45% in APAC. High error rate on 3DS gateway.,Payment_Success_Rate
ALRT-4281ba5d,#war-room-checkout,2026-08-15T23:00:00,CRITICAL,Datadog-APM,[CRITICAL] Payment_Success_Rate dropped to 45% in APAC. High error rate on 3DS gateway.,Payment_Success_Rate
ALRT-d3890c64,#api-health,2026-08-16T01:00:00,INFO,Cloudflare-DNS,Routine alert: CPU_Usage is behaving normally.,CPU_Usage
ALRT-132d47aa,#war-room-checkout,2026-08-16T01:00:00,CRITICAL,Datadog-APM,[CRITICAL] Payment_Success_Rate dropped to 45% in APAC. High error rate on 3DS gateway.,Payment_Success_Rate
ALRT-5c020f8b,#api-health,2026-08-16T02:00:00,WARNING,New-Relic,Routine alert: Payment_Success_Rate is behaving normally.,Payment_Success_Rate
ALRT-670e1982,#war-room-checkout,2026-08-16T02:00:00,CRITICAL,Datadog-APM,[CRITICAL] Payment_Success_Rate dropped to 45% in APAC. High error rate on 3DS gateway.,Payment_Success_Rate
ALRT-228d0372,#war-room-checkout,2026-08-16T03:00:00,CRITICAL,Datadog-APM,[CRITICAL] Payment_Success_Rate dropped to 45% in APAC. High error rate on 3DS gateway.,Payment_Success_Rate
ALRT-5915dbba,#war-room-checkout,2026-08-16T05:00:00,CRITICAL,Datadog-APM,[CRITICAL] Payment_Success_Rate dropped to 45% in APAC. High error rate on 3DS gateway.,Payment_Success_Rate
ALRT-e1e5439e,#war-room-checkout,2026-08-16T06:00:00,WARNING,New-Relic,Routine alert: Latency is behaving normally.,Latency
ALRT-b2e6930f,#war-room-checkout,2026-08-16T06:00:00,CRITICAL,Datadog-APM,[CRITICAL] Payment_Success_Rate dropped to 45% in APAC. High error rate on 3DS gateway.,Payment_Success_Rate
ALRT-c73e4fc3,#api-health,2026-08-16T06:00:00,WARNING,Datadog-APM,Routine alert: CPU_Usage is behaving normally.,CPU_Usage
ALRT-c177ac70,#war-room-checkout,2026-08-16T07:00:00,CRITICAL,Datadog-APM,[CRITICAL] Payment_Success_Rate dropped to 45% in APAC. High error rate on 3DS gateway.,Payment_Success_Rate
ALRT-d20a9c42,#war-room-checkout,2026-08-16T07:00:00,CRITICAL,Datadog-APM,[CRITICAL] Payment_Success_Rate dropped to 45% in APAC. High error rate on 3DS gateway.,Payment_Success_Rate
ALRT-215a6535,#db-alerts,2026-08-16T08:00:00,WARNING,Grafana-Prometheus,Routine alert: Sessions is behaving normally.,Sessions
ALRT-859ea381,#db-alerts,2026-08-16T09:00:00,INFO,New-Relic,Routine alert: AOV is behaving normally.,AOV
ALRT-9a4eb773,#war-room-checkout,2026-08-16T10:00:00,CRITICAL,Datadog-APM,[CRITICAL] Payment_Success_Rate dropped to 45% in APAC. High error rate on 3DS gateway.,Payment_Success_Rate
ALRT-255f0aa8,#war-room-checkout,2026-08-16T13:00:00,CRITICAL,Datadog-APM,[CRITICAL] Payment_Success_Rate dropped to 45% in APAC. High error rate on 3DS gateway.,Payment_Success_Rate
ALRT-d74b05b5,#war-room-checkout,2026-08-16T13:00:00,CRITICAL,Datadog-APM,[CRITICAL] Payment_Success_Rate dropped to 45% in APAC. High error rate on 3DS gateway.,Payment_Success_Rate
ALRT-826a6124,#war-room-checkout,2026-08-16T13:00:00,CRITICAL,Datadog-APM,[CRITICAL] Payment_Success_Rate dropped to 45% in APAC. High error rate on 3DS gateway.,Payment_Success_Rate
ALRT-f1c9066f,#war-room-checkout,2026-08-16T13:00:00,CRITICAL,Datadog-APM,[CRITICAL] Payment_Success_Rate dropped to 45% in APAC. High error rate on 3DS gateway.,Payment_Success_Rate
ALRT-2e02c69e,#api-health,2026-08-16T14:00:00,WARNING,Google-Analytics,Routine alert: Error_Rate is behaving normally.,Error_Rate
ALRT-46550b82,#war-room-checkout,2026-08-16T15:00:00,CRITICAL,Datadog-APM,[CRITICAL] Payment_Success_Rate dropped to 45% in APAC. High error rate on 3DS gateway.,Payment_Success_Rate
ALRT-f3f021e0,#ops-monitoring,2026-08-16T16:00:00,WARNING,AWS-CloudWatch,Routine alert: Revenue is behaving normally.,Revenue
ALRT-e0c4b9fb,#api-health,2026-08-16T16:00:00,WARNING,AWS-CloudWatch,Routine alert: AOV is behaving normally.,AOV
ALRT-9ea57071,#war-room-checkout,2026-08-16T18:00:00,CRITICAL,Datadog-APM,[CRITICAL] Payment_Success_Rate dropped to 45% in APAC. High error rate on 3DS gateway.,Payment_Success_Rate
ALRT-5ff3cbb2,#platform-stability,2026-08-16T18:00:00,WARNING,New-Relic,Routine alert: AOV is behaving normally.,AOV
ALRT-ad51bafd,#db-alerts,2026-08-16T18:00:00,WARNING,AWS-CloudWatch,Routine alert: Memory_Usage is behaving normally.,Memory_Usage
ALRT-5744e908,#platform-stability,2026-08-16T18:00:00,WARNING,New-Relic,Routine alert: AOV is behaving normally.,AOV
ALRT-dd72c4ec,#platform-stability,2026-08-16T18:00:00,INFO,Sentry,Routine alert: Conversion_Rate is behaving normally.,Conversion_Rate
ALRT-7130a6f5,#war-room-checkout,2026-08-16T20:00:00,CRITICAL,Datadog-APM,[CRITICAL] Payment_Success_Rate dropped to 45% in APAC. High error rate on 3DS gateway.,Payment_Success_Rate
ALRT-9be0fe9e,#war-room-checkout,2026-08-16T22:00:00,CRITICAL,Datadog-APM,[CRITICAL] Payment_Success_Rate dropped to 45% in APAC. High error rate on 3DS gateway.,Payment_Success_Rate
ALRT-e522dc8a,#war-room-checkout,2026-08-16T23:00:00,CRITICAL,Datadog-APM,[CRITICAL] Payment_Success_Rate dropped to 45% in APAC. High error rate on 3DS gateway.,Payment_Success_Rate
ALRT-6366b260,#war-room-checkout,2026-08-17T00:00:00,CRITICAL,Datadog-APM,[CRITICAL] Payment_Success_Rate dropped to 45% in APAC. High error rate on 3DS gateway.,Payment_Success_Rate
ALRT-ff01cb8e,#war-room-checkout,2026-08-17T01:00:00,CRITICAL,Datadog-APM,[CRITICAL] Payment_Success_Rate dropped to 45% in APAC. High error rate on 3DS gateway.,Payment_Success_Rate
ALRT-4a06aa5c,#war-room-checkout,2026-08-17T02:00:00,CRITICAL,Datadog-APM,[CRITICAL] Payment_Success_Rate dropped to 45% in APAC. High error rate on 3DS gateway.,Payment_Success_Rate
ALRT-a4fd3f9d,#ops-monitoring,2026-08-17T02:00:00,WARNING,Grafana-Prometheus,Routine alert: Sessions is behaving normally.,Sessions
ALRT-3ee29a9e,#war-room-checkout,2026-08-17T06:00:00,CRITICAL,Datadog-APM,[CRITICAL] Payment_Success_Rate dropped to 45% in APAC. High error rate on 3DS gateway.,Payment_Success_Rate
ALRT-06ba77e2,#war-room-checkout,2026-08-17T06:00:00,CRITICAL,Datadog-APM,[CRITICAL] Payment_Success_Rate dropped to 45% in APAC. High error rate on 3DS gateway.,Payment_Success_Rate
ALRT-a457968b,#war-room-checkout,2026-08-17T06:00:00,CRITICAL,Datadog-APM,[CRITICAL] Payment_Success_Rate dropped to 45% in APAC. High error rate on 3DS gateway.,Payment_Success_Rate
ALRT-3d4c42fd,#war-room-checkout,2026-08-17T07:00:00,CRITICAL,Datadog-APM,[CRITICAL] Payment_Success_Rate dropped to 45% in APAC. High error rate on 3DS gateway.,Payment_Success_Rate
ALRT-81573f68,#war-room-checkout,2026-08-17T09:00:00,CRITICAL,Datadog-APM,[CRITICAL] Payment_Success_Rate dropped to 45% in APAC. High error rate on 3DS gateway.,Payment_Success_Rate
ALRT-781f475c,#war-room-checkout,2026-08-17T10:00:00,CRITICAL,Datadog-APM,[CRITICAL] Payment_Success_Rate dropped to 45% in APAC. High error rate on 3DS gateway.,Payment_Success_Rate
ALRT-509b0669,#war-room-checkout,2026-08-17T11:00:00,CRITICAL,Datadog-APM,[CRITICAL] Payment_Success_Rate dropped to 45% in APAC. High error rate on 3DS gateway.,Payment_Success_Rate
ALRT-c3e981c0,#war-room-checkout,2026-08-17T13:00:00,CRITICAL,Datadog-APM,[CRITICAL] Payment_Success_Rate dropped to 45% in APAC. High error rate on 3DS gateway.,Payment_Success_Rate
ALRT-265570bc,#war-room-checkout,2026-08-17T18:00:00,CRITICAL,Datadog-APM,[CRITICAL] Payment_Success_Rate dropped to 45% in APAC. High error rate on 3DS gateway.,Payment_Success_Rate
ALRT-fe971724,#platform-stability,2026-08-17T18:00:00,WARNING,Cloudflare-DNS,Routine alert: AOV is behaving normally.,AOV
ALRT-a9ea493c,#war-room-checkout,2026-08-17T19:00:00,CRITICAL,Datadog-APM,[CRITICAL] Payment_Success_Rate dropped to 45% in APAC. High error rate on 3DS gateway.,Payment_Success_Rate
ALRT-85016f15,#war-room-checkout,2026-08-17T19:00:00,CRITICAL,Datadog-APM,[CRITICAL] Payment_Success_Rate dropped to 45% in APAC. High error rate on 3DS gateway.,Payment_Success_Rate
ALRT-505c33ee,#war-room-checkout,2026-08-17T21:00:00,CRITICAL,Datadog-APM,[CRITICAL] Payment_Success_Rate dropped to 45% in APAC. High error rate on 3DS gateway.,Payment_Success_Rate
ALRT-f8302367,#security-incidents,2026-08-17T21:00:00,WARNING,Grafana-Prometheus,Routine alert: Payment_Success_Rate is behaving normally.,Payment_Success_Rate
ALRT-e79ceb83,#incident-response,2026-08-17T21:00:00,INFO,StatusPage,Routine alert: Disk_IO is behaving normally.,Disk_IO
ALRT-dd7d2273,#war-room-checkout,2026-08-18T00:00:00,CRITICAL,Datadog-APM,[CRITICAL] Payment_Success_Rate dropped to 45% in APAC. High error rate on 3DS gateway.,Payment_Success_Rate
ALRT-f4e43f4e,#war-room-checkout,2026-08-18T00:00:00,CRITICAL,Datadog-APM,[CRITICAL] Payment_Success_Rate dropped to 45% in APAC. High error rate on 3DS gateway.,Payment_Success_Rate
ALRT-05685529,#war-room-checkout,2026-08-18T04:00:00,INFO,AWS-CloudWatch,Routine alert: Latency is behaving normally.,Latency
ALRT-b52ad9e6,#infra-alerts,2026-08-18T06:00:00,INFO,New-Relic,Routine alert: Latency is behaving normally.,Latency
ALRT-752e67a7,#war-room-checkout,2026-08-18T08:00:00,CRITICAL,Datadog-APM,[CRITICAL] Payment_Success_Rate dropped to 45% in APAC. High error rate on 3DS gateway.,Payment_Success_Rate
ALRT-2306b632,#war-room-checkout,2026-08-18T08:00:00,CRITICAL,Datadog-APM,[CRITICAL] Payment_Success_Rate dropped to 45% in APAC. High error rate on 3DS gateway.,Payment_Success_Rate
ALRT-e96a1a1e,#db-alerts,2026-08-18T10:00:00,INFO,New-Relic,Routine alert: Latency is behaving normally.,Latency
ALRT-415c7ed7,#war-room-checkout,2026-08-18T10:00:00,CRITICAL,Datadog-APM,[CRITICAL] Payment_Success_Rate dropped to 45% in APAC. High error rate on 3DS gateway.,Payment_Success_Rate
ALRT-930301c0,#war-room-checkout,2026-08-18T10:00:00,CRITICAL,Datadog-APM,[CRITICAL] Payment_Success_Rate dropped to 45% in APAC. High error rate on 3DS gateway.,Payment_Success_Rate
ALRT-f4e504e1,#growth-marketing,2026-08-18T11:00:00,INFO,AWS-CloudWatch,Routine alert: AOV is behaving normally.,AOV
ALRT-1e57a233,#war-room-checkout,2026-08-18T12:00:00,CRITICAL,Datadog-APM,[CRITICAL] Payment_Success_Rate dropped to 45% in APAC. High error rate on 3DS gateway.,Payment_Success_Rate
ALRT-e81369ce,#war-room-checkout,2026-08-18T16:00:00,CRITICAL,Datadog-APM,[CRITICAL] Payment_Success_Rate dropped to 45% in APAC. High error rate on 3DS gateway.,Payment_Success_Rate
ALRT-7794a282,#war-room-checkout,2026-08-18T16:00:00,CRITICAL,Datadog-APM,[CRITICAL] Payment_Success_Rate dropped to 45% in APAC. High error rate on 3DS gateway.,Payment_Success_Rate
ALRT-e77b7408,#war-room-checkout,2026-08-18T16:00:00,CRITICAL,Datadog-APM,[CRITICAL] Payment_Success_Rate dropped to 45% in APAC. High error rate on 3DS gateway.,Payment_Success_Rate
ALRT-6bfa043f,#war-room-checkout,2026-08-18T17:00:00,CRITICAL,Datadog-APM,[CRITICAL] Payment_Success_Rate dropped to 45% in APAC. High error rate on 3DS gateway.,Payment_Success_Rate
ALRT-1f587cde,#war-room-checkout,2026-08-18T20:00:00,CRITICAL,Datadog-APM,[CRITICAL] Payment_Success_Rate dropped to 45% in APAC. High error rate on 3DS gateway.,Payment_Success_Rate
ALRT-1102da16,#war-room-checkout,2026-08-18T23:00:00,CRITICAL,Datadog-APM,[CRITICAL] Payment_Success_Rate dropped to 45% in APAC. High error rate on 3DS gateway.,Payment_Success_Rate
ALRT-cf5862ed,#war-room-checkout,2026-08-18T23:00:00,CRITICAL,Datadog-APM,[CRITICAL] Payment_Success_Rate dropped to 45% in APAC. High error rate on 3DS gateway.,Payment_Success_Rate
ALRT-c3aee9b5,#war-room-checkout,2026-08-18T23:00:00,CRITICAL,Datadog-APM,[CRITICAL] Payment_Success_Rate dropped to 45% in APAC. High error rate on 3DS gateway.,Payment_Success_Rate
ALRT-dce05d5c,#war-room-checkout,2026-08-19T00:00:00,CRITICAL,Datadog-APM,[CRITICAL] Payment_Success_Rate dropped to 45% in APAC. High error rate on 3DS gateway.,Payment_Success_Rate
ALRT-eb57629f,#incident-response,2026-08-19T02:00:00,WARNING,Grafana-Prometheus,Routine alert: Conversion_Rate is behaving normally.,Conversion_Rate
ALRT-a22cee2b,#war-room-checkout,2026-08-19T07:00:00,CRITICAL,Datadog-APM,[CRITICAL] Payment_Success_Rate dropped to 45% in APAC. High error rate on 3DS gateway.,Payment_Success_Rate
ALRT-a4603763,#security-incidents,2026-08-19T08:00:00,INFO,Cloudflare-DNS,Routine alert: Memory_Usage is behaving normally.,Memory_Usage
ALRT-e1662964,#security-incidents,2026-08-19T09:00:00,INFO,Cloudflare-DNS,Routine alert: Conversion_Rate is behaving normally.,Conversion_Rate
ALRT-3a701dcc,#release-pipeline,2026-08-19T10:00:00,INFO,Sentry,Routine alert: Sessions is behaving normally.,Sessions
ALRT-fa4142b7,#war-room-checkout,2026-08-19T10:00:00,CRITICAL,Datadog-APM,[CRITICAL] Payment_Success_Rate dropped to 45% in APAC. High error rate on 3DS gateway.,Payment_Success_Rate
ALRT-53f66ace,#incident-response,2026-08-19T13:00:00,INFO,AWS-CloudWatch,Routine alert: Latency is behaving normally.,Latency
ALRT-b3e04bdb,#war-room-checkout,2026-08-19T18:00:00,CRITICAL,Datadog-APM,[CRITICAL] Payment_Success_Rate dropped to 45% in APAC. High error rate on 3DS gateway.,Payment_Success_Rate
ALRT-fe920075,#war-room-checkout,2026-08-19T19:00:00,CRITICAL,Datadog-APM,[CRITICAL] Payment_Success_Rate dropped to 45% in APAC. High error rate on 3DS gateway.,Payment_Success_Rate
ALRT-234aa2ee,#war-room-checkout,2026-08-20T02:00:00,CRITICAL,Datadog-APM,[CRITICAL] Payment_Success_Rate dropped to 45% in APAC. High error rate on 3DS gateway.,Payment_Success_Rate
ALRT-5b3135a7,#war-room-checkout,2026-08-20T03:00:00,CRITICAL,Datadog-APM,[CRITICAL] Payment_Success_Rate dropped to 45% in APAC. High error rate on 3DS gateway.,Payment_Success_Rate
ALRT-edb95e8c,#war-room-checkout,2026-08-20T07:00:00,CRITICAL,Datadog-APM,[CRITICAL] Payment_Success_Rate dropped to 45% in APAC. High error rate on 3DS gateway.,Payment_Success_Rate
ALRT-2eb1c9b1,#security-incidents,2026-08-20T08:00:00,INFO,Grafana-Prometheus,Routine alert: Error_Rate is behaving normally.,Error_Rate
ALRT-e69c604a,#ops-monitoring,2026-08-20T08:00:00,WARNING,New-Relic,Routine alert: Payment_Success_Rate is behaving normally.,Payment_Success_Rate
ALRT-d6b79cf2,#war-room-checkout,2026-08-20T11:00:00,CRITICAL,Datadog-APM,[CRITICAL] Payment_Success_Rate dropped to 45% in APAC. High error rate on 3DS gateway.,Payment_Success_Rate
ALRT-acface92,#war-room-checkout,2026-08-20T12:00:00,CRITICAL,Datadog-APM,[CRITICAL] Payment_Success_Rate dropped to 45% in APAC. High error rate on 3DS gateway.,Payment_Success_Rate
ALRT-7bfedeec,#war-room-checkout,2026-08-20T14:00:00,CRITICAL,Datadog-APM,[CRITICAL] Payment_Success_Rate dropped to 45% in APAC. High error rate on 3DS gateway.,Payment_Success_Rate
ALRT-cb7fc3e6,#war-room-checkout,2026-08-20T14:00:00,CRITICAL,Datadog-APM,[CRITICAL] Payment_Success_Rate dropped to 45% in APAC. High error rate on 3DS gateway.,Payment_Success_Rate
ALRT-06b84883,#incident-response,2026-08-20T17:00:00,WARNING,Datadog-APM,Routine alert: Error_Rate is behaving normally.,Error_Rate
ALRT-972b1860,#war-room-checkout,2026-08-20T19:00:00,CRITICAL,Datadog-APM,[CRITICAL] Payment_Success_Rate dropped to 45% in APAC. High error rate on 3DS gateway.,Payment_Success_Rate
ALRT-cbe3fee1,#war-room-checkout,2026-08-20T20:00:00,CRITICAL,Datadog-APM,[CRITICAL] Payment_Success_Rate dropped to 45% in APAC. High error rate on 3DS gateway.,Payment_Success_Rate
ALRT-993a51ae,#war-room-checkout,2026-08-20T20:00:00,CRITICAL,Datadog-APM,[CRITICAL] Payment_Success_Rate dropped to 45% in APAC. High error rate on 3DS gateway.,Payment_Success_Rate
ALRT-b24e1778,#war-room-checkout,2026-08-20T21:00:00,CRITICAL,Datadog-APM,[CRITICAL] Payment_Success_Rate dropped to 45% in APAC. High error rate on 3DS gateway.,Payment_Success_Rate
ALRT-62b18669,#war-room-checkout,2026-08-20T22:00:00,CRITICAL,Datadog-APM,[CRITICAL] Payment_Success_Rate dropped to 45% in APAC. High error rate on 3DS gateway.,Payment_Success_Rate
ALRT-9d236ba0,#war-room-checkout,2026-08-20T23:00:00,WARNING,ElasticSearch-APM,Routine alert: Latency is behaving normally.,Latency
ALRT-02b142a3,#war-room-checkout,2026-08-21T00:00:00,CRITICAL,Datadog-APM,[CRITICAL] Payment_Success_Rate dropped to 45% in APAC. High error rate on 3DS gateway.,Payment_Success_Rate
ALRT-6dfc36d4,#infra-alerts,2026-08-21T01:00:00,WARNING,Cloudflare-DNS,Routine alert: Error_Rate is behaving normally.,Error_Rate
ALRT-d2890115,#infra-alerts,2026-08-21T04:00:00,INFO,New-Relic,Routine alert: CPU_Usage is behaving normally.,CPU_Usage
ALRT-8d7c390b,#war-room-checkout,2026-08-21T05:00:00,CRITICAL,Datadog-APM,[CRITICAL] Payment_Success_Rate dropped to 45% in APAC. High error rate on 3DS gateway.,Payment_Success_Rate
ALRT-0102b762,#war-room-checkout,2026-08-21T06:00:00,CRITICAL,Datadog-APM,[CRITICAL] Payment_Success_Rate dropped to 45% in APAC. High error rate on 3DS gateway.,Payment_Success_Rate
ALRT-ea3060df,#incident-response,2026-08-21T07:00:00,WARNING,Grafana-Prometheus,Routine alert: Error_Rate is behaving normally.,Error_Rate
ALRT-7236ac7c,#platform-stability,2026-08-21T09:00:00,WARNING,PagerDuty,Routine alert: Memory_Usage is behaving normally.,Memory_Usage
ALRT-fdac145f,#war-room-checkout,2026-08-21T11:00:00,CRITICAL,Datadog-APM,[CRITICAL] Payment_Success_Rate dropped to 45% in APAC. High error rate on 3DS gateway.,Payment_Success_Rate
ALRT-069fd6a7,#infra-alerts,2026-08-21T11:00:00,WARNING,New-Relic,Routine alert: Error_Rate is behaving normally.,Error_Rate
ALRT-60fdfee0,#api-health,2026-08-21T13:00:00,INFO,Google-Analytics,Routine alert: Disk_IO is behaving normally.,Disk_IO
ALRT-72802578,#db-alerts,2026-08-21T14:00:00,INFO,Sentry,Routine alert: Payment_Success_Rate is behaving normally.,Payment_Success_Rate
ALRT-fb23b2f3,#war-room-checkout,2026-08-21T17:00:00,CRITICAL,Datadog-APM,[CRITICAL] Payment_Success_Rate dropped to 45% in APAC. High error rate on 3DS gateway.,Payment_Success_Rate
ALRT-93815ae1,#war-room-checkout,2026-08-21T17:00:00,CRITICAL,Datadog-APM,[CRITICAL] Payment_Success_Rate dropped to 45% in APAC. High error rate on 3DS gateway.,Payment_Success_Rate
ALRT-b4566a1f,#war-room-checkout,2026-08-21T17:00:00,CRITICAL,Datadog-APM,[CRITICAL] Payment_Success_Rate dropped to 45% in APAC. High error rate on 3DS gateway.,Payment_Success_Rate
ALRT-b2a03826,#war-room-checkout,2026-08-21T17:00:00,CRITICAL,Datadog-APM,[CRITICAL] Payment_Success_Rate dropped to 45% in APAC. High error rate on 3DS gateway.,Payment_Success_Rate
ALRT-b8bc6b70,#war-room-checkout,2026-08-21T18:00:00,CRITICAL,Datadog-APM,[CRITICAL] Payment_Success_Rate dropped to 45% in APAC. High error rate on 3DS gateway.,Payment_Success_Rate
ALRT-e86d0083,#war-room-checkout,2026-08-21T19:00:00,CRITICAL,Datadog-APM,[CRITICAL] Payment_Success_Rate dropped to 45% in APAC. High error rate on 3DS gateway.,Payment_Success_Rate
ALRT-d49c9994,#war-room-checkout,2026-08-21T20:00:00,CRITICAL,Datadog-APM,[CRITICAL] Payment_Success_Rate dropped to 45% in APAC. High error rate on 3DS gateway.,Payment_Success_Rate
ALRT-2eb1a557,#war-room-checkout,2026-08-21T21:00:00,CRITICAL,Datadog-APM,[CRITICAL] Payment_Success_Rate dropped to 45% in APAC. High error rate on 3DS gateway.,Payment_Success_Rate
ALRT-961500f9,#api-health,2026-08-22T00:00:00,WARNING,PagerDuty,Routine alert: Disk_IO is behaving normally.,Disk_IO
ALRT-a0fe0bc6,#war-room-checkout,2026-08-22T01:00:00,CRITICAL,Datadog-APM,[CRITICAL] Payment_Success_Rate dropped to 45% in APAC. High error rate on 3DS gateway.,Payment_Success_Rate
ALRT-bb41d4a6,#incident-response,2026-08-22T01:00:00,WARNING,Sentry,Routine alert: AOV is behaving normally.,AOV
ALRT-5c6e3618,#war-room-checkout,2026-08-22T03:00:00,CRITICAL,Datadog-APM,[CRITICAL] Payment_Success_Rate dropped to 45% in APAC. High error rate on 3DS gateway.,Payment_Success_Rate
ALRT-26cfcf90,#war-room-checkout,2026-08-22T05:00:00,CRITICAL,Datadog-APM,[CRITICAL] Payment_Success_Rate dropped to 45% in APAC. High error rate on 3DS gateway.,Payment_Success_Rate
ALRT-4385a8e3,#war-room-checkout,2026-08-22T08:00:00,CRITICAL,Datadog-APM,[CRITICAL] Payment_Success_Rate dropped to 45% in APAC. High error rate on 3DS gateway.,Payment_Success_Rate
ALRT-3080b0cf,#incident-response,2026-08-22T09:00:00,WARNING,AWS-CloudWatch,Routine alert: Memory_Usage is behaving normally.,Memory_Usage
ALRT-384d2468,#war-room-checkout,2026-08-22T10:00:00,CRITICAL,Datadog-APM,[CRITICAL] Payment_Success_Rate dropped to 45% in APAC. High error rate on 3DS gateway.,Payment_Success_Rate
ALRT-6baed1dc,#war-room-checkout,2026-08-22T11:00:00,CRITICAL,Datadog-APM,[CRITICAL] Payment_Success_Rate dropped to 45% in APAC. High error rate on 3DS gateway.,Payment_Success_Rate
ALRT-28c66fa0,#war-room-checkout,2026-08-22T12:00:00,CRITICAL,Datadog-APM,[CRITICAL] Payment_Success_Rate dropped to 45% in APAC. High error rate on 3DS gateway.,Payment_Success_Rate
ALRT-af5f1e7d,#war-room-checkout,2026-08-22T12:00:00,CRITICAL,Datadog-APM,[CRITICAL] Payment_Success_Rate dropped to 45% in APAC. High error rate on 3DS gateway.,Payment_Success_Rate
ALRT-d96dc9fc,#war-room-checkout,2026-08-22T13:00:00,CRITICAL,Datadog-APM,[CRITICAL] Payment_Success_Rate dropped to 45% in APAC. High error rate on 3DS gateway.,Payment_Success_Rate
ALRT-2d58e98b,#war-room-checkout,2026-08-22T14:00:00,CRITICAL,Datadog-APM,[CRITICAL] Payment_Success_Rate dropped to 45% in APAC. High error rate on 3DS gateway.,Payment_Success_Rate
ALRT-fd97d658,#war-room-checkout,2026-08-22T14:00:00,CRITICAL,Datadog-APM,[CRITICAL] Payment_Success_Rate dropped to 45% in APAC. High error rate on 3DS gateway.,Payment_Success_Rate
ALRT-c16cb719,#war-room-checkout,2026-08-22T16:00:00,CRITICAL,Datadog-APM,[CRITICAL] Payment_Success_Rate dropped to 45% in APAC. High error rate on 3DS gateway.,Payment_Success_Rate
ALRT-d920e36e,#war-room-checkout,2026-08-22T17:00:00,CRITICAL,Datadog-APM,[CRITICAL] Payment_Success_Rate dropped to 45% in APAC. High error rate on 3DS gateway.,Payment_Success_Rate
ALRT-15165d9c,#war-room-checkout,2026-08-22T19:00:00,CRITICAL,Datadog-APM,[CRITICAL] Payment_Success_Rate dropped to 45% in APAC. High error rate on 3DS gateway.,Payment_Success_Rate
ALRT-3fab672c,#war-room-checkout,2026-08-22T19:00:00,CRITICAL,Datadog-APM,[CRITICAL] Payment_Success_Rate dropped to 45% in APAC. High error rate on 3DS gateway.,Payment_Success_Rate
ALRT-a1bc67e7,#war-room-checkout,2026-08-22T19:00:00,CRITICAL,Datadog-APM,[CRITICAL] Payment_Success_Rate dropped to 45% in APAC. High error rate on 3DS gateway.,Payment_Success_Rate
ALRT-14424e04,#war-room-checkout,2026-08-22T20:00:00,CRITICAL,Datadog-APM,[CRITICAL] Payment_Success_Rate dropped to 45% in APAC. High error rate on 3DS gateway.,Payment_Success_Rate
ALRT-1f77b371,#war-room-checkout,2026-08-22T20:00:00,CRITICAL,Datadog-APM,[CRITICAL] Payment_Success_Rate dropped to 45% in APAC. High error rate on 3DS gateway.,Payment_Success_Rate
ALRT-a725b01e,#war-room-checkout,2026-08-22T22:00:00,CRITICAL,Datadog-APM,[CRITICAL] Payment_Success_Rate dropped to 45% in APAC. High error rate on 3DS gateway.,Payment_Success_Rate
ALRT-f16f31d6,#platform-stability,2026-08-22T23:00:00,INFO,Google-Analytics,Routine alert: Latency is behaving normally.,Latency
ALRT-d374cf08,#war-room-checkout,2026-08-23T00:00:00,CRITICAL,Datadog-APM,[CRITICAL] Payment_Success_Rate dropped to 45% in APAC. High error rate on 3DS gateway.,Payment_Success_Rate
ALRT-aca65ed3,#war-room-checkout,2026-08-23T00:00:00,CRITICAL,Datadog-APM,[CRITICAL] Payment_Success_Rate dropped to 45% in APAC. High error rate on 3DS gateway.,Payment_Success_Rate
ALRT-1e737da6,#war-room-checkout,2026-08-23T02:00:00,CRITICAL,Datadog-APM,[CRITICAL] Payment_Success_Rate dropped to 45% in APAC. High error rate on 3DS gateway.,Payment_Success_Rate
ALRT-655227c3,#war-room-checkout,2026-08-23T02:00:00,CRITICAL,Datadog-APM,[CRITICAL] Payment_Success_Rate dropped to 45% in APAC. High error rate on 3DS gateway.,Payment_Success_Rate
ALRT-9e3e5e6a,#growth-marketing,2026-08-23T04:00:00,INFO,ElasticSearch-APM,Routine alert: AOV is behaving normally.,AOV
ALRT-e69301b9,#war-room-checkout,2026-08-23T04:00:00,CRITICAL,Datadog-APM,[CRITICAL] Payment_Success_Rate dropped to 45% in APAC. High error rate on 3DS gateway.,Payment_Success_Rate
ALRT-f7eb40b9,#war-room-checkout,2026-08-23T05:00:00,CRITICAL,Datadog-APM,[CRITICAL] Payment_Success_Rate dropped to 45% in APAC. High error rate on 3DS gateway.,Payment_Success_Rate
ALRT-29bf10d9,#war-room-checkout,2026-08-23T06:00:00,WARNING,PagerDuty,Routine alert: CPU_Usage is behaving normally.,CPU_Usage
ALRT-beb531df,#db-alerts,2026-08-23T08:00:00,INFO,ElasticSearch-APM,Routine alert: Payment_Success_Rate is behaving normally.,Payment_Success_Rate
ALRT-a724d14c,#war-room-checkout,2026-08-23T09:00:00,INFO,StatusPage,Routine alert: CPU_Usage is behaving normally.,CPU_Usage
ALRT-f99dba81,#war-room-checkout,2026-08-23T11:00:00,CRITICAL,Datadog-APM,[CRITICAL] Payment_Success_Rate dropped to 45% in APAC. High error rate on 3DS gateway.,Payment_Success_Rate
ALRT-56e80028,#war-room-checkout,2026-08-23T11:00:00,CRITICAL,Datadog-APM,[CRITICAL] Payment_Success_Rate dropped to 45% in APAC. High error rate on 3DS gateway.,Payment_Success_Rate
ALRT-3d2c43ce,#war-room-checkout,2026-08-23T12:00:00,CRITICAL,Datadog-APM,[CRITICAL] Payment_Success_Rate dropped to 45% in APAC. High error rate on 3DS gateway.,Payment_Success_Rate
ALRT-dda96b50,#db-alerts,2026-08-23T12:00:00,WARNING,Datadog-APM,Routine alert: AOV is behaving normally.,AOV
ALRT-b196ec23,#war-room-checkout,2026-08-23T13:00:00,CRITICAL,Datadog-APM,[CRITICAL] Payment_Success_Rate dropped to 45% in APAC. High error rate on 3DS gateway.,Payment_Success_Rate
ALRT-9be902ef,#war-room-checkout,2026-08-23T13:00:00,CRITICAL,Datadog-APM,[CRITICAL] Payment_Success_Rate dropped to 45% in APAC. High error rate on 3DS gateway.,Payment_Success_Rate
ALRT-d1aa0ab6,#incident-response,2026-08-23T13:00:00,WARNING,ElasticSearch-APM,Routine alert: Payment_Success_Rate is behaving normally.,Payment_Success_Rate
ALRT-6db30b8b,#war-room-checkout,2026-08-23T14:00:00,CRITICAL,Datadog-APM,[CRITICAL] Payment_Success_Rate dropped to 45% in APAC. High error rate on 3DS gateway.,Payment_Success_Rate
ALRT-0a6cd492,#security-incidents,2026-08-23T14:00:00,INFO,StatusPage,Routine alert: Error_Rate is behaving normally.,Error_Rate
ALRT-9ed819fa,#war-room-checkout,2026-08-23T16:00:00,CRITICAL,Datadog-APM,[CRITICAL] Payment_Success_Rate dropped to 45% in APAC. High error rate on 3DS gateway.,Payment_Success_Rate
ALRT-c861e68a,#platform-stability,2026-08-23T17:00:00,INFO,StatusPage,Routine alert: Error_Rate is behaving normally.,Error_Rate
ALRT-a367ca8b,#war-room-checkout,2026-08-23T18:00:00,CRITICAL,Datadog-APM,[CRITICAL] Payment_Success_Rate dropped to 45% in APAC. High error rate on 3DS gateway.,Payment_Success_Rate
ALRT-80dbbd73,#war-room-checkout,2026-08-23T18:00:00,CRITICAL,Datadog-APM,[CRITICAL] Payment_Success_Rate dropped to 45% in APAC. High error rate on 3DS gateway.,Payment_Success_Rate
ALRT-d3b234bf,#war-room-checkout,2026-08-23T18:00:00,CRITICAL,Datadog-APM,[CRITICAL] Payment_Success_Rate dropped to 45% in APAC. High error rate on 3DS gateway.,Payment_Success_Rate
ALRT-ea0cdc39,#war-room-checkout,2026-08-23T20:00:00,CRITICAL,Datadog-APM,[CRITICAL] Payment_Success_Rate dropped to 45% in APAC. High error rate on 3DS gateway.,Payment_Success_Rate
ALRT-c03c9bc7,#war-room-checkout,2026-08-23T20:00:00,CRITICAL,Datadog-APM,[CRITICAL] Payment_Success_Rate dropped to 45% in APAC. High error rate on 3DS gateway.,Payment_Success_Rate
ALRT-9919792a,#war-room-checkout,2026-08-23T21:00:00,CRITICAL,Datadog-APM,[CRITICAL] Payment_Success_Rate dropped to 45% in APAC. High error rate on 3DS gateway.,Payment_Success_Rate
ALRT-1e32776e,#war-room-checkout,2026-08-23T21:00:00,CRITICAL,Datadog-APM,[CRITICAL] Payment_Success_Rate dropped to 45% in APAC. High error rate on 3DS gateway.,Payment_Success_Rate
ALRT-86dd3d5d,#war-room-checkout,2026-08-23T22:00:00,CRITICAL,Datadog-APM,[CRITICAL] Payment_Success_Rate dropped to 45% in APAC. High error rate on 3DS gateway.,Payment_Success_Rate
ALRT-73f9b425,#platform-stability,2026-08-23T22:00:00,INFO,New-Relic,Routine alert: Conversion_Rate is behaving normally.,Conversion_Rate
ALRT-d18f2b2a,#war-room-checkout,2026-08-23T23:00:00,CRITICAL,Datadog-APM,[CRITICAL] Payment_Success_Rate dropped to 45% in APAC. High error rate on 3DS gateway.,Payment_Success_Rate
ALRT-34497074,#war-room-checkout,2026-08-24T00:00:00,CRITICAL,Datadog-APM,[CRITICAL] Payment_Success_Rate dropped to 45% in APAC. High error rate on 3DS gateway.,Payment_Success_Rate
ALRT-ad9be2db,#war-room-checkout,2026-08-24T00:00:00,CRITICAL,Datadog-APM,[CRITICAL] Payment_Success_Rate dropped to 45% in APAC. High error rate on 3DS gateway.,Payment_Success_Rate
ALRT-c07920b1,#war-room-checkout,2026-08-24T01:00:00,CRITICAL,Datadog-APM,[CRITICAL] Payment_Success_Rate dropped to 45% in APAC. High error rate on 3DS gateway.,Payment_Success_Rate
ALRT-2a94f523,#war-room-checkout,2026-08-24T01:00:00,INFO,Sentry,Routine alert: Payment_Success_Rate is behaving normally.,Payment_Success_Rate
ALRT-7c0be4d2,#war-room-checkout,2026-08-24T01:00:00,CRITICAL,Datadog-APM,[CRITICAL] Payment_Success_Rate dropped to 45% in APAC. High error rate on 3DS gateway.,Payment_Success_Rate
ALRT-805d0cc3,#war-room-checkout,2026-08-24T02:00:00,CRITICAL,Datadog-APM,[CRITICAL] Payment_Success_Rate dropped to 45% in APAC. High error rate on 3DS gateway.,Payment_Success_Rate
ALRT-7b2365ac,#war-room-checkout,2026-08-24T04:00:00,CRITICAL,Datadog-APM,[CRITICAL] Payment_Success_Rate dropped to 45% in APAC. High error rate on 3DS gateway.,Payment_Success_Rate
ALRT-2a80ff10,#infra-alerts,2026-08-24T05:00:00,INFO,StatusPage,Routine alert: Payment_Success_Rate is behaving normally.,Payment_Success_Rate
ALRT-50c30aea,#war-room-checkout,2026-08-24T07:00:00,CRITICAL,Datadog-APM,[CRITICAL] Payment_Success_Rate dropped to 45% in APAC. High error rate on 3DS gateway.,Payment_Success_Rate
ALRT-76418d07,#war-room-checkout,2026-08-24T08:00:00,CRITICAL,Datadog-APM,[CRITICAL] Payment_Success_Rate dropped to 45% in APAC. High error rate on 3DS gateway.,Payment_Success_Rate
ALRT-911a0c88,#war-room-checkout,2026-08-24T09:00:00,CRITICAL,Datadog-APM,[CRITICAL] Payment_Success_Rate dropped to 45% in APAC. High error rate on 3DS gateway.,Payment_Success_Rate
ALRT-aa4ffc25,#war-room-checkout,2026-08-24T10:00:00,CRITICAL,Datadog-APM,[CRITICAL] Payment_Success_Rate dropped to 45% in APAC. High error rate on 3DS gateway.,Payment_Success_Rate
ALRT-f8bf9768,#war-room-checkout,2026-08-24T11:00:00,CRITICAL,Datadog-APM,[CRITICAL] Payment_Success_Rate dropped to 45% in APAC. High error rate on 3DS gateway.,Payment_Success_Rate
ALRT-20ba2227,#war-room-checkout,2026-08-24T12:00:00,CRITICAL,Datadog-APM,[CRITICAL] Payment_Success_Rate dropped to 45% in APAC. High error rate on 3DS gateway.,Payment_Success_Rate
ALRT-f5a8f248,#war-room-checkout,2026-08-24T12:00:00,CRITICAL,Datadog-APM,[CRITICAL] Payment_Success_Rate dropped to 45% in APAC. High error rate on 3DS gateway.,Payment_Success_Rate
ALRT-ec887db0,#api-health,2026-08-24T14:00:00,WARNING,Google-Analytics,Routine alert: Payment_Success_Rate is behaving normally.,Payment_Success_Rate
ALRT-eac2ebb9,#war-room-checkout,2026-08-24T14:00:00,CRITICAL,Datadog-APM,[CRITICAL] Payment_Success_Rate dropped to 45% in APAC. High error rate on 3DS gateway.,Payment_Success_Rate
ALRT-522b30b3,#war-room-checkout,2026-08-24T15:00:00,CRITICAL,Datadog-APM,[CRITICAL] Payment_Success_Rate dropped to 45% in APAC. High error rate on 3DS gateway.,Payment_Success_Rate
ALRT-1e31713c,#war-room-checkout,2026-08-24T16:00:00,CRITICAL,Datadog-APM,[CRITICAL] Payment_Success_Rate dropped to 45% in APAC. High error rate on 3DS gateway.,Payment_Success_Rate
ALRT-3a4654ac,#war-room-checkout,2026-08-24T18:00:00,CRITICAL,Datadog-APM,[CRITICAL] Payment_Success_Rate dropped to 45% in APAC. High error rate on 3DS gateway.,Payment_Success_Rate
ALRT-8faf5f9e,#growth-marketing,2026-08-24T20:00:00,INFO,Grafana-Prometheus,Routine alert: AOV is behaving normally.,AOV
ALRT-fe773b2a,#infra-alerts,2026-08-24T20:00:00,WARNING,ElasticSearch-APM,Routine alert: Sessions is behaving normally.,Sessions
ALRT-e39517ec,#war-room-checkout,2026-08-24T21:00:00,CRITICAL,Datadog-APM,[CRITICAL] Payment_Success_Rate dropped to 45% in APAC. High error rate on 3DS gateway.,Payment_Success_Rate
ALRT-47cda5ff,#war-room-checkout,2026-08-24T23:00:00,CRITICAL,Datadog-APM,[CRITICAL] Payment_Success_Rate dropped to 45% in APAC. High error rate on 3DS gateway.,Payment_Success_Rate
ALRT-8159e22a,#war-room-checkout,2026-08-25T04:00:00,CRITICAL,Datadog-APM,[CRITICAL] Payment_Success_Rate dropped to 45% in APAC. High error rate on 3DS gateway.,Payment_Success_Rate
ALRT-3af789d4,#war-room-checkout,2026-08-25T05:00:00,CRITICAL,Datadog-APM,[CRITICAL] Payment_Success_Rate dropped to 45% in APAC. High error rate on 3DS gateway.,Payment_Success_Rate
ALRT-da1df58f,#war-room-checkout,2026-08-25T07:00:00,CRITICAL,Datadog-APM,[CRITICAL] Payment_Success_Rate dropped to 45% in APAC. High error rate on 3DS gateway.,Payment_Success_Rate
ALRT-f5519efd,#war-room-checkout,2026-08-25T07:00:00,CRITICAL,Datadog-APM,[CRITICAL] Payment_Success_Rate dropped to 45% in APAC. High error rate on 3DS gateway.,Payment_Success_Rate
ALRT-8478e1be,#war-room-checkout,2026-08-25T09:00:00,CRITICAL,Datadog-APM,[CRITICAL] Payment_Success_Rate dropped to 45% in APAC. High error rate on 3DS gateway.,Payment_Success_Rate
ALRT-763100a4,#war-room-checkout,2026-08-25T09:00:00,CRITICAL,Datadog-APM,[CRITICAL] Payment_Success_Rate dropped to 45% in APAC. High error rate on 3DS gateway.,Payment_Success_Rate
ALRT-1c6257b1,#war-room-checkout,2026-08-25T09:00:00,CRITICAL,Datadog-APM,[CRITICAL] Payment_Success_Rate dropped to 45% in APAC. High error rate on 3DS gateway.,Payment_Success_Rate
ALRT-75ad4fc9,#db-alerts,2026-08-25T10:00:00,WARNING,StatusPage,Routine alert: Latency is behaving normally.,Latency
ALRT-8f58186e,#war-room-checkout,2026-08-25T12:00:00,CRITICAL,Datadog-APM,[CRITICAL] Payment_Success_Rate dropped to 45% in APAC. High error rate on 3DS gateway.,Payment_Success_Rate
ALRT-dbdc2fe2,#war-room-checkout,2026-08-25T12:00:00,CRITICAL,Datadog-APM,[CRITICAL] Payment_Success_Rate dropped to 45% in APAC. High error rate on 3DS gateway.,Payment_Success_Rate
ALRT-b1901efc,#security-incidents,2026-08-25T13:00:00,WARNING,PagerDuty,Routine alert: Sessions is behaving normally.,Sessions
ALRT-7e7d903e,#war-room-checkout,2026-08-25T14:00:00,CRITICAL,Datadog-APM,[CRITICAL] Payment_Success_Rate dropped to 45% in APAC. High error rate on 3DS gateway.,Payment_Success_Rate
ALRT-fecca7c3,#war-room-checkout,2026-08-25T14:00:00,CRITICAL,Datadog-APM,[CRITICAL] Payment_Success_Rate dropped to 45% in APAC. High error rate on 3DS gateway.,Payment_Success_Rate
ALRT-06bb8f8c,#war-room-checkout,2026-08-25T14:00:00,CRITICAL,Datadog-APM,[CRITICAL] Payment_Success_Rate dropped to 45% in APAC. High error rate on 3DS gateway.,Payment_Success_Rate
ALRT-b6d81af5,#war-room-checkout,2026-08-25T14:00:00,CRITICAL,Datadog-APM,[CRITICAL] Payment_Success_Rate dropped to 45% in APAC. High error rate on 3DS gateway.,Payment_Success_Rate
ALRT-98544817,#war-room-checkout,2026-08-25T16:00:00,CRITICAL,Datadog-APM,[CRITICAL] Payment_Success_Rate dropped to 45% in APAC. High error rate on 3DS gateway.,Payment_Success_Rate
ALRT-b3538156,#war-room-checkout,2026-08-25T16:00:00,CRITICAL,Datadog-APM,[CRITICAL] Payment_Success_Rate dropped to 45% in APAC. High error rate on 3DS gateway.,Payment_Success_Rate
ALRT-adaf730f,#war-room-checkout,2026-08-25T16:00:00,CRITICAL,Datadog-APM,[CRITICAL] Payment_Success_Rate dropped to 45% in APAC. High error rate on 3DS gateway.,Payment_Success_Rate
ALRT-d3ad8aea,#growth-marketing,2026-08-25T17:00:00,WARNING,Datadog-APM,Routine alert: Revenue is behaving normally.,Revenue
ALRT-68297a60,#war-room-checkout,2026-08-25T18:00:00,CRITICAL,Datadog-APM,[CRITICAL] Payment_Success_Rate dropped to 45% in APAC. High error rate on 3DS gateway.,Payment_Success_Rate
ALRT-2d769f47,#war-room-checkout,2026-08-25T20:00:00,CRITICAL,Datadog-APM,[CRITICAL] Payment_Success_Rate dropped to 45% in APAC. High error rate on 3DS gateway.,Payment_Success_Rate
ALRT-c49b6e48,#infra-alerts,2026-08-25T22:00:00,WARNING,StatusPage,Routine alert: Latency is behaving normally.,Latency
ALRT-883729b3,#war-room-checkout,2026-08-25T22:00:00,CRITICAL,Datadog-APM,[CRITICAL] Payment_Success_Rate dropped to 45% in APAC. High error rate on 3DS gateway.,Payment_Success_Rate
ALRT-0356dfba,#growth-marketing,2026-08-26T01:00:00,INFO,StatusPage,Routine alert: Sessions is behaving normally.,Sessions
ALRT-e089907f,#platform-stability,2026-08-26T02:00:00,WARNING,Sentry,Routine alert: Payment_Success_Rate is behaving normally.,Payment_Success_Rate
ALRT-54df34a4,#war-room-checkout,2026-08-26T02:00:00,CRITICAL,Datadog-APM,[CRITICAL] Payment_Success_Rate dropped to 45% in APAC. High error rate on 3DS gateway.,Payment_Success_Rate
ALRT-bc4479cd,#war-room-checkout,2026-08-26T05:00:00,CRITICAL,Datadog-APM,[CRITICAL] Payment_Success_Rate dropped to 45% in APAC. High error rate on 3DS gateway.,Payment_Success_Rate
ALRT-1b65186e,#war-room-checkout,2026-08-26T07:00:00,CRITICAL,Datadog-APM,[CRITICAL] Payment_Success_Rate dropped to 45% in APAC. High error rate on 3DS gateway.,Payment_Success_Rate
ALRT-1b9a2b82,#war-room-checkout,2026-08-26T07:00:00,INFO,Grafana-Prometheus,Routine alert: Latency is behaving normally.,Latency
ALRT-5370c49d,#ops-monitoring,2026-08-26T11:00:00,WARNING,PagerDuty,Routine alert: Latency is behaving normally.,Latency
ALRT-d688d4d3,#db-alerts,2026-08-26T12:00:00,INFO,Grafana-Prometheus,Routine alert: Revenue is behaving normally.,Revenue
ALRT-8357e10a,#war-room-checkout,2026-08-26T13:00:00,CRITICAL,Datadog-APM,[CRITICAL] Payment_Success_Rate dropped to 45% in APAC. High error rate on 3DS gateway.,Payment_Success_Rate
ALRT-0482cb20,#db-alerts,2026-08-26T13:00:00,INFO,Cloudflare-DNS,Routine alert: CPU_Usage is behaving normally.,CPU_Usage
ALRT-6cc9158e,#war-room-checkout,2026-08-26T15:00:00,CRITICAL,Datadog-APM,[CRITICAL] Payment_Success_Rate dropped to 45% in APAC. High error rate on 3DS gateway.,Payment_Success_Rate
ALRT-f319c857,#war-room-checkout,2026-08-26T15:00:00,CRITICAL,Datadog-APM,[CRITICAL] Payment_Success_Rate dropped to 45% in APAC. High error rate on 3DS gateway.,Payment_Success_Rate
ALRT-7e3b0a48,#war-room-checkout,2026-08-26T17:00:00,CRITICAL,Datadog-APM,[CRITICAL] Payment_Success_Rate dropped to 45% in APAC. High error rate on 3DS gateway.,Payment_Success_Rate
ALRT-d3e6f855,#war-room-checkout,2026-08-26T17:00:00,CRITICAL,Datadog-APM,[CRITICAL] Payment_Success_Rate dropped to 45% in APAC. High error rate on 3DS gateway.,Payment_Success_Rate
ALRT-4d86960e,#api-health,2026-08-26T18:00:00,INFO,Datadog-APM,Routine alert: Error_Rate is behaving normally.,Error_Rate
ALRT-7cf0f207,#war-room-checkout,2026-08-26T20:00:00,CRITICAL,Datadog-APM,[CRITICAL] Payment_Success_Rate dropped to 45% in APAC. High error rate on 3DS gateway.,Payment_Success_Rate
ALRT-e74bbd21,#war-room-checkout,2026-08-27T01:00:00,CRITICAL,Datadog-APM,[CRITICAL] Payment_Success_Rate dropped to 45% in APAC. High error rate on 3DS gateway.,Payment_Success_Rate
ALRT-9f77eb5b,#war-room-checkout,2026-08-27T02:00:00,CRITICAL,Datadog-APM,[CRITICAL] Payment_Success_Rate dropped to 45% in APAC. High error rate on 3DS gateway.,Payment_Success_Rate
ALRT-4818c694,#war-room-checkout,2026-08-27T02:00:00,CRITICAL,Datadog-APM,[CRITICAL] Payment_Success_Rate dropped to 45% in APAC. High error rate on 3DS gateway.,Payment_Success_Rate
ALRT-076ed3e2,#war-room-checkout,2026-08-27T03:00:00,CRITICAL,Datadog-APM,[CRITICAL] Payment_Success_Rate dropped to 45% in APAC. High error rate on 3DS gateway.,Payment_Success_Rate
ALRT-c37e311c,#war-room-checkout,2026-08-27T03:00:00,CRITICAL,Datadog-APM,[CRITICAL] Payment_Success_Rate dropped to 45% in APAC. High error rate on 3DS gateway.,Payment_Success_Rate
ALRT-92b6aeb8,#war-room-checkout,2026-08-27T03:00:00,CRITICAL,Datadog-APM,[CRITICAL] Payment_Success_Rate dropped to 45% in APAC. High error rate on 3DS gateway.,Payment_Success_Rate
ALRT-f4df8762,#war-room-checkout,2026-08-27T04:00:00,CRITICAL,Datadog-APM,[CRITICAL] Payment_Success_Rate dropped to 45% in APAC. High error rate on 3DS gateway.,Payment_Success_Rate
ALRT-0a4f0235,#release-pipeline,2026-08-27T09:00:00,WARNING,Sentry,Routine alert: Memory_Usage is behaving normally.,Memory_Usage
ALRT-8a938c6a,#war-room-checkout,2026-08-27T12:00:00,CRITICAL,Datadog-APM,[CRITICAL] Payment_Success_Rate dropped to 45% in APAC. High error rate on 3DS gateway.,Payment_Success_Rate
ALRT-cc5165d6,#war-room-checkout,2026-08-27T15:00:00,CRITICAL,Datadog-APM,[CRITICAL] Payment_Success_Rate dropped to 45% in APAC. High error rate on 3DS gateway.,Payment_Success_Rate
ALRT-39054dbb,#war-room-checkout,2026-08-27T15:00:00,CRITICAL,Datadog-APM,[CRITICAL] Payment_Success_Rate dropped to 45% in APAC. High error rate on 3DS gateway.,Payment_Success_Rate
ALRT-36c9384a,#war-room-checkout,2026-08-27T16:00:00,CRITICAL,Datadog-APM,[CRITICAL] Payment_Success_Rate dropped to 45% in APAC. High error rate on 3DS gateway.,Payment_Success_Rate
ALRT-561a2670,#war-room-checkout,2026-08-27T19:00:00,CRITICAL,Datadog-APM,[CRITICAL] Payment_Success_Rate dropped to 45% in APAC. High error rate on 3DS gateway.,Payment_Success_Rate
ALRT-28626ff7,#security-incidents,2026-08-27T19:00:00,INFO,New-Relic,Routine alert: Memory_Usage is behaving normally.,Memory_Usage
ALRT-8f113393,#war-room-checkout,2026-08-27T20:00:00,CRITICAL,Datadog-APM,[CRITICAL] Payment_Success_Rate dropped to 45% in APAC. High error rate on 3DS gateway.,Payment_Success_Rate
ALRT-4d2be569,#db-alerts,2026-08-27T21:00:00,INFO,Google-Analytics,Routine alert: Payment_Success_Rate is behaving normally.,Payment_Success_Rate
ALRT-50db1eda,#infra-alerts,2026-08-27T22:00:00,INFO,Cloudflare-DNS,Routine alert: Error_Rate is behaving normally.,Error_Rate
ALRT-4ffdd53f,#war-room-checkout,2026-08-27T23:00:00,CRITICAL,Datadog-APM,[CRITICAL] Payment_Success_Rate dropped to 45% in APAC. High error rate on 3DS gateway.,Payment_Success_Rate
ALRT-79ae188d,#war-room-checkout,2026-08-28T00:00:00,CRITICAL,Datadog-APM,[CRITICAL] Payment_Success_Rate dropped to 45% in APAC. High error rate on 3DS gateway.,Payment_Success_Rate
ALRT-949743d1,#security-incidents,2026-08-28T00:00:00,INFO,Sentry,Routine alert: CPU_Usage is behaving normally.,CPU_Usage
ALRT-7f27a624,#war-room-checkout,2026-08-28T01:00:00,CRITICAL,Datadog-APM,[CRITICAL] Payment_Success_Rate dropped to 45% in APAC. High error rate on 3DS gateway.,Payment_Success_Rate
ALRT-9ca38953,#war-room-checkout,2026-08-28T02:00:00,CRITICAL,Datadog-APM,[CRITICAL] Payment_Success_Rate dropped to 45% in APAC. High error rate on 3DS gateway.,Payment_Success_Rate
ALRT-4c74b2de,#war-room-checkout,2026-08-28T03:00:00,CRITICAL,Datadog-APM,[CRITICAL] Payment_Success_Rate dropped to 45% in APAC. High error rate on 3DS gateway.,Payment_Success_Rate
ALRT-c0e62e71,#war-room-checkout,2026-08-28T03:00:00,CRITICAL,Datadog-APM,[CRITICAL] Payment_Success_Rate dropped to 45% in APAC. High error rate on 3DS gateway.,Payment_Success_Rate
ALRT-9148c7b3,#war-room-checkout,2026-08-28T05:00:00,CRITICAL,Datadog-APM,[CRITICAL] Payment_Success_Rate dropped to 45% in APAC. High error rate on 3DS gateway.,Payment_Success_Rate
ALRT-e7bd9f97,#war-room-checkout,2026-08-28T06:00:00,CRITICAL,Datadog-APM,[CRITICAL] Payment_Success_Rate dropped to 45% in APAC. High error rate on 3DS gateway.,Payment_Success_Rate
ALRT-662ad8ed,#incident-response,2026-08-28T08:00:00,WARNING,New-Relic,Routine alert: CPU_Usage is behaving normally.,CPU_Usage
ALRT-6a40bdfb,#war-room-checkout,2026-08-28T09:00:00,CRITICAL,Datadog-APM,[CRITICAL] Payment_Success_Rate dropped to 45% in APAC. High error rate on 3DS gateway.,Payment_Success_Rate
ALRT-f47619ec,#security-incidents,2026-08-28T15:00:00,INFO,StatusPage,Routine alert: Revenue is behaving normally.,Revenue
ALRT-a5f9e832,#war-room-checkout,2026-08-28T15:00:00,WARNING,Cloudflare-DNS,Routine alert: CPU_Usage is behaving normally.,CPU_Usage
ALRT-4b2a2907,#war-room-checkout,2026-08-28T15:00:00,CRITICAL,Datadog-APM,[CRITICAL] Payment_Success_Rate dropped to 45% in APAC. High error rate on 3DS gateway.,Payment_Success_Rate
ALRT-927fcbf9,#growth-marketing,2026-08-28T16:00:00,INFO,StatusPage,Routine alert: AOV is behaving normally.,AOV
ALRT-61ca5554,#war-room-checkout,2026-08-28T19:00:00,CRITICAL,Datadog-APM,[CRITICAL] Payment_Success_Rate dropped to 45% in APAC. High error rate on 3DS gateway.,Payment_Success_Rate
ALRT-4646e6ad,#war-room-checkout,2026-08-28T19:00:00,CRITICAL,Datadog-APM,[CRITICAL] Payment_Success_Rate dropped to 45% in APAC. High error rate on 3DS gateway.,Payment_Success_Rate
ALRT-b69451b8,#war-room-checkout,2026-08-28T21:00:00,CRITICAL,Datadog-APM,[CRITICAL] Payment_Success_Rate dropped to 45% in APAC. High error rate on 3DS gateway.,Payment_Success_Rate
ALRT-4789e86e,#war-room-checkout,2026-08-28T23:00:00,CRITICAL,Datadog-APM,[CRITICAL] Payment_Success_Rate dropped to 45% in APAC. High error rate on 3DS gateway.,Payment_Success_Rate
