ticket_id,created_at,category,customer_region,subject,description,sentiment_score
ZD-790943,2025-08-29T00:00:00,Checkout Error,EMEA,Issue with checkout error,Customer reported a problem regarding checkout error in EMEA.,0.72
ZD-377854,2025-08-29T05:00:00,Refund Request,EU,Issue with refund request,Customer reported a problem regarding refund request in EU.,0.27
ZD-907330,2025-08-29T11:00:00,General Support,EMEA,Issue with general support,Customer reported a problem regarding general support in EMEA.,-0.28
ZD-224181,2025-08-29T21:00:00,Refund Request,APAC,Issue with refund request,Customer reported a problem regarding refund request in APAC.,0.74
ZD-956624,2025-08-30T07:00:00,Billing Inquiry,LATAM,Issue with billing inquiry,Customer reported a problem regarding billing inquiry in LATAM.,0.06
ZD-247748,2025-08-30T08:00:00,Payment Failure,EU,Issue with payment failure,Customer reported a problem regarding payment failure in EU.,0.71
ZD-574650,2025-08-30T09:00:00,Refund Request,NA,Issue with refund request,Customer reported a problem regarding refund request in NA.,-0.08
ZD-104587,2025-08-30T11:00:00,Checkout Error,NA,Issue with checkout error,Customer reported a problem regarding checkout error in NA.,-0.31
ZD-804595,2025-08-30T14:00:00,Refund Request,NA,Issue with refund request,Customer reported a problem regarding refund request in NA.,0.72
ZD-672356,2025-08-30T20:00:00,Order Tracking,GLOBAL,Issue with order tracking,Customer reported a problem regarding order tracking in GLOBAL.,-0.04
ZD-231278,2025-08-31T01:00:00,Order Tracking,EMEA,Issue with order tracking,Customer reported a problem regarding order tracking in EMEA.,0.25
ZD-532554,2025-08-31T13:00:00,Checkout Error,EMEA,Issue with checkout error,Customer reported a problem regarding checkout error in EMEA.,0.25
ZD-115403,2025-08-31T22:00:00,Performance Issue,APAC,Issue with performance issue,Customer reported a problem regarding performance issue in APAC.,-0.2
ZD-619463,2025-09-01T11:00:00,Checkout Error,EMEA,Issue with checkout error,Customer reported a problem regarding checkout error in EMEA.,0.53
ZD-685680,2025-09-01T18:00:00,Mobile App Bug,APAC,Issue with mobile app bug,Customer reported a problem regarding mobile app bug in APAC.,0.07
ZD-614029,2025-09-02T04:00:00,Account Access,GLOBAL,Issue with account access,Customer reported a problem regarding account access in GLOBAL.,0.58
ZD-411402,2025-09-02T12:00:00,Payment Failure,GLOBAL,Issue with payment failure,Customer reported a problem regarding payment failure in GLOBAL.,0.57
ZD-735745,2025-09-02T17:00:00,Order Tracking,GLOBAL,Issue with order tracking,Customer reported a problem regarding order tracking in GLOBAL.,0.32
ZD-880596,2025-09-03T00:00:00,API Integration,EU,Issue with api integration,Customer reported a problem regarding api integration in EU.,0.26
ZD-361237,2025-09-03T03:00:00,Mobile App Bug,LATAM,Issue with mobile app bug,Customer reported a problem regarding mobile app bug in LATAM.,-0.32
ZD-127511,2025-09-03T13:00:00,General Support,EU,Issue with general support,Customer reported a problem regarding general support in EU.,0.43
ZD-795306,2025-09-03T14:00:00,Mobile App Bug,LATAM,Issue with mobile app bug,Customer reported a problem regarding mobile app bug in LATAM.,0.36
ZD-258343,2025-09-03T14:00:00,Account Access,APAC,Issue with account access,Customer reported a problem regarding account access in APAC.,0.22
ZD-598008,2025-09-03T18:00:00,Account Access,EU,Issue with account access,Customer reported a problem regarding account access in EU.,0.36
ZD-504576,2025-09-03T22:00:00,Billing Inquiry,NA,Issue with billing inquiry,Customer reported a problem regarding billing inquiry in NA.,0.18
ZD-424045,2025-09-04T03:00:00,Billing Inquiry,LATAM,Issue with billing inquiry,Customer reported a problem regarding billing inquiry in LATAM.,-0.49
ZD-625663,2025-09-04T06:00:00,Refund Request,GLOBAL,Issue with refund request,Customer reported a problem regarding refund request in GLOBAL.,-0.0
ZD-204230,2025-09-04T11:00:00,API Integration,EMEA,Issue with api integration,Customer reported a problem regarding api integration in EMEA.,0.78
ZD-449423,2025-09-04T15:00:00,API Integration,EU,Issue with api integration,Customer reported a problem regarding api integration in EU.,-0.02
ZD-703994,2025-09-04T20:00:00,Order Tracking,GLOBAL,Issue with order tracking,Customer reported a problem regarding order tracking in GLOBAL.,0.5
ZD-289054,2025-09-04T20:00:00,Billing Inquiry,EMEA,Issue with billing inquiry,Customer reported a problem regarding billing inquiry in EMEA.,0.79
ZD-153466,2025-09-04T23:00:00,Checkout Error,LATAM,Issue with checkout error,Customer reported a problem regarding checkout error in LATAM.,0.03
ZD-245746,2025-09-05T03:00:00,Order Tracking,NA,Issue with order tracking,Customer reported a problem regarding order tracking in NA.,-0.15
ZD-211855,2025-09-05T04:00:00,Order Tracking,NA,Issue with order tracking,Customer reported a problem regarding order tracking in NA.,0.31
ZD-373210,2025-09-05T09:00:00,Billing Inquiry,LATAM,Issue with billing inquiry,Customer reported a problem regarding billing inquiry in LATAM.,-0.05
ZD-232313,2025-09-05T09:00:00,Order Tracking,EU,Issue with order tracking,Customer reported a problem regarding order tracking in EU.,0.11
ZD-563633,2025-09-05T21:00:00,API Integration,EMEA,Issue with api integration,Customer reported a problem regarding api integration in EMEA.,0.19
ZD-759741,2025-09-06T01:00:00,General Support,EU,Issue with general support,Customer reported a problem regarding general support in EU.,-0.06
ZD-601261,2025-09-06T03:00:00,Billing Inquiry,GLOBAL,Issue with billing inquiry,Customer reported a problem regarding billing inquiry in GLOBAL.,0.13
ZD-552704,2025-09-06T06:00:00,Performance Issue,EU,Issue with performance issue,Customer reported a problem regarding performance issue in EU.,-0.31
ZD-610684,2025-09-06T06:00:00,Billing Inquiry,EMEA,Issue with billing inquiry,Customer reported a problem regarding billing inquiry in EMEA.,0.09
ZD-259012,2025-09-06T09:00:00,Performance Issue,LATAM,Issue with performance issue,Customer reported a problem regarding performance issue in LATAM.,-0.42
ZD-720735,2025-09-06T13:00:00,Mobile App Bug,EU,Issue with mobile app bug,Customer reported a problem regarding mobile app bug in EU.,0.45
ZD-910779,2025-09-06T13:00:00,Order Tracking,EU,Issue with order tracking,Customer reported a problem regarding order tracking in EU.,-0.36
ZD-329351,2025-09-06T15:00:00,Payment Failure,GLOBAL,Issue with payment failure,Customer reported a problem regarding payment failure in GLOBAL.,0.65
ZD-241913,2025-09-06T18:00:00,Payment Failure,EU,Issue with payment failure,Customer reported a problem regarding payment failure in EU.,0.06
ZD-196698,2025-09-07T06:00:00,Billing Inquiry,LATAM,Issue with billing inquiry,Customer reported a problem regarding billing inquiry in LATAM.,0.12
ZD-175303,2025-09-07T09:00:00,Mobile App Bug,EMEA,Issue with mobile app bug,Customer reported a problem regarding mobile app bug in EMEA.,-0.05
ZD-490823,2025-09-07T12:00:00,General Support,EMEA,Issue with general support,Customer reported a problem regarding general support in EMEA.,0.07
ZD-671332,2025-09-07T23:00:00,Payment Failure,LATAM,Issue with payment failure,Customer reported a problem regarding payment failure in LATAM.,0.18
ZD-491605,2025-09-07T23:00:00,Mobile App Bug,LATAM,Issue with mobile app bug,Customer reported a problem regarding mobile app bug in LATAM.,0.08
ZD-474576,2025-09-08T04:00:00,Refund Request,APAC,Issue with refund request,Customer reported a problem regarding refund request in APAC.,-0.13
ZD-755340,2025-09-08T21:00:00,Payment Failure,NA,Issue with payment failure,Customer reported a problem regarding payment failure in NA.,0.61
ZD-822452,2025-09-09T01:00:00,Account Access,NA,Issue with account access,Customer reported a problem regarding account access in NA.,0.07
ZD-374850,2025-09-09T02:00:00,Mobile App Bug,EU,Issue with mobile app bug,Customer reported a problem regarding mobile app bug in EU.,-0.31
ZD-782389,2025-09-09T02:00:00,API Integration,NA,Issue with api integration,Customer reported a problem regarding api integration in NA.,-0.41
ZD-836774,2025-09-09T13:00:00,Performance Issue,NA,Issue with performance issue,Customer reported a problem regarding performance issue in NA.,-0.38
ZD-490639,2025-09-09T15:00:00,Order Tracking,NA,Issue with order tracking,Customer reported a problem regarding order tracking in NA.,-0.05
ZD-979867,2025-09-09T15:00:00,Account Access,GLOBAL,Issue with account access,Customer reported a problem regarding account access in GLOBAL.,-0.27
ZD-237463,2025-09-09T22:00:00,Refund Request,APAC,Issue with refund request,Customer reported a problem regarding refund request in APAC.,0.54
ZD-926313,2025-09-10T14:00:00,Performance Issue,EU,Issue with performance issue,Customer reported a problem regarding performance issue in EU.,-0.11
ZD-369276,2025-09-10T18:00:00,Payment Failure,GLOBAL,Issue with payment failure,Customer reported a problem regarding payment failure in GLOBAL.,0.67
ZD-154613,2025-09-10T19:00:00,Account Access,NA,Issue with account access,Customer reported a problem regarding account access in NA.,-0.26
ZD-747521,2025-09-10T20:00:00,General Support,LATAM,Issue with general support,Customer reported a problem regarding general support in LATAM.,-0.27
ZD-489505,2025-09-11T00:00:00,Checkout Error,EU,Issue with checkout error,Customer reported a problem regarding checkout error in EU.,-0.37
ZD-363359,2025-09-11T02:00:00,Account Access,APAC,Issue with account access,Customer reported a problem regarding account access in APAC.,-0.14
ZD-304340,2025-09-11T05:00:00,API Integration,GLOBAL,Issue with api integration,Customer reported a problem regarding api integration in GLOBAL.,-0.14
ZD-428874,2025-09-11T06:00:00,Refund Request,APAC,Issue with refund request,Customer reported a problem regarding refund request in APAC.,0.52
ZD-908469,2025-09-11T07:00:00,API Integration,EU,Issue with api integration,Customer reported a problem regarding api integration in EU.,0.75
ZD-717962,2025-09-11T10:00:00,Performance Issue,EMEA,Issue with performance issue,Customer reported a problem regarding performance issue in EMEA.,0.38
ZD-196132,2025-09-11T16:00:00,General Support,APAC,Issue with general support,Customer reported a problem regarding general support in APAC.,-0.25
ZD-451678,2025-09-11T16:00:00,Refund Request,GLOBAL,Issue with refund request,Customer reported a problem regarding refund request in GLOBAL.,-0.46
ZD-828976,2025-09-11T17:00:00,Account Access,NA,Issue with account access,Customer reported a problem regarding account access in NA.,-0.48
ZD-639241,2025-09-12T00:00:00,Billing Inquiry,APAC,Issue with billing inquiry,Customer reported a problem regarding billing inquiry in APAC.,0.73
ZD-775227,2025-09-12T05:00:00,Order Tracking,NA,Issue with order tracking,Customer reported a problem regarding order tracking in NA.,0.59
ZD-611839,2025-09-12T07:00:00,Performance Issue,NA,Issue with performance issue,Customer reported a problem regarding performance issue in NA.,-0.01
ZD-264751,2025-09-12T07:00:00,Refund Request,GLOBAL,Issue with refund request,Customer reported a problem regarding refund request in GLOBAL.,0.09
ZD-828811,2025-09-12T09:00:00,Checkout Error,NA,Issue with checkout error,Customer reported a problem regarding checkout error in NA.,0.07
ZD-466106,2025-09-12T13:00:00,API Integration,NA,Issue with api integration,Customer reported a problem regarding api integration in NA.,0.37
ZD-982969,2025-09-12T14:00:00,Account Access,APAC,Issue with account access,Customer reported a problem regarding account access in APAC.,0.72
ZD-869970,2025-09-12T21:00:00,Payment Failure,NA,Issue with payment failure,Customer reported a problem regarding payment failure in NA.,-0.42
ZD-128190,2025-09-12T22:00:00,Order Tracking,APAC,Issue with order tracking,Customer reported a problem regarding order tracking in APAC.,0.5
ZD-525364,2025-09-12T23:00:00,Payment Failure,NA,Issue with payment failure,Customer reported a problem regarding payment failure in NA.,0.76
ZD-726864,2025-09-13T06:00:00,Payment Failure,EU,Issue with payment failure,Customer reported a problem regarding payment failure in EU.,0.8
ZD-566675,2025-09-13T15:00:00,API Integration,APAC,Issue with api integration,Customer reported a problem regarding api integration in APAC.,-0.13
ZD-279069,2025-09-13T15:00:00,Payment Failure,APAC,Issue with payment failure,Customer reported a problem regarding payment failure in APAC.,-0.32
ZD-650830,2025-09-13T18:00:00,Refund Request,EMEA,Issue with refund request,Customer reported a problem regarding refund request in EMEA.,0.45
ZD-857213,2025-09-13T19:00:00,Mobile App Bug,NA,Issue with mobile app bug,Customer reported a problem regarding mobile app bug in NA.,0.46
ZD-672604,2025-09-14T04:00:00,Payment Failure,LATAM,Issue with payment failure,Customer reported a problem regarding payment failure in LATAM.,-0.5
ZD-736409,2025-09-14T06:00:00,Mobile App Bug,EMEA,Issue with mobile app bug,Customer reported a problem regarding mobile app bug in EMEA.,-0.3
ZD-477684,2025-09-14T09:00:00,Account Access,NA,Issue with account access,Customer reported a problem regarding account access in NA.,0.39
ZD-831720,2025-09-14T09:00:00,Refund Request,GLOBAL,Issue with refund request,Customer reported a problem regarding refund request in GLOBAL.,-0.14
ZD-211454,2025-09-14T15:00:00,Refund Request,EMEA,Issue with refund request,Customer reported a problem regarding refund request in EMEA.,0.68
ZD-463468,2025-09-14T15:00:00,Refund Request,LATAM,Issue with refund request,Customer reported a problem regarding refund request in LATAM.,0.5
ZD-676533,2025-09-14T18:00:00,General Support,EU,Issue with general support,Customer reported a problem regarding general support in EU.,0.36
ZD-663462,2025-09-14T23:00:00,Order Tracking,EMEA,Issue with order tracking,Customer reported a problem regarding order tracking in EMEA.,-0.07
ZD-652226,2025-09-15T06:00:00,Account Access,EMEA,Issue with account access,Customer reported a problem regarding account access in EMEA.,0.4
ZD-814905,2025-09-15T09:00:00,Account Access,GLOBAL,Issue with account access,Customer reported a problem regarding account access in GLOBAL.,0.42
ZD-399298,2025-09-15T11:00:00,Account Access,EMEA,Issue with account access,Customer reported a problem regarding account access in EMEA.,0.03
ZD-900408,2025-09-15T13:00:00,Order Tracking,EU,Issue with order tracking,Customer reported a problem regarding order tracking in EU.,0.1
ZD-293006,2025-09-15T13:00:00,Checkout Error,EU,Issue with checkout error,Customer reported a problem regarding checkout error in EU.,0.05
ZD-281490,2025-09-15T14:00:00,General Support,LATAM,Issue with general support,Customer reported a problem regarding general support in LATAM.,0.66
ZD-713309,2025-09-15T16:00:00,General Support,APAC,Issue with general support,Customer reported a problem regarding general support in APAC.,0.42
ZD-953670,2025-09-15T20:00:00,API Integration,EMEA,Issue with api integration,Customer reported a problem regarding api integration in EMEA.,0.65
ZD-577401,2025-09-15T21:00:00,Checkout Error,EMEA,Issue with checkout error,Customer reported a problem regarding checkout error in EMEA.,-0.19
ZD-328345,2025-09-15T21:00:00,API Integration,EMEA,Issue with api integration,Customer reported a problem regarding api integration in EMEA.,-0.12
ZD-974889,2025-09-16T02:00:00,Performance Issue,NA,Issue with performance issue,Customer reported a problem regarding performance issue in NA.,-0.2
ZD-102657,2025-09-16T03:00:00,Mobile App Bug,NA,Issue with mobile app bug,Customer reported a problem regarding mobile app bug in NA.,-0.29
ZD-158777,2025-09-16T13:00:00,Order Tracking,LATAM,Issue with order tracking,Customer reported a problem regarding order tracking in LATAM.,0.66
ZD-857578,2025-09-16T21:00:00,Billing Inquiry,EMEA,Issue with billing inquiry,Customer reported a problem regarding billing inquiry in EMEA.,0.3
ZD-895235,2025-09-17T06:00:00,Order Tracking,EMEA,Issue with order tracking,Customer reported a problem regarding order tracking in EMEA.,0.77
ZD-900378,2025-09-17T14:00:00,API Integration,GLOBAL,Issue with api integration,Customer reported a problem regarding api integration in GLOBAL.,0.2
ZD-705943,2025-09-17T17:00:00,Payment Failure,GLOBAL,Issue with payment failure,Customer reported a problem regarding payment failure in GLOBAL.,-0.42
ZD-250487,2025-09-17T19:00:00,Refund Request,APAC,Issue with refund request,Customer reported a problem regarding refund request in APAC.,-0.44
ZD-862170,2025-09-17T22:00:00,Billing Inquiry,APAC,Issue with billing inquiry,Customer reported a problem regarding billing inquiry in APAC.,-0.24
ZD-897745,2025-09-17T22:00:00,Refund Request,GLOBAL,Issue with refund request,Customer reported a problem regarding refund request in GLOBAL.,-0.12
ZD-373136,2025-09-17T23:00:00,Order Tracking,EU,Issue with order tracking,Customer reported a problem regarding order tracking in EU.,0.7
ZD-749425,2025-09-18T03:00:00,Refund Request,EU,Issue with refund request,Customer reported a problem regarding refund request in EU.,0.41
ZD-309213,2025-09-18T08:00:00,Account Access,LATAM,Issue with account access,Customer reported a problem regarding account access in LATAM.,-0.41
ZD-695487,2025-09-18T10:00:00,Checkout Error,EU,Issue with checkout error,Customer reported a problem regarding checkout error in EU.,-0.14
ZD-994999,2025-09-18T12:00:00,Account Access,LATAM,Issue with account access,Customer reported a problem regarding account access in LATAM.,0.34
ZD-700233,2025-09-18T12:00:00,General Support,APAC,Issue with general support,Customer reported a problem regarding general support in APAC.,-0.12
ZD-662165,2025-09-18T14:00:00,General Support,EMEA,Issue with general support,Customer reported a problem regarding general support in EMEA.,-0.37
ZD-886365,2025-09-18T17:00:00,Performance Issue,APAC,Issue with performance issue,Customer reported a problem regarding performance issue in APAC.,0.37
ZD-209217,2025-09-18T18:00:00,Order Tracking,APAC,Issue with order tracking,Customer reported a problem regarding order tracking in APAC.,-0.4
ZD-482895,2025-09-18T19:00:00,Payment Failure,NA,Issue with payment failure,Customer reported a problem regarding payment failure in NA.,0.34
ZD-808932,2025-09-18T19:00:00,Order Tracking,EU,Issue with order tracking,Customer reported a problem regarding order tracking in EU.,0.17
ZD-203814,2025-09-19T03:00:00,Payment Failure,NA,Issue with payment failure,Customer reported a problem regarding payment failure in NA.,0.52
ZD-108652,2025-09-19T05:00:00,Billing Inquiry,APAC,Issue with billing inquiry,Customer reported a problem regarding billing inquiry in APAC.,-0.06
ZD-299990,2025-09-19T06:00:00,Payment Failure,GLOBAL,Issue with payment failure,Customer reported a problem regarding payment failure in GLOBAL.,0.1
ZD-246146,2025-09-19T07:00:00,Order Tracking,EU,Issue with order tracking,Customer reported a problem regarding order tracking in EU.,0.37
ZD-106050,2025-09-19T08:00:00,API Integration,GLOBAL,Issue with api integration,Customer reported a problem regarding api integration in GLOBAL.,0.64
ZD-441607,2025-09-19T10:00:00,Mobile App Bug,EMEA,Issue with mobile app bug,Customer reported a problem regarding mobile app bug in EMEA.,0.45
ZD-231802,2025-09-19T13:00:00,API Integration,EU,Issue with api integration,Customer reported a problem regarding api integration in EU.,0.39
ZD-711628,2025-09-19T17:00:00,Order Tracking,EMEA,Issue with order tracking,Customer reported a problem regarding order tracking in EMEA.,0.59
ZD-871053,2025-09-19T19:00:00,General Support,GLOBAL,Issue with general support,Customer reported a problem regarding general support in GLOBAL.,0.09
ZD-509437,2025-09-19T20:00:00,Checkout Error,GLOBAL,Issue with checkout error,Customer reported a problem regarding checkout error in GLOBAL.,-0.04
ZD-970217,2025-09-20T02:00:00,API Integration,LATAM,Issue with api integration,Customer reported a problem regarding api integration in LATAM.,-0.34
ZD-470292,2025-09-20T02:00:00,Billing Inquiry,APAC,Issue with billing inquiry,Customer reported a problem regarding billing inquiry in APAC.,-0.09
ZD-350654,2025-09-20T03:00:00,Payment Failure,NA,Issue with payment failure,Customer reported a problem regarding payment failure in NA.,0.24
ZD-835095,2025-09-20T07:00:00,Refund Request,LATAM,Issue with refund request,Customer reported a problem regarding refund request in LATAM.,-0.13
ZD-495933,2025-09-20T09:00:00,Account Access,EU,Issue with account access,Customer reported a problem regarding account access in EU.,0.63
ZD-650606,2025-09-20T15:00:00,Order Tracking,EU,Issue with order tracking,Customer reported a problem regarding order tracking in EU.,-0.21
ZD-254869,2025-09-20T20:00:00,Mobile App Bug,APAC,Issue with mobile app bug,Customer reported a problem regarding mobile app bug in APAC.,-0.45
ZD-375651,2025-09-21T02:00:00,API Integration,EU,Issue with api integration,Customer reported a problem regarding api integration in EU.,-0.22
ZD-128600,2025-09-21T04:00:00,Order Tracking,EU,Issue with order tracking,Customer reported a problem regarding order tracking in EU.,-0.33
ZD-183828,2025-09-21T12:00:00,Mobile App Bug,GLOBAL,Issue with mobile app bug,Customer reported a problem regarding mobile app bug in GLOBAL.,-0.25
ZD-771100,2025-09-21T12:00:00,Checkout Error,LATAM,Issue with checkout error,Customer reported a problem regarding checkout error in LATAM.,-0.22
ZD-641222,2025-09-21T13:00:00,Mobile App Bug,EMEA,Issue with mobile app bug,Customer reported a problem regarding mobile app bug in EMEA.,0.57
ZD-835967,2025-09-21T14:00:00,General Support,APAC,Issue with general support,Customer reported a problem regarding general support in APAC.,-0.14
ZD-128059,2025-09-21T20:00:00,Billing Inquiry,LATAM,Issue with billing inquiry,Customer reported a problem regarding billing inquiry in LATAM.,-0.39
ZD-702743,2025-09-21T22:00:00,Order Tracking,APAC,Issue with order tracking,Customer reported a problem regarding order tracking in APAC.,0.49
ZD-880122,2025-09-22T04:00:00,Checkout Error,NA,Issue with checkout error,Customer reported a problem regarding checkout error in NA.,-0.26
ZD-447077,2025-09-22T08:00:00,Checkout Error,APAC,Issue with checkout error,Customer reported a problem regarding checkout error in APAC.,-0.22
ZD-978897,2025-09-22T14:00:00,Order Tracking,EMEA,Issue with order tracking,Customer reported a problem regarding order tracking in EMEA.,-0.25
ZD-266182,2025-09-23T02:00:00,API Integration,APAC,Issue with api integration,Customer reported a problem regarding api integration in APAC.,0.47
ZD-268485,2025-09-23T03:00:00,API Integration,EU,Issue with api integration,Customer reported a problem regarding api integration in EU.,0.56
ZD-111533,2025-09-23T09:00:00,Payment Failure,GLOBAL,Issue with payment failure,Customer reported a problem regarding payment failure in GLOBAL.,0.47
ZD-454645,2025-09-23T14:00:00,API Integration,GLOBAL,Issue with api integration,Customer reported a problem regarding api integration in GLOBAL.,0.63
ZD-788904,2025-09-23T16:00:00,General Support,EMEA,Issue with general support,Customer reported a problem regarding general support in EMEA.,0.18
ZD-472433,2025-09-24T04:00:00,API Integration,NA,Issue with api integration,Customer reported a problem regarding api integration in NA.,0.19
ZD-899961,2025-09-24T04:00:00,General Support,NA,Issue with general support,Customer reported a problem regarding general support in NA.,-0.08
ZD-103436,2025-09-24T14:00:00,Billing Inquiry,EMEA,Issue with billing inquiry,Customer reported a problem regarding billing inquiry in EMEA.,0.36
ZD-513999,2025-09-24T15:00:00,Order Tracking,LATAM,Issue with order tracking,Customer reported a problem regarding order tracking in LATAM.,0.77
ZD-739461,2025-09-24T23:00:00,Billing Inquiry,EMEA,Issue with billing inquiry,Customer reported a problem regarding billing inquiry in EMEA.,-0.06
ZD-493970,2025-09-25T04:00:00,Billing Inquiry,EU,Issue with billing inquiry,Customer reported a problem regarding billing inquiry in EU.,-0.37
ZD-528582,2025-09-25T06:00:00,Performance Issue,EU,Issue with performance issue,Customer reported a problem regarding performance issue in EU.,-0.08
ZD-382745,2025-09-25T06:00:00,Payment Failure,LATAM,Issue with payment failure,Customer reported a problem regarding payment failure in LATAM.,0.72
ZD-999770,2025-09-25T07:00:00,Account Access,LATAM,Issue with account access,Customer reported a problem regarding account access in LATAM.,-0.22
ZD-165890,2025-09-25T09:00:00,Account Access,APAC,Issue with account access,Customer reported a problem regarding account access in APAC.,0.37
ZD-360083,2025-09-25T12:00:00,Checkout Error,EMEA,Issue with checkout error,Customer reported a problem regarding checkout error in EMEA.,-0.17
ZD-159281,2025-09-25T14:00:00,Account Access,EU,Issue with account access,Customer reported a problem regarding account access in EU.,0.44
ZD-214775,2025-09-25T16:00:00,Billing Inquiry,LATAM,Issue with billing inquiry,Customer reported a problem regarding billing inquiry in LATAM.,0.13
ZD-400225,2025-09-25T18:00:00,General Support,LATAM,Issue with general support,Customer reported a problem regarding general support in LATAM.,0.13
ZD-673555,2025-09-25T23:00:00,General Support,EMEA,Issue with general support,Customer reported a problem regarding general support in EMEA.,0.74
ZD-172805,2025-09-26T01:00:00,Checkout Error,NA,Issue with checkout error,Customer reported a problem regarding checkout error in NA.,-0.46
ZD-532268,2025-09-26T04:00:00,General Support,APAC,Issue with general support,Customer reported a problem regarding general support in APAC.,-0.18
ZD-897069,2025-09-26T13:00:00,Performance Issue,NA,Issue with performance issue,Customer reported a problem regarding performance issue in NA.,-0.22
ZD-981009,2025-09-26T14:00:00,Account Access,EU,Issue with account access,Customer reported a problem regarding account access in EU.,0.16
ZD-154148,2025-09-26T17:00:00,Billing Inquiry,EMEA,Issue with billing inquiry,Customer reported a problem regarding billing inquiry in EMEA.,-0.25
ZD-116732,2025-09-26T18:00:00,API Integration,EMEA,Issue with api integration,Customer reported a problem regarding api integration in EMEA.,-0.2
ZD-267977,2025-09-26T19:00:00,Mobile App Bug,EMEA,Issue with mobile app bug,Customer reported a problem regarding mobile app bug in EMEA.,-0.25
ZD-344023,2025-09-26T21:00:00,API Integration,GLOBAL,Issue with api integration,Customer reported a problem regarding api integration in GLOBAL.,0.2
ZD-577853,2025-09-27T01:00:00,Account Access,LATAM,Issue with account access,Customer reported a problem regarding account access in LATAM.,0.67
ZD-833257,2025-09-27T06:00:00,Checkout Error,EMEA,Issue with checkout error,Customer reported a problem regarding checkout error in EMEA.,0.19
ZD-769067,2025-09-27T08:00:00,General Support,EU,Issue with general support,Customer reported a problem regarding general support in EU.,0.71
ZD-460477,2025-09-27T08:00:00,Checkout Error,GLOBAL,Issue with checkout error,Customer reported a problem regarding checkout error in GLOBAL.,-0.35
ZD-846391,2025-09-27T12:00:00,General Support,LATAM,Issue with general support,Customer reported a problem regarding general support in LATAM.,-0.21
ZD-634410,2025-09-27T20:00:00,Billing Inquiry,GLOBAL,Issue with billing inquiry,Customer reported a problem regarding billing inquiry in GLOBAL.,0.2
ZD-340453,2025-09-28T00:00:00,API Integration,GLOBAL,Issue with api integration,Customer reported a problem regarding api integration in GLOBAL.,0.72
ZD-244239,2025-09-28T10:00:00,Order Tracking,EMEA,Issue with order tracking,Customer reported a problem regarding order tracking in EMEA.,0.78
ZD-293124,2025-09-28T11:00:00,General Support,EMEA,Issue with general support,Customer reported a problem regarding general support in EMEA.,0.59
ZD-763506,2025-09-28T20:00:00,General Support,EMEA,Issue with general support,Customer reported a problem regarding general support in EMEA.,0.04
ZD-686098,2025-09-29T18:00:00,Performance Issue,APAC,Issue with performance issue,Customer reported a problem regarding performance issue in APAC.,-0.11
ZD-882448,2025-09-29T20:00:00,Mobile App Bug,EU,Issue with mobile app bug,Customer reported a problem regarding mobile app bug in EU.,-0.05
ZD-486607,2025-09-30T10:00:00,Refund Request,LATAM,Issue with refund request,Customer reported a problem regarding refund request in LATAM.,-0.21
ZD-506758,2025-09-30T11:00:00,Performance Issue,EMEA,Issue with performance issue,Customer reported a problem regarding performance issue in EMEA.,-0.22
ZD-827410,2025-09-30T12:00:00,Checkout Error,EU,Issue with checkout error,Customer reported a problem regarding checkout error in EU.,-0.01
ZD-864303,2025-09-30T14:00:00,Mobile App Bug,LATAM,Issue with mobile app bug,Customer reported a problem regarding mobile app bug in LATAM.,0.05
ZD-965120,2025-10-01T05:00:00,Order Tracking,LATAM,Issue with order tracking,Customer reported a problem regarding order tracking in LATAM.,0.44
ZD-128551,2025-10-01T06:00:00,Performance Issue,EU,Issue with performance issue,Customer reported a problem regarding performance issue in EU.,-0.08
ZD-905993,2025-10-01T07:00:00,Mobile App Bug,APAC,Issue with mobile app bug,Customer reported a problem regarding mobile app bug in APAC.,-0.35
ZD-186428,2025-10-01T10:00:00,Mobile App Bug,APAC,Issue with mobile app bug,Customer reported a problem regarding mobile app bug in APAC.,-0.29
ZD-648232,2025-10-01T14:00:00,Mobile App Bug,NA,Issue with mobile app bug,Customer reported a problem regarding mobile app bug in NA.,0.3
ZD-414050,2025-10-02T01:00:00,Order Tracking,EU,Issue with order tracking,Customer reported a problem regarding order tracking in EU.,-0.17
ZD-544829,2025-10-02T04:00:00,General Support,APAC,Issue with general support,Customer reported a problem regarding general support in APAC.,0.02
ZD-869472,2025-10-02T09:00:00,Billing Inquiry,APAC,Issue with billing inquiry,Customer reported a problem regarding billing inquiry in APAC.,-0.37
ZD-158247,2025-10-02T13:00:00,Performance Issue,GLOBAL,Issue with performance issue,Customer reported a problem regarding performance issue in GLOBAL.,0.74
ZD-399203,2025-10-03T08:00:00,Order Tracking,EU,Issue with order tracking,Customer reported a problem regarding order tracking in EU.,-0.23
ZD-239332,2025-10-03T13:00:00,General Support,EU,Issue with general support,Customer reported a problem regarding general support in EU.,0.15
ZD-793961,2025-10-03T17:00:00,Payment Failure,EMEA,Issue with payment failure,Customer reported a problem regarding payment failure in EMEA.,0.49
ZD-254791,2025-10-04T03:00:00,Account Access,APAC,Issue with account access,Customer reported a problem regarding account access in APAC.,-0.12
ZD-566258,2025-10-04T04:00:00,Account Access,EU,Issue with account access,Customer reported a problem regarding account access in EU.,0.63
ZD-521324,2025-10-04T06:00:00,Refund Request,APAC,Issue with refund request,Customer reported a problem regarding refund request in APAC.,0.39
ZD-132801,2025-10-04T07:00:00,General Support,GLOBAL,Issue with general support,Customer reported a problem regarding general support in GLOBAL.,-0.0
ZD-124131,2025-10-04T09:00:00,Order Tracking,NA,Issue with order tracking,Customer reported a problem regarding order tracking in NA.,-0.02
ZD-662184,2025-10-04T19:00:00,Billing Inquiry,EU,Issue with billing inquiry,Customer reported a problem regarding billing inquiry in EU.,0.15
ZD-894012,2025-10-04T21:00:00,Performance Issue,NA,Issue with performance issue,Customer reported a problem regarding performance issue in NA.,0.43
ZD-992047,2025-10-04T22:00:00,Checkout Error,NA,Issue with checkout error,Customer reported a problem regarding checkout error in NA.,-0.07
ZD-195179,2025-10-05T00:00:00,Mobile App Bug,NA,Issue with mobile app bug,Customer reported a problem regarding mobile app bug in NA.,-0.27
ZD-477128,2025-10-05T06:00:00,Performance Issue,EMEA,Issue with performance issue,Customer reported a problem regarding performance issue in EMEA.,-0.09
ZD-606775,2025-10-05T08:00:00,Checkout Error,GLOBAL,Issue with checkout error,Customer reported a problem regarding checkout error in GLOBAL.,0.49
ZD-725411,2025-10-05T10:00:00,Performance Issue,EMEA,Issue with performance issue,Customer reported a problem regarding performance issue in EMEA.,-0.08
ZD-662893,2025-10-05T12:00:00,Refund Request,EMEA,Issue with refund request,Customer reported a problem regarding refund request in EMEA.,-0.02
ZD-477244,2025-10-05T12:00:00,Mobile App Bug,EU,Issue with mobile app bug,Customer reported a problem regarding mobile app bug in EU.,-0.28
ZD-508490,2025-10-05T13:00:00,API Integration,EMEA,Issue with api integration,Customer reported a problem regarding api integration in EMEA.,0.07
ZD-485299,2025-10-05T16:00:00,Refund Request,EU,Issue with refund request,Customer reported a problem regarding refund request in EU.,0.12
ZD-227192,2025-10-05T18:00:00,Billing Inquiry,GLOBAL,Issue with billing inquiry,Customer reported a problem regarding billing inquiry in GLOBAL.,0.39
ZD-888765,2025-10-05T23:00:00,Billing Inquiry,APAC,Issue with billing inquiry,Customer reported a problem regarding billing inquiry in APAC.,0.37
ZD-415204,2025-10-06T02:00:00,Mobile App Bug,NA,Issue with mobile app bug,Customer reported a problem regarding mobile app bug in NA.,0.38
ZD-654611,2025-10-06T03:00:00,API Integration,LATAM,Issue with api integration,Customer reported a problem regarding api integration in LATAM.,0.17
ZD-106564,2025-10-06T04:00:00,Billing Inquiry,EMEA,Issue with billing inquiry,Customer reported a problem regarding billing inquiry in EMEA.,0.15
ZD-324448,2025-10-06T17:00:00,General Support,EMEA,Issue with general support,Customer reported a problem regarding general support in EMEA.,0.35
ZD-883695,2025-10-06T22:00:00,Checkout Error,LATAM,Issue with checkout error,Customer reported a problem regarding checkout error in LATAM.,-0.45
ZD-469373,2025-10-06T22:00:00,Refund Request,GLOBAL,Issue with refund request,Customer reported a problem regarding refund request in GLOBAL.,0.08
ZD-202508,2025-10-07T07:00:00,Billing Inquiry,GLOBAL,Issue with billing inquiry,Customer reported a problem regarding billing inquiry in GLOBAL.,0.41
ZD-815033,2025-10-07T07:00:00,Checkout Error,GLOBAL,Issue with checkout error,Customer reported a problem regarding checkout error in GLOBAL.,0.19
ZD-357199,2025-10-07T09:00:00,Mobile App Bug,GLOBAL,Issue with mobile app bug,Customer reported a problem regarding mobile app bug in GLOBAL.,0.5
ZD-648066,2025-10-07T15:00:00,Checkout Error,APAC,Issue with checkout error,Customer reported a problem regarding checkout error in APAC.,0.18
ZD-781014,2025-10-07T15:00:00,API Integration,APAC,Issue with api integration,Customer reported a problem regarding api integration in APAC.,-0.22
ZD-346716,2025-10-07T15:00:00,API Integration,EU,Issue with api integration,Customer reported a problem regarding api integration in EU.,0.5
ZD-244316,2025-10-07T18:00:00,Account Access,NA,Issue with account access,Customer reported a problem regarding account access in NA.,-0.33
ZD-178903,2025-10-08T04:00:00,Refund Request,EU,Issue with refund request,Customer reported a problem regarding refund request in EU.,-0.4
ZD-814346,2025-10-08T19:00:00,Performance Issue,EU,Issue with performance issue,Customer reported a problem regarding performance issue in EU.,-0.17
ZD-271465,2025-10-09T16:00:00,Order Tracking,NA,Issue with order tracking,Customer reported a problem regarding order tracking in NA.,-0.48
ZD-842276,2025-10-09T17:00:00,General Support,APAC,Issue with general support,Customer reported a problem regarding general support in APAC.,-0.49
ZD-130768,2025-10-10T14:00:00,Order Tracking,EU,Issue with order tracking,Customer reported a problem regarding order tracking in EU.,0.5
ZD-759237,2025-10-10T20:00:00,API Integration,GLOBAL,Issue with api integration,Customer reported a problem regarding api integration in GLOBAL.,-0.45
ZD-101280,2025-10-10T20:00:00,Billing Inquiry,EMEA,Issue with billing inquiry,Customer reported a problem regarding billing inquiry in EMEA.,0.35
ZD-716489,2025-10-11T02:00:00,Billing Inquiry,NA,Issue with billing inquiry,Customer reported a problem regarding billing inquiry in NA.,0.61
ZD-588156,2025-10-11T07:00:00,Performance Issue,LATAM,Issue with performance issue,Customer reported a problem regarding performance issue in LATAM.,-0.01
ZD-174181,2025-10-11T09:00:00,General Support,LATAM,Issue with general support,Customer reported a problem regarding general support in LATAM.,0.48
ZD-176900,2025-10-11T10:00:00,General Support,LATAM,Issue with general support,Customer reported a problem regarding general support in LATAM.,-0.29
ZD-445132,2025-10-11T22:00:00,Order Tracking,LATAM,Issue with order tracking,Customer reported a problem regarding order tracking in LATAM.,0.65
ZD-707905,2025-10-11T22:00:00,Billing Inquiry,NA,Issue with billing inquiry,Customer reported a problem regarding billing inquiry in NA.,0.74
ZD-831900,2025-10-12T00:00:00,API Integration,LATAM,Issue with api integration,Customer reported a problem regarding api integration in LATAM.,0.17
ZD-368406,2025-10-12T09:00:00,Account Access,APAC,Issue with account access,Customer reported a problem regarding account access in APAC.,-0.43
ZD-634160,2025-10-12T19:00:00,Order Tracking,APAC,Issue with order tracking,Customer reported a problem regarding order tracking in APAC.,-0.14
ZD-166577,2025-10-12T22:00:00,Checkout Error,LATAM,Issue with checkout error,Customer reported a problem regarding checkout error in LATAM.,0.61
ZD-303783,2025-10-13T01:00:00,Refund Request,EU,Issue with refund request,Customer reported a problem regarding refund request in EU.,0.4
ZD-796805,2025-10-13T02:00:00,Billing Inquiry,NA,Issue with billing inquiry,Customer reported a problem regarding billing inquiry in NA.,0.2
ZD-114812,2025-10-13T03:00:00,Mobile App Bug,EU,Issue with mobile app bug,Customer reported a problem regarding mobile app bug in EU.,-0.32
ZD-168872,2025-10-13T05:00:00,Payment Failure,EU,Issue with payment failure,Customer reported a problem regarding payment failure in EU.,0.32
ZD-684340,2025-10-13T11:00:00,Performance Issue,EMEA,Issue with performance issue,Customer reported a problem regarding performance issue in EMEA.,0.57
ZD-527887,2025-10-13T12:00:00,API Integration,APAC,Issue with api integration,Customer reported a problem regarding api integration in APAC.,-0.26
ZD-411202,2025-10-13T17:00:00,Payment Failure,EU,Issue with payment failure,Customer reported a problem regarding payment failure in EU.,-0.38
ZD-786435,2025-10-13T21:00:00,Order Tracking,EU,Issue with order tracking,Customer reported a problem regarding order tracking in EU.,0.66
ZD-537869,2025-10-14T02:00:00,Checkout Error,EU,Issue with checkout error,Customer reported a problem regarding checkout error in EU.,-0.14
ZD-865714,2025-10-14T04:00:00,Payment Failure,NA,Issue with payment failure,Customer reported a problem regarding payment failure in NA.,-0.37
ZD-881061,2025-10-14T05:00:00,Order Tracking,EMEA,Issue with order tracking,Customer reported a problem regarding order tracking in EMEA.,0.46
ZD-712452,2025-10-14T06:00:00,Billing Inquiry,LATAM,Issue with billing inquiry,Customer reported a problem regarding billing inquiry in LATAM.,-0.09
ZD-231308,2025-10-14T13:00:00,General Support,APAC,Issue with general support,Customer reported a problem regarding general support in APAC.,0.18
ZD-820132,2025-10-14T14:00:00,Mobile App Bug,EMEA,Issue with mobile app bug,Customer reported a problem regarding mobile app bug in EMEA.,0.62
ZD-618828,2025-10-14T20:00:00,API Integration,NA,Issue with api integration,Customer reported a problem regarding api integration in NA.,0.46
ZD-873526,2025-10-15T01:00:00,API Integration,EU,Issue with api integration,Customer reported a problem regarding api integration in EU.,0.63
ZD-208531,2025-10-15T22:00:00,Checkout Error,GLOBAL,Issue with checkout error,Customer reported a problem regarding checkout error in GLOBAL.,-0.5
ZD-673522,2025-10-16T00:00:00,Mobile App Bug,EMEA,Issue with mobile app bug,Customer reported a problem regarding mobile app bug in EMEA.,0.5
ZD-154269,2025-10-16T04:00:00,API Integration,NA,Issue with api integration,Customer reported a problem regarding api integration in NA.,0.74
ZD-960229,2025-10-16T06:00:00,Performance Issue,APAC,Issue with performance issue,Customer reported a problem regarding performance issue in APAC.,-0.38
ZD-657842,2025-10-16T13:00:00,Order Tracking,NA,Issue with order tracking,Customer reported a problem regarding order tracking in NA.,-0.42
ZD-831460,2025-10-16T16:00:00,General Support,EU,Issue with general support,Customer reported a problem regarding general support in EU.,0.75
ZD-933756,2025-10-16T17:00:00,API Integration,APAC,Issue with api integration,Customer reported a problem regarding api integration in APAC.,-0.31
ZD-156240,2025-10-16T23:00:00,Refund Request,EMEA,Issue with refund request,Customer reported a problem regarding refund request in EMEA.,0.52
ZD-755914,2025-10-17T01:00:00,Refund Request,NA,Issue with refund request,Customer reported a problem regarding refund request in NA.,0.37
ZD-194309,2025-10-17T04:00:00,Billing Inquiry,NA,Issue with billing inquiry,Customer reported a problem regarding billing inquiry in NA.,-0.21
ZD-304697,2025-10-17T07:00:00,Account Access,LATAM,Issue with account access,Customer reported a problem regarding account access in LATAM.,-0.07
ZD-435343,2025-10-17T09:00:00,Billing Inquiry,EU,Issue with billing inquiry,Customer reported a problem regarding billing inquiry in EU.,0.55
ZD-640092,2025-10-17T16:00:00,General Support,GLOBAL,Issue with general support,Customer reported a problem regarding general support in GLOBAL.,0.37
ZD-611284,2025-10-17T20:00:00,Refund Request,EMEA,Issue with refund request,Customer reported a problem regarding refund request in EMEA.,0.19
ZD-694457,2025-10-17T21:00:00,Checkout Error,EMEA,Issue with checkout error,Customer reported a problem regarding checkout error in EMEA.,-0.21
ZD-301710,2025-10-17T21:00:00,General Support,APAC,Issue with general support,Customer reported a problem regarding general support in APAC.,0.59
ZD-991623,2025-10-18T04:00:00,Mobile App Bug,APAC,Issue with mobile app bug,Customer reported a problem regarding mobile app bug in APAC.,-0.16
ZD-278332,2025-10-18T08:00:00,API Integration,EU,Issue with api integration,Customer reported a problem regarding api integration in EU.,0.73
ZD-348720,2025-10-18T10:00:00,Refund Request,APAC,Issue with refund request,Customer reported a problem regarding refund request in APAC.,0.4
ZD-132169,2025-10-18T11:00:00,Mobile App Bug,EU,Issue with mobile app bug,Customer reported a problem regarding mobile app bug in EU.,-0.36
ZD-484213,2025-10-18T12:00:00,API Integration,APAC,Issue with api integration,Customer reported a problem regarding api integration in APAC.,-0.07
ZD-790158,2025-10-18T13:00:00,Order Tracking,GLOBAL,Issue with order tracking,Customer reported a problem regarding order tracking in GLOBAL.,-0.24
ZD-853173,2025-10-18T15:00:00,General Support,GLOBAL,Issue with general support,Customer reported a problem regarding general support in GLOBAL.,-0.25
ZD-939103,2025-10-18T16:00:00,Account Access,APAC,Issue with account access,Customer reported a problem regarding account access in APAC.,0.57
ZD-887998,2025-10-19T00:00:00,Performance Issue,EU,Issue with performance issue,Customer reported a problem regarding performance issue in EU.,0.33
ZD-335910,2025-10-19T01:00:00,General Support,LATAM,Issue with general support,Customer reported a problem regarding general support in LATAM.,0.33
ZD-545476,2025-10-19T03:00:00,Billing Inquiry,EU,Issue with billing inquiry,Customer reported a problem regarding billing inquiry in EU.,0.69
ZD-710815,2025-10-19T03:00:00,Refund Request,NA,Issue with refund request,Customer reported a problem regarding refund request in NA.,0.64
ZD-394970,2025-10-19T04:00:00,Payment Failure,GLOBAL,Issue with payment failure,Customer reported a problem regarding payment failure in GLOBAL.,0.05
ZD-730192,2025-10-19T04:00:00,Payment Failure,GLOBAL,Issue with payment failure,Customer reported a problem regarding payment failure in GLOBAL.,0.77
ZD-395491,2025-10-19T04:00:00,API Integration,GLOBAL,Issue with api integration,Customer reported a problem regarding api integration in GLOBAL.,0.04
ZD-354422,2025-10-19T16:00:00,Billing Inquiry,GLOBAL,Issue with billing inquiry,Customer reported a problem regarding billing inquiry in GLOBAL.,-0.42
ZD-973556,2025-10-19T19:00:00,API Integration,EU,Issue with api integration,Customer reported a problem regarding api integration in EU.,0.52
ZD-183347,2025-10-20T03:00:00,Billing Inquiry,LATAM,Issue with billing inquiry,Customer reported a problem regarding billing inquiry in LATAM.,0.58
ZD-939874,2025-10-20T06:00:00,Billing Inquiry,EU,Issue with billing inquiry,Customer reported a problem regarding billing inquiry in EU.,-0.37
ZD-715308,2025-10-20T12:00:00,General Support,GLOBAL,Issue with general support,Customer reported a problem regarding general support in GLOBAL.,0.26
ZD-664798,2025-10-21T03:00:00,API Integration,APAC,Issue with api integration,Customer reported a problem regarding api integration in APAC.,0.16
ZD-929563,2025-10-21T17:00:00,API Integration,APAC,Issue with api integration,Customer reported a problem regarding api integration in APAC.,0.29
ZD-728507,2025-10-22T05:00:00,Mobile App Bug,APAC,Issue with mobile app bug,Customer reported a problem regarding mobile app bug in APAC.,0.02
ZD-923032,2025-10-22T07:00:00,Billing Inquiry,NA,Issue with billing inquiry,Customer reported a problem regarding billing inquiry in NA.,0.01
ZD-908776,2025-10-22T08:00:00,Account Access,NA,Issue with account access,Customer reported a problem regarding account access in NA.,-0.36
ZD-440414,2025-10-22T11:00:00,Order Tracking,NA,Issue with order tracking,Customer reported a problem regarding order tracking in NA.,0.02
ZD-924910,2025-10-22T12:00:00,Billing Inquiry,EU,Issue with billing inquiry,Customer reported a problem regarding billing inquiry in EU.,0.75
ZD-672951,2025-10-22T14:00:00,Checkout Error,GLOBAL,Issue with checkout error,Customer reported a problem regarding checkout error in GLOBAL.,0.28
ZD-615838,2025-10-22T20:00:00,Performance Issue,EU,Issue with performance issue,Customer reported a problem regarding performance issue in EU.,-0.03
ZD-918409,2025-10-22T22:00:00,Account Access,EMEA,Issue with account access,Customer reported a problem regarding account access in EMEA.,0.43
ZD-279987,2025-10-22T23:00:00,Order Tracking,NA,Issue with order tracking,Customer reported a problem regarding order tracking in NA.,0.11
ZD-386021,2025-10-23T00:00:00,Mobile App Bug,GLOBAL,Issue with mobile app bug,Customer reported a problem regarding mobile app bug in GLOBAL.,0.57
ZD-336096,2025-10-23T01:00:00,API Integration,GLOBAL,Issue with api integration,Customer reported a problem regarding api integration in GLOBAL.,-0.3
ZD-109420,2025-10-23T02:00:00,Checkout Error,NA,Issue with checkout error,Customer reported a problem regarding checkout error in NA.,0.17
ZD-927582,2025-10-23T03:00:00,Payment Failure,EMEA,Issue with payment failure,Customer reported a problem regarding payment failure in EMEA.,0.35
ZD-505875,2025-10-23T10:00:00,Billing Inquiry,APAC,Issue with billing inquiry,Customer reported a problem regarding billing inquiry in APAC.,0.45
ZD-917451,2025-10-23T15:00:00,Order Tracking,NA,Issue with order tracking,Customer reported a problem regarding order tracking in NA.,0.65
ZD-458994,2025-10-23T20:00:00,Performance Issue,GLOBAL,Issue with performance issue,Customer reported a problem regarding performance issue in GLOBAL.,-0.38
ZD-668895,2025-10-24T01:00:00,API Integration,LATAM,Issue with api integration,Customer reported a problem regarding api integration in LATAM.,0.67
ZD-879533,2025-10-24T06:00:00,Account Access,NA,Issue with account access,Customer reported a problem regarding account access in NA.,-0.43
ZD-410066,2025-10-24T09:00:00,Order Tracking,LATAM,Issue with order tracking,Customer reported a problem regarding order tracking in LATAM.,0.4
ZD-544612,2025-10-24T15:00:00,Order Tracking,NA,Issue with order tracking,Customer reported a problem regarding order tracking in NA.,0.05
ZD-387343,2025-10-24T15:00:00,Payment Failure,LATAM,Issue with payment failure,Customer reported a problem regarding payment failure in LATAM.,0.22
ZD-316487,2025-10-24T20:00:00,General Support,GLOBAL,Issue with general support,Customer reported a problem regarding general support in GLOBAL.,-0.49
ZD-266450,2025-10-24T20:00:00,Checkout Error,EU,Issue with checkout error,Customer reported a problem regarding checkout error in EU.,0.05
ZD-299104,2025-10-25T02:00:00,Checkout Error,EMEA,Issue with checkout error,Customer reported a problem regarding checkout error in EMEA.,0.21
ZD-185643,2025-10-25T06:00:00,Mobile App Bug,EU,Issue with mobile app bug,Customer reported a problem regarding mobile app bug in EU.,-0.41
ZD-402195,2025-10-25T07:00:00,Checkout Error,NA,Issue with checkout error,Customer reported a problem regarding checkout error in NA.,-0.47
ZD-785969,2025-10-25T07:00:00,Refund Request,NA,Issue with refund request,Customer reported a problem regarding refund request in NA.,0.05
ZD-122949,2025-10-25T09:00:00,Mobile App Bug,NA,Issue with mobile app bug,Customer reported a problem regarding mobile app bug in NA.,0.79
ZD-939404,2025-10-25T10:00:00,General Support,APAC,Issue with general support,Customer reported a problem regarding general support in APAC.,-0.28
ZD-911254,2025-10-26T13:00:00,General Support,GLOBAL,Issue with general support,Customer reported a problem regarding general support in GLOBAL.,0.25
ZD-929145,2025-10-26T14:00:00,Refund Request,EU,Issue with refund request,Customer reported a problem regarding refund request in EU.,-0.07
ZD-680763,2025-10-26T14:00:00,Order Tracking,NA,Issue with order tracking,Customer reported a problem regarding order tracking in NA.,0.29
ZD-794748,2025-10-27T03:00:00,General Support,LATAM,Issue with general support,Customer reported a problem regarding general support in LATAM.,0.69
ZD-799696,2025-10-27T03:00:00,General Support,EMEA,Issue with general support,Customer reported a problem regarding general support in EMEA.,0.19
ZD-966719,2025-10-27T10:00:00,Checkout Error,APAC,Issue with checkout error,Customer reported a problem regarding checkout error in APAC.,-0.05
ZD-644878,2025-10-27T20:00:00,Performance Issue,GLOBAL,Issue with performance issue,Customer reported a problem regarding performance issue in GLOBAL.,0.15
ZD-879866,2025-10-28T01:00:00,Checkout Error,LATAM,Issue with checkout error,Customer reported a problem regarding checkout error in LATAM.,0.04
ZD-341107,2025-10-28T02:00:00,Checkout Error,LATAM,Issue with checkout error,Customer reported a problem regarding checkout error in LATAM.,0.43
ZD-487812,2025-10-28T21:00:00,Refund Request,APAC,Issue with refund request,Customer reported a problem regarding refund request in APAC.,-0.03
ZD-250062,2025-10-29T00:00:00,Billing Inquiry,LATAM,Issue with billing inquiry,Customer reported a problem regarding billing inquiry in LATAM.,-0.08
ZD-857222,2025-10-29T11:00:00,General Support,EU,Issue with general support,Customer reported a problem regarding general support in EU.,0.44
ZD-684827,2025-10-29T12:00:00,Performance Issue,GLOBAL,Issue with performance issue,Customer reported a problem regarding performance issue in GLOBAL.,0.67
ZD-687520,2025-10-29T15:00:00,General Support,EU,Issue with general support,Customer reported a problem regarding general support in EU.,0.1
ZD-658257,2025-10-29T15:00:00,Checkout Error,GLOBAL,Issue with checkout error,Customer reported a problem regarding checkout error in GLOBAL.,0.71
ZD-373356,2025-10-29T17:00:00,Order Tracking,GLOBAL,Issue with order tracking,Customer reported a problem regarding order tracking in GLOBAL.,-0.32
ZD-554490,2025-10-29T18:00:00,Payment Failure,NA,Issue with payment failure,Customer reported a problem regarding payment failure in NA.,0.65
ZD-694197,2025-10-29T21:00:00,Performance Issue,LATAM,Issue with performance issue,Customer reported a problem regarding performance issue in LATAM.,0.55
ZD-300458,2025-10-29T22:00:00,Checkout Error,LATAM,Issue with checkout error,Customer reported a problem regarding checkout error in LATAM.,0.56
ZD-816541,2025-10-29T23:00:00,Mobile App Bug,EU,Issue with mobile app bug,Customer reported a problem regarding mobile app bug in EU.,-0.09
ZD-979819,2025-10-30T04:00:00,API Integration,LATAM,Issue with api integration,Customer reported a problem regarding api integration in LATAM.,-0.06
ZD-144039,2025-10-30T05:00:00,Account Access,EU,Issue with account access,Customer reported a problem regarding account access in EU.,-0.47
ZD-102549,2025-10-30T09:00:00,Order Tracking,NA,Issue with order tracking,Customer reported a problem regarding order tracking in NA.,0.26
ZD-502242,2025-10-30T10:00:00,Account Access,NA,Issue with account access,Customer reported a problem regarding account access in NA.,0.28
ZD-286796,2025-10-30T16:00:00,Refund Request,APAC,Issue with refund request,Customer reported a problem regarding refund request in APAC.,0.34
ZD-613168,2025-10-31T00:00:00,Account Access,LATAM,Issue with account access,Customer reported a problem regarding account access in LATAM.,0.73
ZD-468780,2025-10-31T00:00:00,Account Access,EMEA,Issue with account access,Customer reported a problem regarding account access in EMEA.,0.28
ZD-429406,2025-10-31T01:00:00,API Integration,GLOBAL,Issue with api integration,Customer reported a problem regarding api integration in GLOBAL.,-0.1
ZD-930598,2025-10-31T01:00:00,Performance Issue,EMEA,Issue with performance issue,Customer reported a problem regarding performance issue in EMEA.,-0.16
ZD-774378,2025-10-31T08:00:00,Refund Request,EU,Issue with refund request,Customer reported a problem regarding refund request in EU.,-0.11
ZD-474965,2025-10-31T09:00:00,Performance Issue,NA,Issue with performance issue,Customer reported a problem regarding performance issue in NA.,0.52
ZD-128833,2025-10-31T11:00:00,Order Tracking,GLOBAL,Issue with order tracking,Customer reported a problem regarding order tracking in GLOBAL.,0.54
ZD-735208,2025-10-31T13:00:00,Performance Issue,APAC,Issue with performance issue,Customer reported a problem regarding performance issue in APAC.,0.73
ZD-598815,2025-10-31T14:00:00,Billing Inquiry,GLOBAL,Issue with billing inquiry,Customer reported a problem regarding billing inquiry in GLOBAL.,0.55
ZD-614171,2025-10-31T20:00:00,Performance Issue,APAC,Issue with performance issue,Customer reported a problem regarding performance issue in APAC.,0.09
ZD-864321,2025-11-01T02:00:00,Checkout Error,NA,Issue with checkout error,Customer reported a problem regarding checkout error in NA.,0.41
ZD-396188,2025-11-01T03:00:00,Refund Request,EMEA,Issue with refund request,Customer reported a problem regarding refund request in EMEA.,0.3
ZD-878031,2025-11-01T04:00:00,Account Access,EMEA,Issue with account access,Customer reported a problem regarding account access in EMEA.,0.17
ZD-759414,2025-11-01T06:00:00,Order Tracking,EU,Issue with order tracking,Customer reported a problem regarding order tracking in EU.,0.23
ZD-601976,2025-11-01T07:00:00,Account Access,LATAM,Issue with account access,Customer reported a problem regarding account access in LATAM.,0.19
ZD-802084,2025-11-01T11:00:00,API Integration,APAC,Issue with api integration,Customer reported a problem regarding api integration in APAC.,0.75
ZD-369466,2025-11-02T05:00:00,Order Tracking,LATAM,Issue with order tracking,Customer reported a problem regarding order tracking in LATAM.,-0.03
ZD-411612,2025-11-02T06:00:00,Order Tracking,GLOBAL,Issue with order tracking,Customer reported a problem regarding order tracking in GLOBAL.,-0.2
ZD-279434,2025-11-02T07:00:00,Mobile App Bug,EMEA,Issue with mobile app bug,Customer reported a problem regarding mobile app bug in EMEA.,-0.44
ZD-999405,2025-11-02T14:00:00,General Support,LATAM,Issue with general support,Customer reported a problem regarding general support in LATAM.,-0.12
ZD-606426,2025-11-02T17:00:00,Checkout Error,APAC,Issue with checkout error,Customer reported a problem regarding checkout error in APAC.,0.4
ZD-887586,2025-11-02T18:00:00,Account Access,EMEA,Issue with account access,Customer reported a problem regarding account access in EMEA.,0.31
ZD-541972,2025-11-02T19:00:00,Billing Inquiry,NA,Issue with billing inquiry,Customer reported a problem regarding billing inquiry in NA.,0.63
ZD-490111,2025-11-02T23:00:00,Refund Request,EMEA,Issue with refund request,Customer reported a problem regarding refund request in EMEA.,0.34
ZD-123101,2025-11-02T23:00:00,Mobile App Bug,EMEA,Issue with mobile app bug,Customer reported a problem regarding mobile app bug in EMEA.,0.17
ZD-720846,2025-11-03T04:00:00,Refund Request,GLOBAL,Issue with refund request,Customer reported a problem regarding refund request in GLOBAL.,0.55
ZD-924513,2025-11-03T05:00:00,General Support,EMEA,Issue with general support,Customer reported a problem regarding general support in EMEA.,-0.22
ZD-699373,2025-11-03T11:00:00,General Support,EMEA,Issue with general support,Customer reported a problem regarding general support in EMEA.,0.04
ZD-848401,2025-11-03T13:00:00,Payment Failure,NA,Issue with payment failure,Customer reported a problem regarding payment failure in NA.,-0.11
ZD-774814,2025-11-03T15:00:00,API Integration,LATAM,Issue with api integration,Customer reported a problem regarding api integration in LATAM.,0.18
ZD-510213,2025-11-03T18:00:00,API Integration,LATAM,Issue with api integration,Customer reported a problem regarding api integration in LATAM.,-0.47
ZD-304648,2025-11-03T21:00:00,Performance Issue,NA,Issue with performance issue,Customer reported a problem regarding performance issue in NA.,0.22
ZD-715911,2025-11-04T10:00:00,Checkout Error,EU,Issue with checkout error,Customer reported a problem regarding checkout error in EU.,-0.12
ZD-339936,2025-11-04T22:00:00,Refund Request,NA,Issue with refund request,Customer reported a problem regarding refund request in NA.,0.36
ZD-202288,2025-11-05T03:00:00,Order Tracking,APAC,Issue with order tracking,Customer reported a problem regarding order tracking in APAC.,-0.09
ZD-119511,2025-11-05T13:00:00,Performance Issue,EU,Issue with performance issue,Customer reported a problem regarding performance issue in EU.,0.28
ZD-287801,2025-11-05T16:00:00,General Support,APAC,Issue with general support,Customer reported a problem regarding general support in APAC.,0.65
ZD-141105,2025-11-05T18:00:00,Account Access,LATAM,Issue with account access,Customer reported a problem regarding account access in LATAM.,-0.32
ZD-732506,2025-11-06T01:00:00,Order Tracking,EU,Issue with order tracking,Customer reported a problem regarding order tracking in EU.,0.65
ZD-878016,2025-11-06T04:00:00,API Integration,APAC,Issue with api integration,Customer reported a problem regarding api integration in APAC.,0.44
ZD-171607,2025-11-06T05:00:00,Refund Request,EU,Issue with refund request,Customer reported a problem regarding refund request in EU.,-0.14
ZD-881577,2025-11-06T11:00:00,API Integration,NA,Issue with api integration,Customer reported a problem regarding api integration in NA.,0.03
ZD-417512,2025-11-06T12:00:00,Billing Inquiry,APAC,Issue with billing inquiry,Customer reported a problem regarding billing inquiry in APAC.,-0.21
ZD-260578,2025-11-06T13:00:00,Refund Request,EMEA,Issue with refund request,Customer reported a problem regarding refund request in EMEA.,0.54
ZD-109898,2025-11-06T15:00:00,Account Access,EMEA,Issue with account access,Customer reported a problem regarding account access in EMEA.,0.43
ZD-380389,2025-11-06T15:00:00,Payment Failure,EMEA,Issue with payment failure,Customer reported a problem regarding payment failure in EMEA.,0.17
ZD-498783,2025-11-06T16:00:00,Checkout Error,NA,Issue with checkout error,Customer reported a problem regarding checkout error in NA.,0.44
ZD-689593,2025-11-06T22:00:00,Checkout Error,GLOBAL,Issue with checkout error,Customer reported a problem regarding checkout error in GLOBAL.,-0.09
ZD-735355,2025-11-07T01:00:00,Performance Issue,EMEA,Issue with performance issue,Customer reported a problem regarding performance issue in EMEA.,-0.03
ZD-494112,2025-11-07T04:00:00,Checkout Error,LATAM,Issue with checkout error,Customer reported a problem regarding checkout error in LATAM.,-0.02
ZD-443029,2025-11-07T06:00:00,Refund Request,LATAM,Issue with refund request,Customer reported a problem regarding refund request in LATAM.,-0.18
ZD-156222,2025-11-07T13:00:00,Billing Inquiry,LATAM,Issue with billing inquiry,Customer reported a problem regarding billing inquiry in LATAM.,-0.07
ZD-411871,2025-11-07T14:00:00,Mobile App Bug,EMEA,Issue with mobile app bug,Customer reported a problem regarding mobile app bug in EMEA.,0.57
ZD-614342,2025-11-07T19:00:00,Refund Request,LATAM,Issue with refund request,Customer reported a problem regarding refund request in LATAM.,0.16
ZD-812398,2025-11-07T19:00:00,Performance Issue,EU,Issue with performance issue,Customer reported a problem regarding performance issue in EU.,-0.17
ZD-402678,2025-11-07T22:00:00,Order Tracking,NA,Issue with order tracking,Customer reported a problem regarding order tracking in NA.,0.24
ZD-216480,2025-11-08T01:00:00,Payment Failure,GLOBAL,Issue with payment failure,Customer reported a problem regarding payment failure in GLOBAL.,0.09
ZD-268390,2025-11-08T03:00:00,Refund Request,NA,Issue with refund request,Customer reported a problem regarding refund request in NA.,0.22
ZD-230996,2025-11-08T04:00:00,Checkout Error,EMEA,Issue with checkout error,Customer reported a problem regarding checkout error in EMEA.,-0.17
ZD-187996,2025-11-08T05:00:00,Mobile App Bug,NA,Issue with mobile app bug,Customer reported a problem regarding mobile app bug in NA.,-0.05
ZD-146126,2025-11-08T11:00:00,Payment Failure,NA,Issue with payment failure,Customer reported a problem regarding payment failure in NA.,0.42
ZD-532479,2025-11-09T00:00:00,Account Access,LATAM,Issue with account access,Customer reported a problem regarding account access in LATAM.,0.5
ZD-211797,2025-11-09T04:00:00,API Integration,EMEA,Issue with api integration,Customer reported a problem regarding api integration in EMEA.,-0.04
ZD-672317,2025-11-09T14:00:00,Checkout Error,LATAM,Issue with checkout error,Customer reported a problem regarding checkout error in LATAM.,-0.06
ZD-563429,2025-11-09T18:00:00,Payment Failure,LATAM,Issue with payment failure,Customer reported a problem regarding payment failure in LATAM.,0.48
ZD-537276,2025-11-10T00:00:00,Mobile App Bug,EMEA,Issue with mobile app bug,Customer reported a problem regarding mobile app bug in EMEA.,-0.35
ZD-462079,2025-11-10T01:00:00,API Integration,EMEA,Issue with api integration,Customer reported a problem regarding api integration in EMEA.,0.09
ZD-600397,2025-11-10T21:00:00,Performance Issue,EMEA,Issue with performance issue,Customer reported a problem regarding performance issue in EMEA.,0.22
ZD-364236,2025-11-10T22:00:00,Mobile App Bug,EMEA,Issue with mobile app bug,Customer reported a problem regarding mobile app bug in EMEA.,0.09
ZD-839406,2025-11-11T00:00:00,General Support,LATAM,Issue with general support,Customer reported a problem regarding general support in LATAM.,0.05
ZD-523325,2025-11-11T00:00:00,Checkout Error,APAC,Issue with checkout error,Customer reported a problem regarding checkout error in APAC.,-0.05
ZD-220305,2025-11-11T05:00:00,Billing Inquiry,NA,Issue with billing inquiry,Customer reported a problem regarding billing inquiry in NA.,-0.36
ZD-692929,2025-11-11T12:00:00,Checkout Error,EMEA,Issue with checkout error,Customer reported a problem regarding checkout error in EMEA.,0.57
ZD-877945,2025-11-11T14:00:00,Payment Failure,LATAM,Issue with payment failure,Customer reported a problem regarding payment failure in LATAM.,0.35
ZD-783430,2025-11-11T14:00:00,Account Access,EU,Issue with account access,Customer reported a problem regarding account access in EU.,-0.05
ZD-396364,2025-11-11T16:00:00,Performance Issue,EMEA,Issue with performance issue,Customer reported a problem regarding performance issue in EMEA.,0.25
ZD-246928,2025-11-11T17:00:00,Refund Request,NA,Issue with refund request,Customer reported a problem regarding refund request in NA.,0.51
ZD-379130,2025-11-11T18:00:00,General Support,GLOBAL,Issue with general support,Customer reported a problem regarding general support in GLOBAL.,0.71
ZD-796586,2025-11-12T00:00:00,Account Access,EU,Issue with account access,Customer reported a problem regarding account access in EU.,0.08
ZD-813973,2025-11-12T00:00:00,Checkout Error,EMEA,Issue with checkout error,Customer reported a problem regarding checkout error in EMEA.,0.46
ZD-767334,2025-11-12T03:00:00,Order Tracking,GLOBAL,Issue with order tracking,Customer reported a problem regarding order tracking in GLOBAL.,0.55
ZD-534878,2025-11-12T03:00:00,Mobile App Bug,EU,Issue with mobile app bug,Customer reported a problem regarding mobile app bug in EU.,-0.01
ZD-300248,2025-11-12T05:00:00,Checkout Error,NA,Issue with checkout error,Customer reported a problem regarding checkout error in NA.,0.55
ZD-230227,2025-11-12T05:00:00,Mobile App Bug,EU,Issue with mobile app bug,Customer reported a problem regarding mobile app bug in EU.,0.17
ZD-902798,2025-11-12T07:00:00,Checkout Error,NA,Issue with checkout error,Customer reported a problem regarding checkout error in NA.,0.29
ZD-253214,2025-11-12T13:00:00,Order Tracking,APAC,Issue with order tracking,Customer reported a problem regarding order tracking in APAC.,-0.01
ZD-615770,2025-11-12T14:00:00,Order Tracking,APAC,Issue with order tracking,Customer reported a problem regarding order tracking in APAC.,-0.18
ZD-789230,2025-11-12T22:00:00,Performance Issue,APAC,Issue with performance issue,Customer reported a problem regarding performance issue in APAC.,0.75
ZD-832677,2025-11-13T02:00:00,Payment Failure,APAC,Issue with payment failure,Customer reported a problem regarding payment failure in APAC.,0.27
ZD-660874,2025-11-13T03:00:00,API Integration,LATAM,Issue with api integration,Customer reported a problem regarding api integration in LATAM.,0.25
ZD-126664,2025-11-13T09:00:00,Order Tracking,EU,Issue with order tracking,Customer reported a problem regarding order tracking in EU.,0.61
ZD-375772,2025-11-13T17:00:00,Account Access,LATAM,Issue with account access,Customer reported a problem regarding account access in LATAM.,-0.21
ZD-413595,2025-11-13T22:00:00,API Integration,GLOBAL,Issue with api integration,Customer reported a problem regarding api integration in GLOBAL.,0.5
ZD-167383,2025-11-14T01:00:00,Checkout Error,LATAM,Issue with checkout error,Customer reported a problem regarding checkout error in LATAM.,0.64
ZD-492422,2025-11-14T01:00:00,Billing Inquiry,EMEA,Issue with billing inquiry,Customer reported a problem regarding billing inquiry in EMEA.,0.63
ZD-538638,2025-11-14T18:00:00,Checkout Error,GLOBAL,Issue with checkout error,Customer reported a problem regarding checkout error in GLOBAL.,-0.47
ZD-779776,2025-11-14T22:00:00,Billing Inquiry,NA,Issue with billing inquiry,Customer reported a problem regarding billing inquiry in NA.,-0.31
ZD-657082,2025-11-14T23:00:00,Order Tracking,GLOBAL,Issue with order tracking,Customer reported a problem regarding order tracking in GLOBAL.,0.68
ZD-394091,2025-11-15T00:00:00,Payment Failure,EMEA,Issue with payment failure,Customer reported a problem regarding payment failure in EMEA.,-0.09
ZD-445692,2025-11-15T01:00:00,Refund Request,APAC,Issue with refund request,Customer reported a problem regarding refund request in APAC.,0.48
ZD-741440,2025-11-15T02:00:00,General Support,GLOBAL,Issue with general support,Customer reported a problem regarding general support in GLOBAL.,0.21
ZD-713708,2025-11-15T03:00:00,Account Access,LATAM,Issue with account access,Customer reported a problem regarding account access in LATAM.,0.7
ZD-339317,2025-11-15T04:00:00,Order Tracking,APAC,Issue with order tracking,Customer reported a problem regarding order tracking in APAC.,-0.03
ZD-216824,2025-11-15T04:00:00,General Support,EMEA,Issue with general support,Customer reported a problem regarding general support in EMEA.,0.07
ZD-587411,2025-11-15T05:00:00,Checkout Error,EU,Issue with checkout error,Customer reported a problem regarding checkout error in EU.,0.77
ZD-573402,2025-11-15T09:00:00,General Support,EMEA,Issue with general support,Customer reported a problem regarding general support in EMEA.,0.16
ZD-939805,2025-11-15T20:00:00,Payment Failure,GLOBAL,Issue with payment failure,Customer reported a problem regarding payment failure in GLOBAL.,0.71
ZD-681367,2025-11-16T04:00:00,Account Access,NA,Issue with account access,Customer reported a problem regarding account access in NA.,-0.2
ZD-792063,2025-11-16T16:00:00,Performance Issue,NA,Issue with performance issue,Customer reported a problem regarding performance issue in NA.,0.26
ZD-472790,2025-11-17T07:00:00,Payment Failure,GLOBAL,Issue with payment failure,Customer reported a problem regarding payment failure in GLOBAL.,-0.08
ZD-448256,2025-11-17T08:00:00,Order Tracking,APAC,Issue with order tracking,Customer reported a problem regarding order tracking in APAC.,-0.3
ZD-970934,2025-11-17T12:00:00,Performance Issue,APAC,Issue with performance issue,Customer reported a problem regarding performance issue in APAC.,0.55
ZD-408672,2025-11-18T00:00:00,API Integration,EU,Issue with api integration,Customer reported a problem regarding api integration in EU.,0.58
ZD-282133,2025-11-18T04:00:00,Performance Issue,LATAM,Issue with performance issue,Customer reported a problem regarding performance issue in LATAM.,0.44
ZD-593206,2025-11-18T05:00:00,General Support,EMEA,Issue with general support,Customer reported a problem regarding general support in EMEA.,-0.15
ZD-537030,2025-11-18T05:00:00,General Support,GLOBAL,Issue with general support,Customer reported a problem regarding general support in GLOBAL.,0.66
ZD-994164,2025-11-18T08:00:00,Billing Inquiry,APAC,Issue with billing inquiry,Customer reported a problem regarding billing inquiry in APAC.,0.08
ZD-417430,2025-11-18T10:00:00,API Integration,APAC,Issue with api integration,Customer reported a problem regarding api integration in APAC.,0.51
ZD-463379,2025-11-18T15:00:00,Order Tracking,LATAM,Issue with order tracking,Customer reported a problem regarding order tracking in LATAM.,0.45
ZD-455330,2025-11-18T16:00:00,Account Access,GLOBAL,Issue with account access,Customer reported a problem regarding account access in GLOBAL.,0.79
ZD-822420,2025-11-19T01:00:00,Performance Issue,GLOBAL,Issue with performance issue,Customer reported a problem regarding performance issue in GLOBAL.,-0.2
ZD-492071,2025-11-19T02:00:00,Account Access,GLOBAL,Issue with account access,Customer reported a problem regarding account access in GLOBAL.,0.33
ZD-729527,2025-11-19T08:00:00,Performance Issue,NA,Issue with performance issue,Customer reported a problem regarding performance issue in NA.,0.73
ZD-638596,2025-11-19T09:00:00,API Integration,GLOBAL,Issue with api integration,Customer reported a problem regarding api integration in GLOBAL.,0.58
ZD-163429,2025-11-19T13:00:00,Billing Inquiry,EU,Issue with billing inquiry,Customer reported a problem regarding billing inquiry in EU.,0.6
ZD-243508,2025-11-19T16:00:00,Billing Inquiry,EMEA,Issue with billing inquiry,Customer reported a problem regarding billing inquiry in EMEA.,-0.39
ZD-520903,2025-11-19T17:00:00,Performance Issue,EMEA,Issue with performance issue,Customer reported a problem regarding performance issue in EMEA.,-0.29
ZD-249246,2025-11-20T00:00:00,Checkout Error,EU,Issue with checkout error,Customer reported a problem regarding checkout error in EU.,0.07
ZD-333271,2025-11-20T05:00:00,Billing Inquiry,EMEA,Issue with billing inquiry,Customer reported a problem regarding billing inquiry in EMEA.,-0.07
ZD-571877,2025-11-20T09:00:00,Refund Request,EU,Issue with refund request,Customer reported a problem regarding refund request in EU.,0.68
ZD-615828,2025-11-20T17:00:00,Order Tracking,GLOBAL,Issue with order tracking,Customer reported a problem regarding order tracking in GLOBAL.,-0.08
ZD-325288,2025-11-20T20:00:00,Mobile App Bug,LATAM,Issue with mobile app bug,Customer reported a problem regarding mobile app bug in LATAM.,0.73
ZD-769039,2025-11-21T00:00:00,General Support,LATAM,Issue with general support,Customer reported a problem regarding general support in LATAM.,0.56
ZD-959962,2025-11-21T07:00:00,Order Tracking,NA,Issue with order tracking,Customer reported a problem regarding order tracking in NA.,0.18
ZD-867572,2025-11-21T10:00:00,Account Access,EMEA,Issue with account access,Customer reported a problem regarding account access in EMEA.,-0.39
ZD-878098,2025-11-21T11:00:00,General Support,EMEA,Issue with general support,Customer reported a problem regarding general support in EMEA.,-0.06
ZD-380009,2025-11-21T11:00:00,General Support,EU,Issue with general support,Customer reported a problem regarding general support in EU.,-0.36
ZD-152698,2025-11-21T11:00:00,General Support,EU,Issue with general support,Customer reported a problem regarding general support in EU.,-0.4
ZD-750516,2025-11-21T13:00:00,API Integration,GLOBAL,Issue with api integration,Customer reported a problem regarding api integration in GLOBAL.,-0.49
ZD-133115,2025-11-21T18:00:00,Performance Issue,NA,Issue with performance issue,Customer reported a problem regarding performance issue in NA.,0.41
ZD-573277,2025-11-21T18:00:00,General Support,EU,Issue with general support,Customer reported a problem regarding general support in EU.,0.14
ZD-711255,2025-11-21T19:00:00,Refund Request,EMEA,Issue with refund request,Customer reported a problem regarding refund request in EMEA.,0.52
ZD-725457,2025-11-22T02:00:00,Performance Issue,EMEA,Issue with performance issue,Customer reported a problem regarding performance issue in EMEA.,-0.25
ZD-116939,2025-11-22T03:00:00,Performance Issue,NA,Issue with performance issue,Customer reported a problem regarding performance issue in NA.,-0.25
ZD-360520,2025-11-22T05:00:00,Checkout Error,NA,Issue with checkout error,Customer reported a problem regarding checkout error in NA.,-0.41
ZD-782130,2025-11-22T14:00:00,Mobile App Bug,LATAM,Issue with mobile app bug,Customer reported a problem regarding mobile app bug in LATAM.,0.19
ZD-122855,2025-11-23T02:00:00,Checkout Error,APAC,Issue with checkout error,Customer reported a problem regarding checkout error in APAC.,0.57
ZD-880786,2025-11-23T05:00:00,API Integration,EU,Issue with api integration,Customer reported a problem regarding api integration in EU.,-0.46
ZD-460956,2025-11-23T05:00:00,API Integration,EU,Issue with api integration,Customer reported a problem regarding api integration in EU.,0.24
ZD-851215,2025-11-23T07:00:00,Performance Issue,GLOBAL,Issue with performance issue,Customer reported a problem regarding performance issue in GLOBAL.,0.3
ZD-163603,2025-11-23T09:00:00,Performance Issue,EMEA,Issue with performance issue,Customer reported a problem regarding performance issue in EMEA.,-0.22
ZD-904539,2025-11-23T13:00:00,Checkout Error,GLOBAL,Issue with checkout error,Customer reported a problem regarding checkout error in GLOBAL.,-0.28
ZD-582746,2025-11-23T16:00:00,Payment Failure,LATAM,Issue with payment failure,Customer reported a problem regarding payment failure in LATAM.,-0.04
ZD-332684,2025-11-24T13:00:00,Payment Failure,EMEA,Issue with payment failure,Customer reported a problem regarding payment failure in EMEA.,0.03
ZD-917333,2025-11-24T20:00:00,General Support,EMEA,Issue with general support,Customer reported a problem regarding general support in EMEA.,0.28
ZD-175633,2025-11-25T14:00:00,Order Tracking,EMEA,Issue with order tracking,Customer reported a problem regarding order tracking in EMEA.,-0.46
ZD-683154,2025-11-25T18:00:00,Billing Inquiry,LATAM,Issue with billing inquiry,Customer reported a problem regarding billing inquiry in LATAM.,-0.16
ZD-346147,2025-11-25T19:00:00,API Integration,NA,Issue with api integration,Customer reported a problem regarding api integration in NA.,0.06
ZD-992784,2025-11-25T23:00:00,General Support,EU,Issue with general support,Customer reported a problem regarding general support in EU.,0.48
ZD-286524,2025-11-26T02:00:00,Billing Inquiry,EMEA,Issue with billing inquiry,Customer reported a problem regarding billing inquiry in EMEA.,-0.42
ZD-383449,2025-11-26T02:00:00,Refund Request,GLOBAL,Issue with refund request,Customer reported a problem regarding refund request in GLOBAL.,0.64
ZD-455593,2025-11-26T04:00:00,Checkout Error,NA,Issue with checkout error,Customer reported a problem regarding checkout error in NA.,-0.39
ZD-959714,2025-11-26T04:00:00,Payment Failure,GLOBAL,Issue with payment failure,Customer reported a problem regarding payment failure in GLOBAL.,0.57
ZD-842631,2025-11-26T07:00:00,Order Tracking,EU,Issue with order tracking,Customer reported a problem regarding order tracking in EU.,0.05
ZD-637879,2025-11-26T08:00:00,General Support,APAC,Issue with general support,Customer reported a problem regarding general support in APAC.,0.66
ZD-757594,2025-11-26T09:00:00,Billing Inquiry,APAC,Issue with billing inquiry,Customer reported a problem regarding billing inquiry in APAC.,-0.21
ZD-814594,2025-11-26T13:00:00,Payment Failure,APAC,Issue with payment failure,Customer reported a problem regarding payment failure in APAC.,0.64
ZD-863112,2025-11-26T19:00:00,General Support,GLOBAL,Issue with general support,Customer reported a problem regarding general support in GLOBAL.,0.48
ZD-480778,2025-11-26T20:00:00,Mobile App Bug,LATAM,Issue with mobile app bug,Customer reported a problem regarding mobile app bug in LATAM.,-0.09
ZD-833311,2025-11-27T01:00:00,Payment Failure,EMEA,Issue with payment failure,Customer reported a problem regarding payment failure in EMEA.,0.26
ZD-804869,2025-11-27T05:00:00,Order Tracking,NA,Issue with order tracking,Customer reported a problem regarding order tracking in NA.,0.24
ZD-126000,2025-11-27T08:00:00,Checkout Error,LATAM,Issue with checkout error,Customer reported a problem regarding checkout error in LATAM.,-0.37
ZD-430359,2025-11-27T14:00:00,API Integration,GLOBAL,Issue with api integration,Customer reported a problem regarding api integration in GLOBAL.,0.25
ZD-134305,2025-11-27T23:00:00,General Support,APAC,Issue with general support,Customer reported a problem regarding general support in APAC.,0.26
ZD-855550,2025-11-28T04:00:00,Mobile App Bug,EU,Issue with mobile app bug,Customer reported a problem regarding mobile app bug in EU.,0.2
ZD-259508,2025-11-28T23:00:00,Payment Failure,EU,Issue with payment failure,Customer reported a problem regarding payment failure in EU.,-0.06
ZD-278988,2025-11-29T08:00:00,Payment Failure,LATAM,Issue with payment failure,Customer reported a problem regarding payment failure in LATAM.,0.09
ZD-632862,2025-11-29T19:00:00,Account Access,APAC,Issue with account access,Customer reported a problem regarding account access in APAC.,-0.03
ZD-681170,2025-11-30T15:00:00,API Integration,GLOBAL,Issue with api integration,Customer reported a problem regarding api integration in GLOBAL.,-0.33
ZD-220561,2025-11-30T16:00:00,Order Tracking,EU,Issue with order tracking,Customer reported a problem regarding order tracking in EU.,0.01
ZD-922514,2025-11-30T21:00:00,Refund Request,APAC,Issue with refund request,Customer reported a problem regarding refund request in APAC.,0.38
ZD-314063,2025-12-01T00:00:00,Performance Issue,GLOBAL,Issue with performance issue,Customer reported a problem regarding performance issue in GLOBAL.,0.73
ZD-806625,2025-12-01T07:00:00,Refund Request,LATAM,Issue with refund request,Customer reported a problem regarding refund request in LATAM.,-0.29
ZD-960883,2025-12-01T09:00:00,Checkout Error,APAC,Issue with checkout error,Customer reported a problem regarding checkout error in APAC.,-0.22
ZD-440023,2025-12-01T13:00:00,Order Tracking,LATAM,Issue with order tracking,Customer reported a problem regarding order tracking in LATAM.,-0.43
ZD-202435,2025-12-01T16:00:00,Checkout Error,NA,Issue with checkout error,Customer reported a problem regarding checkout error in NA.,0.24
ZD-607495,2025-12-01T16:00:00,Order Tracking,GLOBAL,Issue with order tracking,Customer reported a problem regarding order tracking in GLOBAL.,0.38
ZD-270181,2025-12-01T19:00:00,Billing Inquiry,EMEA,Issue with billing inquiry,Customer reported a problem regarding billing inquiry in EMEA.,-0.28
ZD-764031,2025-12-01T22:00:00,Billing Inquiry,EMEA,Issue with billing inquiry,Customer reported a problem regarding billing inquiry in EMEA.,0.56
ZD-868921,2025-12-02T01:00:00,Checkout Error,GLOBAL,Issue with checkout error,Customer reported a problem regarding checkout error in GLOBAL.,0.79
ZD-329327,2025-12-02T02:00:00,General Support,GLOBAL,Issue with general support,Customer reported a problem regarding general support in GLOBAL.,0.45
ZD-754392,2025-12-02T04:00:00,Payment Failure,LATAM,Issue with payment failure,Customer reported a problem regarding payment failure in LATAM.,0.32
ZD-895213,2025-12-02T05:00:00,Account Access,APAC,Issue with account access,Customer reported a problem regarding account access in APAC.,-0.42
ZD-193994,2025-12-02T08:00:00,Refund Request,EU,Issue with refund request,Customer reported a problem regarding refund request in EU.,-0.39
ZD-894729,2025-12-02T14:00:00,Mobile App Bug,EMEA,Issue with mobile app bug,Customer reported a problem regarding mobile app bug in EMEA.,0.15
ZD-728413,2025-12-02T18:00:00,Performance Issue,NA,Issue with performance issue,Customer reported a problem regarding performance issue in NA.,0.23
ZD-460742,2025-12-02T20:00:00,Checkout Error,EMEA,Issue with checkout error,Customer reported a problem regarding checkout error in EMEA.,0.33
ZD-551355,2025-12-03T02:00:00,Checkout Error,GLOBAL,Issue with checkout error,Customer reported a problem regarding checkout error in GLOBAL.,-0.34
ZD-593221,2025-12-03T03:00:00,Payment Failure,NA,Issue with payment failure,Customer reported a problem regarding payment failure in NA.,0.55
ZD-802275,2025-12-03T08:00:00,Refund Request,APAC,Issue with refund request,Customer reported a problem regarding refund request in APAC.,0.44
ZD-212443,2025-12-03T10:00:00,Refund Request,GLOBAL,Issue with refund request,Customer reported a problem regarding refund request in GLOBAL.,0.18
ZD-465778,2025-12-03T10:00:00,Billing Inquiry,APAC,Issue with billing inquiry,Customer reported a problem regarding billing inquiry in APAC.,-0.37
ZD-222700,2025-12-03T17:00:00,Checkout Error,EU,Issue with checkout error,Customer reported a problem regarding checkout error in EU.,-0.1
ZD-566082,2025-12-03T18:00:00,Payment Failure,EU,Issue with payment failure,Customer reported a problem regarding payment failure in EU.,-0.42
ZD-750293,2025-12-03T20:00:00,Order Tracking,GLOBAL,Issue with order tracking,Customer reported a problem regarding order tracking in GLOBAL.,0.03
ZD-404315,2025-12-03T21:00:00,Billing Inquiry,LATAM,Issue with billing inquiry,Customer reported a problem regarding billing inquiry in LATAM.,0.32
ZD-591586,2025-12-03T23:00:00,Payment Failure,EU,Issue with payment failure,Customer reported a problem regarding payment failure in EU.,-0.3
ZD-662949,2025-12-04T00:00:00,Billing Inquiry,EU,Issue with billing inquiry,Customer reported a problem regarding billing inquiry in EU.,0.14
ZD-136271,2025-12-04T01:00:00,Refund Request,EMEA,Issue with refund request,Customer reported a problem regarding refund request in EMEA.,-0.38
ZD-516829,2025-12-04T07:00:00,Account Access,LATAM,Issue with account access,Customer reported a problem regarding account access in LATAM.,-0.13
ZD-382496,2025-12-04T11:00:00,Mobile App Bug,NA,Issue with mobile app bug,Customer reported a problem regarding mobile app bug in NA.,-0.19
ZD-452084,2025-12-04T11:00:00,Refund Request,EU,Issue with refund request,Customer reported a problem regarding refund request in EU.,-0.43
ZD-634329,2025-12-04T15:00:00,General Support,EMEA,Issue with general support,Customer reported a problem regarding general support in EMEA.,-0.14
ZD-751713,2025-12-04T18:00:00,Checkout Error,LATAM,Issue with checkout error,Customer reported a problem regarding checkout error in LATAM.,0.04
ZD-956197,2025-12-04T18:00:00,Performance Issue,GLOBAL,Issue with performance issue,Customer reported a problem regarding performance issue in GLOBAL.,0.39
ZD-708248,2025-12-04T20:00:00,Payment Failure,EMEA,Issue with payment failure,Customer reported a problem regarding payment failure in EMEA.,-0.04
ZD-801956,2025-12-05T04:00:00,Billing Inquiry,NA,Issue with billing inquiry,Customer reported a problem regarding billing inquiry in NA.,0.18
ZD-748051,2025-12-05T09:00:00,Order Tracking,APAC,Issue with order tracking,Customer reported a problem regarding order tracking in APAC.,0.47
ZD-922199,2025-12-05T10:00:00,General Support,LATAM,Issue with general support,Customer reported a problem regarding general support in LATAM.,-0.21
ZD-985253,2025-12-05T11:00:00,API Integration,EMEA,Issue with api integration,Customer reported a problem regarding api integration in EMEA.,0.26
ZD-975899,2025-12-05T11:00:00,Checkout Error,GLOBAL,Issue with checkout error,Customer reported a problem regarding checkout error in GLOBAL.,0.63
ZD-557012,2025-12-05T12:00:00,Performance Issue,EMEA,Issue with performance issue,Customer reported a problem regarding performance issue in EMEA.,-0.36
ZD-462058,2025-12-05T14:00:00,Account Access,NA,Issue with account access,Customer reported a problem regarding account access in NA.,0.13
ZD-880593,2025-12-05T15:00:00,Checkout Error,EU,Issue with checkout error,Customer reported a problem regarding checkout error in EU.,-0.49
ZD-744608,2025-12-06T01:00:00,API Integration,LATAM,Issue with api integration,Customer reported a problem regarding api integration in LATAM.,0.43
ZD-102820,2025-12-06T02:00:00,Mobile App Bug,APAC,Issue with mobile app bug,Customer reported a problem regarding mobile app bug in APAC.,0.56
ZD-742280,2025-12-06T03:00:00,Billing Inquiry,LATAM,Issue with billing inquiry,Customer reported a problem regarding billing inquiry in LATAM.,0.21
ZD-969047,2025-12-06T07:00:00,API Integration,EU,Issue with api integration,Customer reported a problem regarding api integration in EU.,-0.13
ZD-355394,2025-12-06T07:00:00,General Support,LATAM,Issue with general support,Customer reported a problem regarding general support in LATAM.,0.37
ZD-549380,2025-12-06T08:00:00,Payment Failure,APAC,Issue with payment failure,Customer reported a problem regarding payment failure in APAC.,-0.4
ZD-158060,2025-12-06T11:00:00,Payment Failure,APAC,Issue with payment failure,Customer reported a problem regarding payment failure in APAC.,0.3
ZD-638788,2025-12-06T12:00:00,Order Tracking,APAC,Issue with order tracking,Customer reported a problem regarding order tracking in APAC.,0.39
ZD-143733,2025-12-06T16:00:00,Payment Failure,LATAM,Issue with payment failure,Customer reported a problem regarding payment failure in LATAM.,-0.05
ZD-328270,2025-12-06T23:00:00,Refund Request,NA,Issue with refund request,Customer reported a problem regarding refund request in NA.,0.3
ZD-871796,2025-12-07T02:00:00,Mobile App Bug,GLOBAL,Issue with mobile app bug,Customer reported a problem regarding mobile app bug in GLOBAL.,0.67
ZD-280069,2025-12-07T10:00:00,Mobile App Bug,EU,Issue with mobile app bug,Customer reported a problem regarding mobile app bug in EU.,0.11
ZD-480023,2025-12-07T13:00:00,General Support,APAC,Issue with general support,Customer reported a problem regarding general support in APAC.,0.75
ZD-607004,2025-12-07T18:00:00,Checkout Error,NA,Issue with checkout error,Customer reported a problem regarding checkout error in NA.,0.54
ZD-468186,2025-12-08T00:00:00,Mobile App Bug,APAC,Issue with mobile app bug,Customer reported a problem regarding mobile app bug in APAC.,0.13
ZD-930951,2025-12-08T04:00:00,Billing Inquiry,LATAM,Issue with billing inquiry,Customer reported a problem regarding billing inquiry in LATAM.,-0.05
ZD-893356,2025-12-08T11:00:00,Mobile App Bug,GLOBAL,Issue with mobile app bug,Customer reported a problem regarding mobile app bug in GLOBAL.,0.14
ZD-189241,2025-12-08T14:00:00,Mobile App Bug,GLOBAL,Issue with mobile app bug,Customer reported a problem regarding mobile app bug in GLOBAL.,0.73
ZD-278332,2025-12-08T16:00:00,Mobile App Bug,EU,Issue with mobile app bug,Customer reported a problem regarding mobile app bug in EU.,0.27
ZD-805762,2025-12-08T16:00:00,Account Access,EU,Issue with account access,Customer reported a problem regarding account access in EU.,-0.23
ZD-536404,2025-12-08T17:00:00,Billing Inquiry,NA,Issue with billing inquiry,Customer reported a problem regarding billing inquiry in NA.,0.51
ZD-967182,2025-12-08T18:00:00,General Support,APAC,Issue with general support,Customer reported a problem regarding general support in APAC.,-0.36
ZD-276677,2025-12-08T19:00:00,Mobile App Bug,NA,Issue with mobile app bug,Customer reported a problem regarding mobile app bug in NA.,0.06
ZD-242927,2025-12-08T20:00:00,Checkout Error,EMEA,Issue with checkout error,Customer reported a problem regarding checkout error in EMEA.,-0.41
ZD-367189,2025-12-09T14:00:00,Order Tracking,EMEA,Issue with order tracking,Customer reported a problem regarding order tracking in EMEA.,0.25
ZD-543446,2025-12-09T19:00:00,API Integration,GLOBAL,Issue with api integration,Customer reported a problem regarding api integration in GLOBAL.,0.4
ZD-982990,2025-12-09T21:00:00,Performance Issue,EMEA,Issue with performance issue,Customer reported a problem regarding performance issue in EMEA.,0.01
ZD-809385,2025-12-10T00:00:00,General Support,GLOBAL,Issue with general support,Customer reported a problem regarding general support in GLOBAL.,0.5
ZD-938875,2025-12-10T02:00:00,Checkout Error,EMEA,Issue with checkout error,Customer reported a problem regarding checkout error in EMEA.,0.18
ZD-502167,2025-12-10T05:00:00,General Support,EMEA,Issue with general support,Customer reported a problem regarding general support in EMEA.,0.68
ZD-658381,2025-12-10T05:00:00,API Integration,APAC,Issue with api integration,Customer reported a problem regarding api integration in APAC.,0.03
ZD-445116,2025-12-10T06:00:00,Payment Failure,APAC,Issue with payment failure,Customer reported a problem regarding payment failure in APAC.,0.21
ZD-320186,2025-12-10T07:00:00,Billing Inquiry,EMEA,Issue with billing inquiry,Customer reported a problem regarding billing inquiry in EMEA.,-0.36
ZD-121609,2025-12-10T11:00:00,Performance Issue,LATAM,Issue with performance issue,Customer reported a problem regarding performance issue in LATAM.,-0.08
ZD-931188,2025-12-10T17:00:00,Account Access,APAC,Issue with account access,Customer reported a problem regarding account access in APAC.,0.09
ZD-573539,2025-12-10T17:00:00,Checkout Error,GLOBAL,Issue with checkout error,Customer reported a problem regarding checkout error in GLOBAL.,0.36
ZD-583147,2025-12-10T19:00:00,Billing Inquiry,LATAM,Issue with billing inquiry,Customer reported a problem regarding billing inquiry in LATAM.,0.38
ZD-751028,2025-12-11T01:00:00,Checkout Error,NA,Issue with checkout error,Customer reported a problem regarding checkout error in NA.,-0.46
ZD-891456,2025-12-11T06:00:00,Refund Request,LATAM,Issue with refund request,Customer reported a problem regarding refund request in LATAM.,-0.45
ZD-815486,2025-12-11T08:00:00,Order Tracking,APAC,Issue with order tracking,Customer reported a problem regarding order tracking in APAC.,0.56
ZD-171706,2025-12-11T12:00:00,API Integration,EU,Issue with api integration,Customer reported a problem regarding api integration in EU.,0.43
ZD-401909,2025-12-11T15:00:00,Mobile App Bug,LATAM,Issue with mobile app bug,Customer reported a problem regarding mobile app bug in LATAM.,-0.43
ZD-283825,2025-12-11T18:00:00,Billing Inquiry,GLOBAL,Issue with billing inquiry,Customer reported a problem regarding billing inquiry in GLOBAL.,0.74
ZD-482206,2025-12-12T10:00:00,API Integration,GLOBAL,Issue with api integration,Customer reported a problem regarding api integration in GLOBAL.,0.33
ZD-582839,2025-12-12T17:00:00,General Support,NA,Issue with general support,Customer reported a problem regarding general support in NA.,0.25
ZD-910334,2025-12-13T05:00:00,General Support,NA,Issue with general support,Customer reported a problem regarding general support in NA.,0.37
ZD-513048,2025-12-13T19:00:00,Mobile App Bug,GLOBAL,Issue with mobile app bug,Customer reported a problem regarding mobile app bug in GLOBAL.,0.57
ZD-261181,2025-12-13T22:00:00,Account Access,GLOBAL,Issue with account access,Customer reported a problem regarding account access in GLOBAL.,0.23
ZD-123021,2025-12-13T23:00:00,Checkout Error,NA,Issue with checkout error,Customer reported a problem regarding checkout error in NA.,-0.0
ZD-363587,2025-12-14T06:00:00,Account Access,EMEA,Issue with account access,Customer reported a problem regarding account access in EMEA.,-0.3
ZD-787724,2025-12-14T10:00:00,API Integration,NA,Issue with api integration,Customer reported a problem regarding api integration in NA.,-0.04
ZD-208349,2025-12-14T10:00:00,Refund Request,APAC,Issue with refund request,Customer reported a problem regarding refund request in APAC.,0.64
ZD-894150,2025-12-14T12:00:00,Account Access,EU,Issue with account access,Customer reported a problem regarding account access in EU.,0.39
ZD-475712,2025-12-14T13:00:00,Account Access,LATAM,Issue with account access,Customer reported a problem regarding account access in LATAM.,0.29
ZD-708750,2025-12-14T13:00:00,General Support,LATAM,Issue with general support,Customer reported a problem regarding general support in LATAM.,-0.16
ZD-564530,2025-12-14T16:00:00,General Support,GLOBAL,Issue with general support,Customer reported a problem regarding general support in GLOBAL.,0.75
ZD-491584,2025-12-15T02:00:00,Refund Request,EMEA,Issue with refund request,Customer reported a problem regarding refund request in EMEA.,0.71
ZD-859834,2025-12-15T05:00:00,Checkout Error,EMEA,Issue with checkout error,Customer reported a problem regarding checkout error in EMEA.,-0.33
ZD-363821,2025-12-15T05:00:00,Checkout Error,EMEA,Issue with checkout error,Customer reported a problem regarding checkout error in EMEA.,-0.11
ZD-140916,2025-12-15T06:00:00,Mobile App Bug,GLOBAL,Issue with mobile app bug,Customer reported a problem regarding mobile app bug in GLOBAL.,-0.29
ZD-783124,2025-12-15T07:00:00,API Integration,GLOBAL,Issue with api integration,Customer reported a problem regarding api integration in GLOBAL.,0.27
ZD-159963,2025-12-15T10:00:00,Refund Request,GLOBAL,Issue with refund request,Customer reported a problem regarding refund request in GLOBAL.,0.35
ZD-468011,2025-12-15T15:00:00,API Integration,EMEA,Issue with api integration,Customer reported a problem regarding api integration in EMEA.,-0.17
ZD-744168,2025-12-15T17:00:00,Order Tracking,APAC,Issue with order tracking,Customer reported a problem regarding order tracking in APAC.,0.14
ZD-903898,2025-12-15T19:00:00,Account Access,GLOBAL,Issue with account access,Customer reported a problem regarding account access in GLOBAL.,0.61
ZD-491235,2025-12-15T21:00:00,Order Tracking,GLOBAL,Issue with order tracking,Customer reported a problem regarding order tracking in GLOBAL.,0.64
ZD-178553,2025-12-16T02:00:00,Performance Issue,EMEA,Issue with performance issue,Customer reported a problem regarding performance issue in EMEA.,0.77
ZD-155241,2025-12-16T02:00:00,Account Access,APAC,Issue with account access,Customer reported a problem regarding account access in APAC.,0.74
ZD-393095,2025-12-16T03:00:00,Payment Failure,EU,Issue with payment failure,Customer reported a problem regarding payment failure in EU.,-0.33
ZD-452895,2025-12-16T23:00:00,Account Access,EU,Issue with account access,Customer reported a problem regarding account access in EU.,0.42
ZD-660559,2025-12-17T00:00:00,Mobile App Bug,APAC,Issue with mobile app bug,Customer reported a problem regarding mobile app bug in APAC.,0.25
ZD-415566,2025-12-17T16:00:00,Billing Inquiry,GLOBAL,Issue with billing inquiry,Customer reported a problem regarding billing inquiry in GLOBAL.,-0.42
ZD-279516,2025-12-17T16:00:00,Checkout Error,EMEA,Issue with checkout error,Customer reported a problem regarding checkout error in EMEA.,0.06
ZD-919239,2025-12-17T19:00:00,Order Tracking,APAC,Issue with order tracking,Customer reported a problem regarding order tracking in APAC.,0.19
ZD-800912,2025-12-17T19:00:00,Refund Request,EMEA,Issue with refund request,Customer reported a problem regarding refund request in EMEA.,0.52
ZD-390102,2025-12-18T04:00:00,Billing Inquiry,LATAM,Issue with billing inquiry,Customer reported a problem regarding billing inquiry in LATAM.,0.42
ZD-844902,2025-12-18T08:00:00,Refund Request,APAC,Issue with refund request,Customer reported a problem regarding refund request in APAC.,-0.02
ZD-931641,2025-12-18T15:00:00,Payment Failure,NA,Issue with payment failure,Customer reported a problem regarding payment failure in NA.,-0.12
ZD-597368,2025-12-18T15:00:00,Payment Failure,EU,Issue with payment failure,Customer reported a problem regarding payment failure in EU.,0.71
ZD-731753,2025-12-18T17:00:00,Refund Request,GLOBAL,Issue with refund request,Customer reported a problem regarding refund request in GLOBAL.,0.44
ZD-206141,2025-12-18T22:00:00,Performance Issue,EMEA,Issue with performance issue,Customer reported a problem regarding performance issue in EMEA.,0.33
ZD-876021,2025-12-19T06:00:00,Payment Failure,LATAM,Issue with payment failure,Customer reported a problem regarding payment failure in LATAM.,0.3
ZD-140166,2025-12-19T13:00:00,General Support,EU,Issue with general support,Customer reported a problem regarding general support in EU.,0.42
ZD-387724,2025-12-19T13:00:00,Billing Inquiry,APAC,Issue with billing inquiry,Customer reported a problem regarding billing inquiry in APAC.,0.41
ZD-336257,2025-12-19T15:00:00,Refund Request,EMEA,Issue with refund request,Customer reported a problem regarding refund request in EMEA.,0.77
ZD-180849,2025-12-19T16:00:00,Payment Failure,NA,Issue with payment failure,Customer reported a problem regarding payment failure in NA.,0.31
ZD-884817,2025-12-20T03:00:00,Order Tracking,APAC,Issue with order tracking,Customer reported a problem regarding order tracking in APAC.,-0.27
ZD-736184,2025-12-20T05:00:00,API Integration,NA,Issue with api integration,Customer reported a problem regarding api integration in NA.,0.28
ZD-314467,2025-12-20T06:00:00,Refund Request,APAC,Issue with refund request,Customer reported a problem regarding refund request in APAC.,0.67
ZD-566335,2025-12-20T10:00:00,Performance Issue,EMEA,Issue with performance issue,Customer reported a problem regarding performance issue in EMEA.,0.78
ZD-310268,2025-12-20T19:00:00,API Integration,EU,Issue with api integration,Customer reported a problem regarding api integration in EU.,-0.09
ZD-466325,2025-12-20T22:00:00,Refund Request,LATAM,Issue with refund request,Customer reported a problem regarding refund request in LATAM.,0.38
ZD-870541,2025-12-21T00:00:00,Refund Request,APAC,Issue with refund request,Customer reported a problem regarding refund request in APAC.,0.16
ZD-297116,2025-12-21T00:00:00,Payment Failure,NA,Issue with payment failure,Customer reported a problem regarding payment failure in NA.,-0.48
ZD-202185,2025-12-21T03:00:00,Refund Request,EMEA,Issue with refund request,Customer reported a problem regarding refund request in EMEA.,-0.34
ZD-694983,2025-12-21T04:00:00,Account Access,APAC,Issue with account access,Customer reported a problem regarding account access in APAC.,0.29
ZD-875936,2025-12-21T14:00:00,Order Tracking,EU,Issue with order tracking,Customer reported a problem regarding order tracking in EU.,0.16
ZD-981733,2025-12-21T15:00:00,Account Access,LATAM,Issue with account access,Customer reported a problem regarding account access in LATAM.,0.15
ZD-429564,2025-12-21T16:00:00,Checkout Error,EU,Issue with checkout error,Customer reported a problem regarding checkout error in EU.,0.63
ZD-721886,2025-12-21T18:00:00,Performance Issue,EU,Issue with performance issue,Customer reported a problem regarding performance issue in EU.,-0.32
ZD-561387,2025-12-21T21:00:00,Account Access,LATAM,Issue with account access,Customer reported a problem regarding account access in LATAM.,-0.33
ZD-343590,2025-12-22T00:00:00,Mobile App Bug,APAC,Issue with mobile app bug,Customer reported a problem regarding mobile app bug in APAC.,-0.0
ZD-869073,2025-12-22T02:00:00,Account Access,APAC,Issue with account access,Customer reported a problem regarding account access in APAC.,-0.43
ZD-678287,2025-12-22T04:00:00,Billing Inquiry,NA,Issue with billing inquiry,Customer reported a problem regarding billing inquiry in NA.,-0.27
ZD-530782,2025-12-22T04:00:00,Performance Issue,EU,Issue with performance issue,Customer reported a problem regarding performance issue in EU.,-0.05
ZD-367835,2025-12-22T07:00:00,Mobile App Bug,APAC,Issue with mobile app bug,Customer reported a problem regarding mobile app bug in APAC.,-0.18
ZD-670863,2025-12-22T16:00:00,Payment Failure,EMEA,Issue with payment failure,Customer reported a problem regarding payment failure in EMEA.,0.61
ZD-546890,2025-12-22T17:00:00,Billing Inquiry,APAC,Issue with billing inquiry,Customer reported a problem regarding billing inquiry in APAC.,-0.4
ZD-533540,2025-12-22T23:00:00,Checkout Error,NA,Issue with checkout error,Customer reported a problem regarding checkout error in NA.,-0.43
ZD-589080,2025-12-22T23:00:00,Payment Failure,NA,Issue with payment failure,Customer reported a problem regarding payment failure in NA.,-0.19
ZD-196870,2025-12-23T01:00:00,Billing Inquiry,EU,Issue with billing inquiry,Customer reported a problem regarding billing inquiry in EU.,-0.22
ZD-811518,2025-12-23T02:00:00,Payment Failure,APAC,Issue with payment failure,Customer reported a problem regarding payment failure in APAC.,0.3
ZD-300300,2025-12-23T06:00:00,Order Tracking,EMEA,Issue with order tracking,Customer reported a problem regarding order tracking in EMEA.,0.27
ZD-790108,2025-12-23T11:00:00,API Integration,EU,Issue with api integration,Customer reported a problem regarding api integration in EU.,-0.06
ZD-427802,2025-12-23T14:00:00,Refund Request,EMEA,Issue with refund request,Customer reported a problem regarding refund request in EMEA.,0.07
ZD-526841,2025-12-23T14:00:00,Payment Failure,NA,Issue with payment failure,Customer reported a problem regarding payment failure in NA.,0.54
ZD-255602,2025-12-24T08:00:00,Mobile App Bug,EMEA,Issue with mobile app bug,Customer reported a problem regarding mobile app bug in EMEA.,-0.11
ZD-446091,2025-12-24T08:00:00,Payment Failure,EU,Issue with payment failure,Customer reported a problem regarding payment failure in EU.,0.5
ZD-160199,2025-12-24T09:00:00,Refund Request,APAC,Issue with refund request,Customer reported a problem regarding refund request in APAC.,0.01
ZD-135051,2025-12-24T10:00:00,API Integration,LATAM,Issue with api integration,Customer reported a problem regarding api integration in LATAM.,0.75
ZD-166207,2025-12-24T10:00:00,Payment Failure,EMEA,Issue with payment failure,Customer reported a problem regarding payment failure in EMEA.,0.08
ZD-756524,2025-12-24T15:00:00,Refund Request,NA,Issue with refund request,Customer reported a problem regarding refund request in NA.,0.04
ZD-438581,2025-12-24T17:00:00,Account Access,NA,Issue with account access,Customer reported a problem regarding account access in NA.,-0.3
ZD-506729,2025-12-24T19:00:00,Refund Request,NA,Issue with refund request,Customer reported a problem regarding refund request in NA.,0.22
ZD-463099,2025-12-25T04:00:00,Payment Failure,EU,Issue with payment failure,Customer reported a problem regarding payment failure in EU.,0.57
ZD-630427,2025-12-25T04:00:00,API Integration,EU,Issue with api integration,Customer reported a problem regarding api integration in EU.,0.2
ZD-190640,2025-12-25T05:00:00,Account Access,LATAM,Issue with account access,Customer reported a problem regarding account access in LATAM.,0.16
ZD-565734,2025-12-25T07:00:00,Payment Failure,EMEA,Issue with payment failure,Customer reported a problem regarding payment failure in EMEA.,0.45
ZD-282864,2025-12-25T13:00:00,API Integration,GLOBAL,Issue with api integration,Customer reported a problem regarding api integration in GLOBAL.,0.54
ZD-562283,2025-12-25T17:00:00,Account Access,EMEA,Issue with account access,Customer reported a problem regarding account access in EMEA.,0.6
ZD-174837,2025-12-25T21:00:00,Billing Inquiry,NA,Issue with billing inquiry,Customer reported a problem regarding billing inquiry in NA.,0.27
ZD-725847,2025-12-25T23:00:00,Account Access,GLOBAL,Issue with account access,Customer reported a problem regarding account access in GLOBAL.,0.2
ZD-983959,2025-12-26T05:00:00,Billing Inquiry,APAC,Issue with billing inquiry,Customer reported a problem regarding billing inquiry in APAC.,0.41
ZD-454387,2025-12-26T18:00:00,API Integration,EMEA,Issue with api integration,Customer reported a problem regarding api integration in EMEA.,0.02
ZD-971652,2025-12-26T18:00:00,General Support,APAC,Issue with general support,Customer reported a problem regarding general support in APAC.,-0.04
ZD-392965,2025-12-27T02:00:00,Performance Issue,NA,Issue with performance issue,Customer reported a problem regarding performance issue in NA.,-0.18
ZD-868319,2025-12-27T05:00:00,Performance Issue,GLOBAL,Issue with performance issue,Customer reported a problem regarding performance issue in GLOBAL.,0.09
ZD-889880,2025-12-27T09:00:00,Refund Request,EMEA,Issue with refund request,Customer reported a problem regarding refund request in EMEA.,0.3
ZD-574002,2025-12-27T13:00:00,Mobile App Bug,LATAM,Issue with mobile app bug,Customer reported a problem regarding mobile app bug in LATAM.,0.58
ZD-924286,2025-12-27T14:00:00,Account Access,NA,Issue with account access,Customer reported a problem regarding account access in NA.,-0.15
ZD-596121,2025-12-27T18:00:00,Checkout Error,APAC,Issue with checkout error,Customer reported a problem regarding checkout error in APAC.,0.03
ZD-573658,2025-12-27T20:00:00,General Support,GLOBAL,Issue with general support,Customer reported a problem regarding general support in GLOBAL.,0.3
ZD-304112,2025-12-28T00:00:00,Payment Failure,NA,Issue with payment failure,Customer reported a problem regarding payment failure in NA.,-0.02
ZD-802810,2025-12-28T10:00:00,Mobile App Bug,GLOBAL,Issue with mobile app bug,Customer reported a problem regarding mobile app bug in GLOBAL.,0.71
ZD-854554,2025-12-28T19:00:00,Performance Issue,GLOBAL,Issue with performance issue,Customer reported a problem regarding performance issue in GLOBAL.,-0.38
ZD-889135,2025-12-28T20:00:00,Mobile App Bug,GLOBAL,Issue with mobile app bug,Customer reported a problem regarding mobile app bug in GLOBAL.,-0.16
ZD-818780,2025-12-29T01:00:00,Billing Inquiry,NA,Issue with billing inquiry,Customer reported a problem regarding billing inquiry in NA.,0.3
ZD-306076,2025-12-29T02:00:00,Account Access,NA,Issue with account access,Customer reported a problem regarding account access in NA.,0.37
ZD-588231,2025-12-29T09:00:00,General Support,LATAM,Issue with general support,Customer reported a problem regarding general support in LATAM.,0.58
ZD-973537,2025-12-29T17:00:00,Order Tracking,NA,Issue with order tracking,Customer reported a problem regarding order tracking in NA.,0.42
ZD-543157,2025-12-29T17:00:00,Refund Request,GLOBAL,Issue with refund request,Customer reported a problem regarding refund request in GLOBAL.,-0.3
ZD-306787,2025-12-29T21:00:00,Mobile App Bug,EU,Issue with mobile app bug,Customer reported a problem regarding mobile app bug in EU.,-0.17
ZD-852752,2025-12-30T00:00:00,Order Tracking,GLOBAL,Issue with order tracking,Customer reported a problem regarding order tracking in GLOBAL.,0.69
ZD-697094,2025-12-30T05:00:00,Payment Failure,APAC,Issue with payment failure,Customer reported a problem regarding payment failure in APAC.,-0.1
ZD-439530,2025-12-30T20:00:00,Mobile App Bug,APAC,Issue with mobile app bug,Customer reported a problem regarding mobile app bug in APAC.,0.32
ZD-344055,2025-12-31T12:00:00,Billing Inquiry,NA,Issue with billing inquiry,Customer reported a problem regarding billing inquiry in NA.,-0.33
ZD-939562,2025-12-31T23:00:00,Payment Failure,NA,Issue with payment failure,Customer reported a problem regarding payment failure in NA.,-0.19
ZD-554347,2026-01-01T00:00:00,Refund Request,EU,Issue with refund request,Customer reported a problem regarding refund request in EU.,-0.08
ZD-823845,2026-01-01T14:00:00,API Integration,APAC,Issue with api integration,Customer reported a problem regarding api integration in APAC.,0.47
ZD-198320,2026-01-01T15:00:00,Refund Request,GLOBAL,Issue with refund request,Customer reported a problem regarding refund request in GLOBAL.,0.21
ZD-238082,2026-01-01T20:00:00,Payment Failure,EU,Issue with payment failure,Customer reported a problem regarding payment failure in EU.,-0.4
ZD-206455,2026-01-01T20:00:00,Checkout Error,NA,Issue with checkout error,Customer reported a problem regarding checkout error in NA.,0.29
ZD-827018,2026-01-01T22:00:00,Refund Request,GLOBAL,Issue with refund request,Customer reported a problem regarding refund request in GLOBAL.,0.5
ZD-666334,2026-01-02T01:00:00,Performance Issue,EMEA,Issue with performance issue,Customer reported a problem regarding performance issue in EMEA.,-0.05
ZD-134486,2026-01-02T09:00:00,General Support,EMEA,Issue with general support,Customer reported a problem regarding general support in EMEA.,0.75
ZD-521122,2026-01-02T15:00:00,API Integration,NA,Issue with api integration,Customer reported a problem regarding api integration in NA.,0.54
ZD-728137,2026-01-02T19:00:00,Payment Failure,GLOBAL,Issue with payment failure,Customer reported a problem regarding payment failure in GLOBAL.,0.71
ZD-691743,2026-01-02T20:00:00,Billing Inquiry,GLOBAL,Issue with billing inquiry,Customer reported a problem regarding billing inquiry in GLOBAL.,0.66
ZD-501097,2026-01-02T21:00:00,Mobile App Bug,APAC,Issue with mobile app bug,Customer reported a problem regarding mobile app bug in APAC.,0.78
ZD-331329,2026-01-02T23:00:00,Refund Request,LATAM,Issue with refund request,Customer reported a problem regarding refund request in LATAM.,0.63
ZD-870972,2026-01-02T23:00:00,Performance Issue,EMEA,Issue with performance issue,Customer reported a problem regarding performance issue in EMEA.,-0.1
ZD-808993,2026-01-03T04:00:00,Refund Request,APAC,Issue with refund request,Customer reported a problem regarding refund request in APAC.,0.63
ZD-672933,2026-01-03T05:00:00,Billing Inquiry,LATAM,Issue with billing inquiry,Customer reported a problem regarding billing inquiry in LATAM.,0.31
ZD-790933,2026-01-03T17:00:00,Performance Issue,NA,Issue with performance issue,Customer reported a problem regarding performance issue in NA.,0.21
ZD-721755,2026-01-03T21:00:00,Mobile App Bug,EMEA,Issue with mobile app bug,Customer reported a problem regarding mobile app bug in EMEA.,0.36
ZD-203087,2026-01-04T00:00:00,Refund Request,EU,Issue with refund request,Customer reported a problem regarding refund request in EU.,0.45
ZD-417001,2026-01-04T00:00:00,Refund Request,EMEA,Issue with refund request,Customer reported a problem regarding refund request in EMEA.,0.26
ZD-586778,2026-01-04T02:00:00,General Support,EU,Issue with general support,Customer reported a problem regarding general support in EU.,-0.05
ZD-221064,2026-01-04T06:00:00,Checkout Error,APAC,Issue with checkout error,Customer reported a problem regarding checkout error in APAC.,0.05
ZD-664553,2026-01-04T14:00:00,Checkout Error,LATAM,Issue with checkout error,Customer reported a problem regarding checkout error in LATAM.,-0.42
ZD-114051,2026-01-04T22:00:00,Order Tracking,LATAM,Issue with order tracking,Customer reported a problem regarding order tracking in LATAM.,0.07
ZD-161718,2026-01-04T23:00:00,Checkout Error,EU,Issue with checkout error,Customer reported a problem regarding checkout error in EU.,0.61
ZD-686896,2026-01-05T01:00:00,Order Tracking,NA,Issue with order tracking,Customer reported a problem regarding order tracking in NA.,0.28
ZD-823111,2026-01-05T06:00:00,Billing Inquiry,EMEA,Issue with billing inquiry,Customer reported a problem regarding billing inquiry in EMEA.,0.08
ZD-683190,2026-01-05T10:00:00,Performance Issue,NA,Issue with performance issue,Customer reported a problem regarding performance issue in NA.,-0.49
ZD-382310,2026-01-05T11:00:00,Mobile App Bug,NA,Issue with mobile app bug,Customer reported a problem regarding mobile app bug in NA.,-0.05
ZD-573351,2026-01-05T18:00:00,Checkout Error,NA,Issue with checkout error,Customer reported a problem regarding checkout error in NA.,-0.05
ZD-641168,2026-01-05T22:00:00,Order Tracking,EU,Issue with order tracking,Customer reported a problem regarding order tracking in EU.,0.35
ZD-776351,2026-01-05T22:00:00,Checkout Error,GLOBAL,Issue with checkout error,Customer reported a problem regarding checkout error in GLOBAL.,0.48
ZD-394417,2026-01-06T03:00:00,Refund Request,NA,Issue with refund request,Customer reported a problem regarding refund request in NA.,-0.11
ZD-432265,2026-01-06T20:00:00,Mobile App Bug,NA,Issue with mobile app bug,Customer reported a problem regarding mobile app bug in NA.,0.72
ZD-837313,2026-01-07T01:00:00,Checkout Error,GLOBAL,Issue with checkout error,Customer reported a problem regarding checkout error in GLOBAL.,0.49
ZD-195353,2026-01-07T03:00:00,Billing Inquiry,NA,Issue with billing inquiry,Customer reported a problem regarding billing inquiry in NA.,0.04
ZD-204946,2026-01-07T05:00:00,Mobile App Bug,NA,Issue with mobile app bug,Customer reported a problem regarding mobile app bug in NA.,-0.03
ZD-271239,2026-01-07T05:00:00,General Support,LATAM,Issue with general support,Customer reported a problem regarding general support in LATAM.,0.08
ZD-279678,2026-01-07T12:00:00,Checkout Error,APAC,Issue with checkout error,Customer reported a problem regarding checkout error in APAC.,0.55
ZD-392861,2026-01-07T17:00:00,Checkout Error,LATAM,Issue with checkout error,Customer reported a problem regarding checkout error in LATAM.,-0.35
ZD-514058,2026-01-07T23:00:00,Checkout Error,APAC,Issue with checkout error,Customer reported a problem regarding checkout error in APAC.,-0.05
ZD-402224,2026-01-08T01:00:00,Checkout Error,EMEA,Issue with checkout error,Customer reported a problem regarding checkout error in EMEA.,0.07
ZD-636521,2026-01-08T03:00:00,Checkout Error,GLOBAL,Issue with checkout error,Customer reported a problem regarding checkout error in GLOBAL.,0.8
ZD-152554,2026-01-08T08:00:00,Account Access,EMEA,Issue with account access,Customer reported a problem regarding account access in EMEA.,0.55
ZD-572241,2026-01-08T11:00:00,Order Tracking,EU,Issue with order tracking,Customer reported a problem regarding order tracking in EU.,0.79
ZD-739318,2026-01-08T14:00:00,General Support,EU,Issue with general support,Customer reported a problem regarding general support in EU.,-0.27
ZD-348547,2026-01-08T16:00:00,Refund Request,LATAM,Issue with refund request,Customer reported a problem regarding refund request in LATAM.,0.12
ZD-403060,2026-01-08T17:00:00,Order Tracking,LATAM,Issue with order tracking,Customer reported a problem regarding order tracking in LATAM.,0.02
ZD-168182,2026-01-09T03:00:00,API Integration,APAC,Issue with api integration,Customer reported a problem regarding api integration in APAC.,0.3
ZD-441808,2026-01-09T06:00:00,Refund Request,APAC,Issue with refund request,Customer reported a problem regarding refund request in APAC.,0.44
ZD-253666,2026-01-09T06:00:00,Order Tracking,APAC,Issue with order tracking,Customer reported a problem regarding order tracking in APAC.,-0.46
ZD-163645,2026-01-09T08:00:00,Order Tracking,NA,Issue with order tracking,Customer reported a problem regarding order tracking in NA.,0.22
ZD-859785,2026-01-09T11:00:00,Performance Issue,LATAM,Issue with performance issue,Customer reported a problem regarding performance issue in LATAM.,-0.33
ZD-173249,2026-01-09T14:00:00,API Integration,EU,Issue with api integration,Customer reported a problem regarding api integration in EU.,0.32
ZD-294007,2026-01-09T16:00:00,Checkout Error,GLOBAL,Issue with checkout error,Customer reported a problem regarding checkout error in GLOBAL.,-0.17
ZD-875261,2026-01-09T18:00:00,Account Access,GLOBAL,Issue with account access,Customer reported a problem regarding account access in GLOBAL.,0.58
ZD-455402,2026-01-09T22:00:00,Mobile App Bug,NA,Issue with mobile app bug,Customer reported a problem regarding mobile app bug in NA.,-0.13
ZD-453206,2026-01-10T11:00:00,Account Access,APAC,Issue with account access,Customer reported a problem regarding account access in APAC.,0.72
ZD-104207,2026-01-10T12:00:00,Account Access,LATAM,Issue with account access,Customer reported a problem regarding account access in LATAM.,-0.0
ZD-355103,2026-01-10T13:00:00,Refund Request,NA,Issue with refund request,Customer reported a problem regarding refund request in NA.,-0.08
ZD-195799,2026-01-10T15:00:00,Mobile App Bug,LATAM,Issue with mobile app bug,Customer reported a problem regarding mobile app bug in LATAM.,0.52
ZD-516374,2026-01-10T15:00:00,API Integration,GLOBAL,Issue with api integration,Customer reported a problem regarding api integration in GLOBAL.,-0.02
ZD-610852,2026-01-10T16:00:00,API Integration,GLOBAL,Issue with api integration,Customer reported a problem regarding api integration in GLOBAL.,0.05
ZD-600606,2026-01-10T19:00:00,Mobile App Bug,NA,Issue with mobile app bug,Customer reported a problem regarding mobile app bug in NA.,-0.35
ZD-785194,2026-01-11T01:00:00,Payment Failure,GLOBAL,Issue with payment failure,Customer reported a problem regarding payment failure in GLOBAL.,0.45
ZD-567138,2026-01-11T04:00:00,Refund Request,APAC,Issue with refund request,Customer reported a problem regarding refund request in APAC.,0.77
ZD-938590,2026-01-11T06:00:00,General Support,APAC,Issue with general support,Customer reported a problem regarding general support in APAC.,0.11
ZD-711516,2026-01-11T07:00:00,API Integration,NA,Issue with api integration,Customer reported a problem regarding api integration in NA.,-0.38
ZD-865095,2026-01-11T16:00:00,Order Tracking,APAC,Issue with order tracking,Customer reported a problem regarding order tracking in APAC.,0.42
ZD-411935,2026-01-11T17:00:00,Billing Inquiry,EU,Issue with billing inquiry,Customer reported a problem regarding billing inquiry in EU.,0.43
ZD-331176,2026-01-12T06:00:00,Payment Failure,NA,Issue with payment failure,Customer reported a problem regarding payment failure in NA.,-0.03
ZD-168825,2026-01-12T11:00:00,Checkout Error,LATAM,Issue with checkout error,Customer reported a problem regarding checkout error in LATAM.,0.61
ZD-354027,2026-01-12T13:00:00,General Support,EMEA,Issue with general support,Customer reported a problem regarding general support in EMEA.,0.73
ZD-520643,2026-01-12T20:00:00,General Support,GLOBAL,Issue with general support,Customer reported a problem regarding general support in GLOBAL.,0.41
ZD-285714,2026-01-13T04:00:00,Performance Issue,EMEA,Issue with performance issue,Customer reported a problem regarding performance issue in EMEA.,0.3
ZD-503065,2026-01-13T13:00:00,Account Access,NA,Issue with account access,Customer reported a problem regarding account access in NA.,0.44
ZD-615098,2026-01-13T19:00:00,Refund Request,GLOBAL,Issue with refund request,Customer reported a problem regarding refund request in GLOBAL.,0.13
ZD-465743,2026-01-13T22:00:00,Order Tracking,GLOBAL,Issue with order tracking,Customer reported a problem regarding order tracking in GLOBAL.,0.01
ZD-389320,2026-01-13T22:00:00,Refund Request,LATAM,Issue with refund request,Customer reported a problem regarding refund request in LATAM.,-0.37
ZD-102025,2026-01-14T02:00:00,Payment Failure,GLOBAL,Issue with payment failure,Customer reported a problem regarding payment failure in GLOBAL.,-0.0
ZD-631890,2026-01-14T11:00:00,Billing Inquiry,APAC,Issue with billing inquiry,Customer reported a problem regarding billing inquiry in APAC.,0.16
ZD-856987,2026-01-14T13:00:00,Performance Issue,LATAM,Issue with performance issue,Customer reported a problem regarding performance issue in LATAM.,0.26
ZD-500078,2026-01-14T16:00:00,Mobile App Bug,LATAM,Issue with mobile app bug,Customer reported a problem regarding mobile app bug in LATAM.,0.03
ZD-903956,2026-01-14T18:00:00,Mobile App Bug,NA,Issue with mobile app bug,Customer reported a problem regarding mobile app bug in NA.,0.46
ZD-629642,2026-01-14T21:00:00,Order Tracking,EMEA,Issue with order tracking,Customer reported a problem regarding order tracking in EMEA.,-0.35
ZD-443279,2026-01-14T23:00:00,API Integration,NA,Issue with api integration,Customer reported a problem regarding api integration in NA.,0.01
ZD-356350,2026-01-15T07:00:00,Checkout Error,EMEA,Issue with checkout error,Customer reported a problem regarding checkout error in EMEA.,0.72
ZD-813380,2026-01-15T07:00:00,Account Access,APAC,Issue with account access,Customer reported a problem regarding account access in APAC.,0.23
ZD-850841,2026-01-15T13:00:00,Mobile App Bug,EMEA,Issue with mobile app bug,Customer reported a problem regarding mobile app bug in EMEA.,0.52
ZD-672580,2026-01-16T03:00:00,Refund Request,EMEA,Issue with refund request,Customer reported a problem regarding refund request in EMEA.,-0.02
ZD-970681,2026-01-16T12:00:00,Checkout Error,EU,Issue with checkout error,Customer reported a problem regarding checkout error in EU.,0.03
ZD-990340,2026-01-16T16:00:00,Checkout Error,APAC,Issue with checkout error,Customer reported a problem regarding checkout error in APAC.,0.31
ZD-355717,2026-01-17T01:00:00,Payment Failure,EMEA,Issue with payment failure,Customer reported a problem regarding payment failure in EMEA.,-0.2
ZD-358889,2026-01-17T08:00:00,General Support,APAC,Issue with general support,Customer reported a problem regarding general support in APAC.,0.24
ZD-810807,2026-01-17T12:00:00,General Support,APAC,Issue with general support,Customer reported a problem regarding general support in APAC.,-0.47
ZD-373611,2026-01-17T21:00:00,Payment Failure,APAC,Issue with payment failure,Customer reported a problem regarding payment failure in APAC.,0.79
ZD-549229,2026-01-18T03:00:00,Refund Request,LATAM,Issue with refund request,Customer reported a problem regarding refund request in LATAM.,0.64
ZD-890762,2026-01-18T12:00:00,API Integration,EU,Issue with api integration,Customer reported a problem regarding api integration in EU.,0.6
ZD-592347,2026-01-18T16:00:00,Account Access,GLOBAL,Issue with account access,Customer reported a problem regarding account access in GLOBAL.,-0.05
ZD-463863,2026-01-19T06:00:00,Checkout Error,EU,Issue with checkout error,Customer reported a problem regarding checkout error in EU.,0.2
ZD-153444,2026-01-19T07:00:00,Performance Issue,GLOBAL,Issue with performance issue,Customer reported a problem regarding performance issue in GLOBAL.,0.72
ZD-965780,2026-01-19T13:00:00,API Integration,EMEA,Issue with api integration,Customer reported a problem regarding api integration in EMEA.,0.24
ZD-103802,2026-01-19T14:00:00,General Support,GLOBAL,Issue with general support,Customer reported a problem regarding general support in GLOBAL.,0.35
ZD-900485,2026-01-19T16:00:00,Payment Failure,EMEA,Issue with payment failure,Customer reported a problem regarding payment failure in EMEA.,0.3
ZD-421224,2026-01-19T18:00:00,Account Access,EMEA,Issue with account access,Customer reported a problem regarding account access in EMEA.,0.49
ZD-141897,2026-01-19T21:00:00,Payment Failure,LATAM,Issue with payment failure,Customer reported a problem regarding payment failure in LATAM.,-0.28
ZD-863133,2026-01-19T22:00:00,Refund Request,LATAM,Issue with refund request,Customer reported a problem regarding refund request in LATAM.,0.43
ZD-969170,2026-01-20T02:00:00,Refund Request,EMEA,Issue with refund request,Customer reported a problem regarding refund request in EMEA.,0.37
ZD-817525,2026-01-20T04:00:00,Checkout Error,EMEA,Issue with checkout error,Customer reported a problem regarding checkout error in EMEA.,-0.46
ZD-109832,2026-01-20T05:00:00,Account Access,EMEA,Issue with account access,Customer reported a problem regarding account access in EMEA.,0.03
ZD-606582,2026-01-20T05:00:00,Account Access,EMEA,Issue with account access,Customer reported a problem regarding account access in EMEA.,-0.47
ZD-192762,2026-01-20T09:00:00,Refund Request,EU,Issue with refund request,Customer reported a problem regarding refund request in EU.,0.34
ZD-588889,2026-01-20T09:00:00,Performance Issue,LATAM,Issue with performance issue,Customer reported a problem regarding performance issue in LATAM.,-0.39
ZD-119069,2026-01-20T15:00:00,API Integration,APAC,Issue with api integration,Customer reported a problem regarding api integration in APAC.,-0.0
ZD-557845,2026-01-20T17:00:00,Payment Failure,LATAM,Issue with payment failure,Customer reported a problem regarding payment failure in LATAM.,-0.2
ZD-877405,2026-01-20T18:00:00,Performance Issue,EMEA,Issue with performance issue,Customer reported a problem regarding performance issue in EMEA.,0.3
ZD-132635,2026-01-20T22:00:00,API Integration,LATAM,Issue with api integration,Customer reported a problem regarding api integration in LATAM.,0.66
ZD-449869,2026-01-21T07:00:00,Account Access,NA,Issue with account access,Customer reported a problem regarding account access in NA.,0.23
ZD-957009,2026-01-21T08:00:00,General Support,NA,Issue with general support,Customer reported a problem regarding general support in NA.,-0.1
ZD-987198,2026-01-22T02:00:00,Payment Failure,GLOBAL,Issue with payment failure,Customer reported a problem regarding payment failure in GLOBAL.,0.73
ZD-296447,2026-01-22T03:00:00,General Support,NA,Issue with general support,Customer reported a problem regarding general support in NA.,-0.17
ZD-236511,2026-01-22T03:00:00,Performance Issue,LATAM,Issue with performance issue,Customer reported a problem regarding performance issue in LATAM.,0.09
ZD-624124,2026-01-22T06:00:00,Account Access,APAC,Issue with account access,Customer reported a problem regarding account access in APAC.,0.51
ZD-265898,2026-01-22T08:00:00,General Support,NA,Issue with general support,Customer reported a problem regarding general support in NA.,0.65
ZD-803412,2026-01-22T09:00:00,Payment Failure,EU,Issue with payment failure,Customer reported a problem regarding payment failure in EU.,0.73
ZD-696649,2026-01-22T09:00:00,Account Access,EMEA,Issue with account access,Customer reported a problem regarding account access in EMEA.,-0.12
ZD-471625,2026-01-22T12:00:00,Performance Issue,LATAM,Issue with performance issue,Customer reported a problem regarding performance issue in LATAM.,0.56
ZD-401260,2026-01-22T21:00:00,Mobile App Bug,APAC,Issue with mobile app bug,Customer reported a problem regarding mobile app bug in APAC.,0.15
ZD-977858,2026-01-22T22:00:00,Billing Inquiry,NA,Issue with billing inquiry,Customer reported a problem regarding billing inquiry in NA.,0.04
ZD-718920,2026-01-23T00:00:00,Account Access,EU,Issue with account access,Customer reported a problem regarding account access in EU.,0.49
ZD-276303,2026-01-23T03:00:00,Refund Request,EMEA,Issue with refund request,Customer reported a problem regarding refund request in EMEA.,0.44
ZD-639901,2026-01-23T08:00:00,Account Access,EU,Issue with account access,Customer reported a problem regarding account access in EU.,-0.46
ZD-598451,2026-01-24T00:00:00,Performance Issue,APAC,Issue with performance issue,Customer reported a problem regarding performance issue in APAC.,0.6
ZD-127116,2026-01-24T15:00:00,Account Access,NA,Issue with account access,Customer reported a problem regarding account access in NA.,0.1
ZD-861638,2026-01-24T15:00:00,Refund Request,GLOBAL,Issue with refund request,Customer reported a problem regarding refund request in GLOBAL.,0.18
ZD-903767,2026-01-24T16:00:00,General Support,LATAM,Issue with general support,Customer reported a problem regarding general support in LATAM.,0.52
ZD-459539,2026-01-24T17:00:00,Payment Failure,NA,Issue with payment failure,Customer reported a problem regarding payment failure in NA.,-0.25
ZD-541136,2026-01-24T17:00:00,Payment Failure,APAC,Issue with payment failure,Customer reported a problem regarding payment failure in APAC.,-0.4
ZD-216731,2026-01-24T18:00:00,Performance Issue,EU,Issue with performance issue,Customer reported a problem regarding performance issue in EU.,0.17
ZD-713509,2026-01-24T22:00:00,Refund Request,LATAM,Issue with refund request,Customer reported a problem regarding refund request in LATAM.,0.55
ZD-704286,2026-01-24T22:00:00,General Support,LATAM,Issue with general support,Customer reported a problem regarding general support in LATAM.,0.3
ZD-852184,2026-01-25T01:00:00,Order Tracking,GLOBAL,Issue with order tracking,Customer reported a problem regarding order tracking in GLOBAL.,-0.23
ZD-939759,2026-01-25T07:00:00,Account Access,LATAM,Issue with account access,Customer reported a problem regarding account access in LATAM.,0.41
ZD-431639,2026-01-25T15:00:00,Mobile App Bug,NA,Issue with mobile app bug,Customer reported a problem regarding mobile app bug in NA.,0.1
ZD-910439,2026-01-25T20:00:00,Payment Failure,EU,Issue with payment failure,Customer reported a problem regarding payment failure in EU.,-0.16
ZD-450533,2026-01-26T13:00:00,Mobile App Bug,LATAM,Issue with mobile app bug,Customer reported a problem regarding mobile app bug in LATAM.,0.63
ZD-740605,2026-01-26T15:00:00,API Integration,EMEA,Issue with api integration,Customer reported a problem regarding api integration in EMEA.,-0.09
ZD-316640,2026-01-26T17:00:00,Billing Inquiry,APAC,Issue with billing inquiry,Customer reported a problem regarding billing inquiry in APAC.,0.09
ZD-468831,2026-01-26T21:00:00,Order Tracking,EU,Issue with order tracking,Customer reported a problem regarding order tracking in EU.,0.76
ZD-915368,2026-01-27T01:00:00,Checkout Error,GLOBAL,Issue with checkout error,Customer reported a problem regarding checkout error in GLOBAL.,0.06
ZD-975751,2026-01-27T11:00:00,Account Access,LATAM,Issue with account access,Customer reported a problem regarding account access in LATAM.,-0.39
ZD-168280,2026-01-27T14:00:00,Billing Inquiry,EMEA,Issue with billing inquiry,Customer reported a problem regarding billing inquiry in EMEA.,0.11
ZD-411829,2026-01-27T21:00:00,Order Tracking,NA,Issue with order tracking,Customer reported a problem regarding order tracking in NA.,0.29
ZD-308057,2026-01-27T22:00:00,Checkout Error,GLOBAL,Issue with checkout error,Customer reported a problem regarding checkout error in GLOBAL.,-0.03
ZD-665046,2026-01-28T01:00:00,Billing Inquiry,EMEA,Issue with billing inquiry,Customer reported a problem regarding billing inquiry in EMEA.,0.59
ZD-525570,2026-01-28T02:00:00,Performance Issue,EU,Issue with performance issue,Customer reported a problem regarding performance issue in EU.,0.71
ZD-587705,2026-01-28T07:00:00,Order Tracking,EU,Issue with order tracking,Customer reported a problem regarding order tracking in EU.,0.13
ZD-304364,2026-01-28T11:00:00,Performance Issue,GLOBAL,Issue with performance issue,Customer reported a problem regarding performance issue in GLOBAL.,0.51
ZD-420357,2026-01-28T14:00:00,Refund Request,APAC,Issue with refund request,Customer reported a problem regarding refund request in APAC.,0.32
ZD-175032,2026-01-28T16:00:00,Performance Issue,APAC,Issue with performance issue,Customer reported a problem regarding performance issue in APAC.,0.35
ZD-549143,2026-01-28T20:00:00,API Integration,APAC,Issue with api integration,Customer reported a problem regarding api integration in APAC.,0.21
ZD-727834,2026-01-28T23:00:00,Payment Failure,APAC,Issue with payment failure,Customer reported a problem regarding payment failure in APAC.,0.23
ZD-144458,2026-01-29T03:00:00,Payment Failure,GLOBAL,Issue with payment failure,Customer reported a problem regarding payment failure in GLOBAL.,0.44
ZD-507338,2026-01-29T07:00:00,General Support,APAC,Issue with general support,Customer reported a problem regarding general support in APAC.,0.54
ZD-112406,2026-01-29T11:00:00,Performance Issue,LATAM,Issue with performance issue,Customer reported a problem regarding performance issue in LATAM.,-0.38
ZD-895776,2026-01-29T13:00:00,Mobile App Bug,EMEA,Issue with mobile app bug,Customer reported a problem regarding mobile app bug in EMEA.,0.73
ZD-958397,2026-01-29T18:00:00,Refund Request,EU,Issue with refund request,Customer reported a problem regarding refund request in EU.,0.44
ZD-511716,2026-01-29T18:00:00,Order Tracking,LATAM,Issue with order tracking,Customer reported a problem regarding order tracking in LATAM.,0.48
ZD-352324,2026-01-29T22:00:00,General Support,GLOBAL,Issue with general support,Customer reported a problem regarding general support in GLOBAL.,0.63
ZD-943992,2026-01-30T01:00:00,Mobile App Bug,APAC,Issue with mobile app bug,Customer reported a problem regarding mobile app bug in APAC.,0.38
ZD-746165,2026-01-30T05:00:00,Checkout Error,NA,Issue with checkout error,Customer reported a problem regarding checkout error in NA.,-0.48
ZD-804699,2026-01-30T07:00:00,Refund Request,EMEA,Issue with refund request,Customer reported a problem regarding refund request in EMEA.,-0.27
ZD-515288,2026-01-30T11:00:00,Order Tracking,EU,Issue with order tracking,Customer reported a problem regarding order tracking in EU.,0.29
ZD-938443,2026-01-30T11:00:00,Mobile App Bug,EU,Issue with mobile app bug,Customer reported a problem regarding mobile app bug in EU.,0.39
ZD-338847,2026-01-30T15:00:00,Account Access,APAC,Issue with account access,Customer reported a problem regarding account access in APAC.,0.06
ZD-152811,2026-01-30T17:00:00,Order Tracking,EMEA,Issue with order tracking,Customer reported a problem regarding order tracking in EMEA.,0.37
ZD-205435,2026-01-30T22:00:00,API Integration,EU,Issue with api integration,Customer reported a problem regarding api integration in EU.,0.44
ZD-812829,2026-01-30T22:00:00,Billing Inquiry,NA,Issue with billing inquiry,Customer reported a problem regarding billing inquiry in NA.,-0.35
ZD-213636,2026-01-30T23:00:00,Payment Failure,APAC,Issue with payment failure,Customer reported a problem regarding payment failure in APAC.,0.63
ZD-355428,2026-01-31T01:00:00,Mobile App Bug,EU,Issue with mobile app bug,Customer reported a problem regarding mobile app bug in EU.,-0.07
ZD-420039,2026-01-31T02:00:00,Checkout Error,EMEA,Issue with checkout error,Customer reported a problem regarding checkout error in EMEA.,0.63
ZD-716575,2026-01-31T05:00:00,General Support,EU,Issue with general support,Customer reported a problem regarding general support in EU.,0.06
ZD-325933,2026-02-01T03:00:00,General Support,EU,Issue with general support,Customer reported a problem regarding general support in EU.,-0.09
ZD-288353,2026-02-01T03:00:00,Checkout Error,EMEA,Issue with checkout error,Customer reported a problem regarding checkout error in EMEA.,0.34
ZD-172679,2026-02-01T12:00:00,Mobile App Bug,EMEA,Issue with mobile app bug,Customer reported a problem regarding mobile app bug in EMEA.,-0.27
ZD-777545,2026-02-01T15:00:00,Performance Issue,EU,Issue with performance issue,Customer reported a problem regarding performance issue in EU.,-0.25
ZD-915885,2026-02-01T19:00:00,Account Access,APAC,Issue with account access,Customer reported a problem regarding account access in APAC.,0.59
ZD-468028,2026-02-01T21:00:00,Billing Inquiry,NA,Issue with billing inquiry,Customer reported a problem regarding billing inquiry in NA.,-0.08
ZD-950128,2026-02-01T23:00:00,Checkout Error,EU,Issue with checkout error,Customer reported a problem regarding checkout error in EU.,0.14
ZD-367448,2026-02-02T00:00:00,Mobile App Bug,NA,Issue with mobile app bug,Customer reported a problem regarding mobile app bug in NA.,0.72
ZD-161009,2026-02-02T01:00:00,Order Tracking,LATAM,Issue with order tracking,Customer reported a problem regarding order tracking in LATAM.,0.51
ZD-445172,2026-02-02T01:00:00,General Support,GLOBAL,Issue with general support,Customer reported a problem regarding general support in GLOBAL.,0.46
ZD-880891,2026-02-02T06:00:00,Order Tracking,NA,Issue with order tracking,Customer reported a problem regarding order tracking in NA.,0.15
ZD-356708,2026-02-02T07:00:00,Checkout Error,GLOBAL,Issue with checkout error,Customer reported a problem regarding checkout error in GLOBAL.,0.58
ZD-131743,2026-02-03T14:00:00,Order Tracking,APAC,Issue with order tracking,Customer reported a problem regarding order tracking in APAC.,0.21
ZD-830718,2026-02-03T15:00:00,Order Tracking,GLOBAL,Issue with order tracking,Customer reported a problem regarding order tracking in GLOBAL.,0.58
ZD-806407,2026-02-03T18:00:00,Checkout Error,NA,Issue with checkout error,Customer reported a problem regarding checkout error in NA.,-0.21
ZD-569048,2026-02-04T01:00:00,Mobile App Bug,NA,Issue with mobile app bug,Customer reported a problem regarding mobile app bug in NA.,-0.17
ZD-953320,2026-02-04T02:00:00,Mobile App Bug,LATAM,Issue with mobile app bug,Customer reported a problem regarding mobile app bug in LATAM.,-0.15
ZD-179948,2026-02-04T03:00:00,API Integration,APAC,Issue with api integration,Customer reported a problem regarding api integration in APAC.,0.61
ZD-796242,2026-02-04T05:00:00,Account Access,GLOBAL,Issue with account access,Customer reported a problem regarding account access in GLOBAL.,-0.22
ZD-444467,2026-02-05T03:00:00,Checkout Error,APAC,Issue with checkout error,Customer reported a problem regarding checkout error in APAC.,0.14
ZD-251798,2026-02-05T12:00:00,API Integration,LATAM,Issue with api integration,Customer reported a problem regarding api integration in LATAM.,0.63
ZD-772479,2026-02-05T14:00:00,Payment Failure,APAC,Issue with payment failure,Customer reported a problem regarding payment failure in APAC.,-0.25
ZD-185908,2026-02-05T16:00:00,Mobile App Bug,APAC,Issue with mobile app bug,Customer reported a problem regarding mobile app bug in APAC.,-0.02
ZD-773563,2026-02-05T17:00:00,Account Access,LATAM,Issue with account access,Customer reported a problem regarding account access in LATAM.,0.13
ZD-908153,2026-02-05T17:00:00,Checkout Error,EMEA,Issue with checkout error,Customer reported a problem regarding checkout error in EMEA.,-0.2
ZD-753024,2026-02-05T20:00:00,Payment Failure,EU,Issue with payment failure,Customer reported a problem regarding payment failure in EU.,-0.31
ZD-126242,2026-02-05T22:00:00,Refund Request,APAC,Issue with refund request,Customer reported a problem regarding refund request in APAC.,0.27
ZD-652996,2026-02-06T02:00:00,Performance Issue,EMEA,Issue with performance issue,Customer reported a problem regarding performance issue in EMEA.,-0.26
ZD-328623,2026-02-06T04:00:00,Refund Request,EU,Issue with refund request,Customer reported a problem regarding refund request in EU.,0.23
ZD-884788,2026-02-06T06:00:00,General Support,GLOBAL,Issue with general support,Customer reported a problem regarding general support in GLOBAL.,-0.34
ZD-394007,2026-02-06T06:00:00,Account Access,NA,Issue with account access,Customer reported a problem regarding account access in NA.,0.11
ZD-199606,2026-02-06T13:00:00,General Support,LATAM,Issue with general support,Customer reported a problem regarding general support in LATAM.,0.56
ZD-744381,2026-02-06T13:00:00,Payment Failure,NA,Issue with payment failure,Customer reported a problem regarding payment failure in NA.,-0.26
ZD-988418,2026-02-06T13:00:00,Billing Inquiry,APAC,Issue with billing inquiry,Customer reported a problem regarding billing inquiry in APAC.,0.33
ZD-816825,2026-02-06T19:00:00,Performance Issue,LATAM,Issue with performance issue,Customer reported a problem regarding performance issue in LATAM.,0.46
ZD-611468,2026-02-07T01:00:00,API Integration,APAC,Issue with api integration,Customer reported a problem regarding api integration in APAC.,0.79
ZD-576803,2026-02-07T04:00:00,Billing Inquiry,GLOBAL,Issue with billing inquiry,Customer reported a problem regarding billing inquiry in GLOBAL.,0.72
ZD-565249,2026-02-07T07:00:00,Performance Issue,EMEA,Issue with performance issue,Customer reported a problem regarding performance issue in EMEA.,0.64
ZD-704070,2026-02-07T10:00:00,Payment Failure,EMEA,Issue with payment failure,Customer reported a problem regarding payment failure in EMEA.,0.06
ZD-853678,2026-02-07T10:00:00,Account Access,EMEA,Issue with account access,Customer reported a problem regarding account access in EMEA.,-0.08
ZD-785600,2026-02-07T12:00:00,Payment Failure,APAC,Issue with payment failure,Customer reported a problem regarding payment failure in APAC.,-0.34
ZD-119356,2026-02-07T15:00:00,Performance Issue,EU,Issue with performance issue,Customer reported a problem regarding performance issue in EU.,0.03
ZD-873277,2026-02-07T19:00:00,Account Access,GLOBAL,Issue with account access,Customer reported a problem regarding account access in GLOBAL.,0.73
ZD-201905,2026-02-07T23:00:00,Billing Inquiry,NA,Issue with billing inquiry,Customer reported a problem regarding billing inquiry in NA.,-0.29
ZD-320792,2026-02-08T05:00:00,API Integration,NA,Issue with api integration,Customer reported a problem regarding api integration in NA.,0.64
ZD-791521,2026-02-08T12:00:00,Performance Issue,LATAM,Issue with performance issue,Customer reported a problem regarding performance issue in LATAM.,0.33
ZD-549643,2026-02-09T04:00:00,API Integration,LATAM,Issue with api integration,Customer reported a problem regarding api integration in LATAM.,-0.32
ZD-331638,2026-02-09T07:00:00,API Integration,EU,Issue with api integration,Customer reported a problem regarding api integration in EU.,0.71
ZD-648718,2026-02-09T08:00:00,General Support,EMEA,Issue with general support,Customer reported a problem regarding general support in EMEA.,-0.06
ZD-957498,2026-02-09T17:00:00,Performance Issue,APAC,Issue with performance issue,Customer reported a problem regarding performance issue in APAC.,0.06
ZD-637332,2026-02-09T17:00:00,API Integration,EMEA,Issue with api integration,Customer reported a problem regarding api integration in EMEA.,0.46
ZD-924436,2026-02-09T22:00:00,Refund Request,EMEA,Issue with refund request,Customer reported a problem regarding refund request in EMEA.,0.6
ZD-177912,2026-02-10T05:00:00,Order Tracking,EU,Issue with order tracking,Customer reported a problem regarding order tracking in EU.,-0.01
ZD-496663,2026-02-10T12:00:00,Order Tracking,APAC,Issue with order tracking,Customer reported a problem regarding order tracking in APAC.,0.4
ZD-117622,2026-02-10T16:00:00,General Support,APAC,Issue with general support,Customer reported a problem regarding general support in APAC.,0.1
ZD-696232,2026-02-10T16:00:00,Refund Request,EMEA,Issue with refund request,Customer reported a problem regarding refund request in EMEA.,0.22
ZD-405642,2026-02-10T19:00:00,Account Access,EMEA,Issue with account access,Customer reported a problem regarding account access in EMEA.,0.12
ZD-555103,2026-02-11T12:00:00,Refund Request,APAC,Issue with refund request,Customer reported a problem regarding refund request in APAC.,0.62
ZD-234873,2026-02-11T23:00:00,Order Tracking,GLOBAL,Issue with order tracking,Customer reported a problem regarding order tracking in GLOBAL.,0.15
ZD-647449,2026-02-12T00:00:00,Order Tracking,NA,Issue with order tracking,Customer reported a problem regarding order tracking in NA.,-0.22
ZD-671291,2026-02-12T05:00:00,General Support,GLOBAL,Issue with general support,Customer reported a problem regarding general support in GLOBAL.,0.13
ZD-194317,2026-02-12T06:00:00,API Integration,GLOBAL,Issue with api integration,Customer reported a problem regarding api integration in GLOBAL.,0.55
ZD-656488,2026-02-12T07:00:00,General Support,GLOBAL,Issue with general support,Customer reported a problem regarding general support in GLOBAL.,0.67
ZD-972298,2026-02-12T11:00:00,Order Tracking,LATAM,Issue with order tracking,Customer reported a problem regarding order tracking in LATAM.,0.43
ZD-600856,2026-02-12T11:00:00,Billing Inquiry,APAC,Issue with billing inquiry,Customer reported a problem regarding billing inquiry in APAC.,-0.05
ZD-566268,2026-02-12T12:00:00,Refund Request,NA,Issue with refund request,Customer reported a problem regarding refund request in NA.,0.25
ZD-109029,2026-02-12T17:00:00,Billing Inquiry,EMEA,Issue with billing inquiry,Customer reported a problem regarding billing inquiry in EMEA.,0.68
ZD-678119,2026-02-12T19:00:00,Refund Request,GLOBAL,Issue with refund request,Customer reported a problem regarding refund request in GLOBAL.,-0.47
ZD-246935,2026-02-12T20:00:00,Mobile App Bug,GLOBAL,Issue with mobile app bug,Customer reported a problem regarding mobile app bug in GLOBAL.,-0.01
ZD-224373,2026-02-13T12:00:00,Order Tracking,EU,Issue with order tracking,Customer reported a problem regarding order tracking in EU.,0.55
ZD-158298,2026-02-13T19:00:00,Checkout Error,LATAM,Issue with checkout error,Customer reported a problem regarding checkout error in LATAM.,0.01
ZD-735168,2026-02-14T02:00:00,Checkout Error,EMEA,Issue with checkout error,Customer reported a problem regarding checkout error in EMEA.,0.73
ZD-171697,2026-02-14T11:00:00,Payment Failure,APAC,Issue with payment failure,Customer reported a problem regarding payment failure in APAC.,0.52
ZD-917761,2026-02-14T15:00:00,General Support,GLOBAL,Issue with general support,Customer reported a problem regarding general support in GLOBAL.,0.0
ZD-143131,2026-02-14T23:00:00,Account Access,EMEA,Issue with account access,Customer reported a problem regarding account access in EMEA.,0.03
ZD-583913,2026-02-15T06:00:00,Billing Inquiry,GLOBAL,Issue with billing inquiry,Customer reported a problem regarding billing inquiry in GLOBAL.,0.41
ZD-732979,2026-02-15T06:00:00,Refund Request,EU,Issue with refund request,Customer reported a problem regarding refund request in EU.,-0.17
ZD-258648,2026-02-16T01:00:00,Order Tracking,GLOBAL,Issue with order tracking,Customer reported a problem regarding order tracking in GLOBAL.,0.3
ZD-262342,2026-02-16T02:00:00,Checkout Error,GLOBAL,Issue with checkout error,Customer reported a problem regarding checkout error in GLOBAL.,-0.49
ZD-108688,2026-02-16T02:00:00,Order Tracking,EU,Issue with order tracking,Customer reported a problem regarding order tracking in EU.,-0.46
ZD-444366,2026-02-16T08:00:00,Checkout Error,APAC,Issue with checkout error,Customer reported a problem regarding checkout error in APAC.,0.2
ZD-106505,2026-02-16T21:00:00,Checkout Error,APAC,Issue with checkout error,Customer reported a problem regarding checkout error in APAC.,0.25
ZD-603245,2026-02-16T22:00:00,Order Tracking,NA,Issue with order tracking,Customer reported a problem regarding order tracking in NA.,-0.41
ZD-555509,2026-02-16T23:00:00,Checkout Error,APAC,Issue with checkout error,Customer reported a problem regarding checkout error in APAC.,-0.44
ZD-240646,2026-02-17T02:00:00,Refund Request,EU,Issue with refund request,Customer reported a problem regarding refund request in EU.,0.52
ZD-243154,2026-02-17T08:00:00,Account Access,EU,Issue with account access,Customer reported a problem regarding account access in EU.,-0.41
ZD-268060,2026-02-17T11:00:00,General Support,EMEA,Issue with general support,Customer reported a problem regarding general support in EMEA.,0.14
ZD-688762,2026-02-18T03:00:00,API Integration,EMEA,Issue with api integration,Customer reported a problem regarding api integration in EMEA.,0.5
ZD-851979,2026-02-18T03:00:00,Refund Request,GLOBAL,Issue with refund request,Customer reported a problem regarding refund request in GLOBAL.,0.56
ZD-139930,2026-02-18T11:00:00,Refund Request,EU,Issue with refund request,Customer reported a problem regarding refund request in EU.,0.68
ZD-441545,2026-02-18T17:00:00,Performance Issue,APAC,Issue with performance issue,Customer reported a problem regarding performance issue in APAC.,0.21
ZD-970995,2026-02-19T02:00:00,Checkout Error,LATAM,Issue with checkout error,Customer reported a problem regarding checkout error in LATAM.,0.71
ZD-386651,2026-02-19T05:00:00,Billing Inquiry,NA,Issue with billing inquiry,Customer reported a problem regarding billing inquiry in NA.,0.56
ZD-273002,2026-02-19T06:00:00,Checkout Error,APAC,Issue with checkout error,Customer reported a problem regarding checkout error in APAC.,0.54
ZD-795884,2026-02-19T11:00:00,Mobile App Bug,NA,Issue with mobile app bug,Customer reported a problem regarding mobile app bug in NA.,-0.36
ZD-391871,2026-02-19T13:00:00,Checkout Error,NA,Issue with checkout error,Customer reported a problem regarding checkout error in NA.,-0.44
ZD-612968,2026-02-19T17:00:00,API Integration,EMEA,Issue with api integration,Customer reported a problem regarding api integration in EMEA.,0.67
ZD-579451,2026-02-19T22:00:00,Account Access,NA,Issue with account access,Customer reported a problem regarding account access in NA.,0.05
ZD-201391,2026-02-20T08:00:00,Refund Request,EMEA,Issue with refund request,Customer reported a problem regarding refund request in EMEA.,-0.22
ZD-183667,2026-02-20T09:00:00,Mobile App Bug,APAC,Issue with mobile app bug,Customer reported a problem regarding mobile app bug in APAC.,-0.32
ZD-561929,2026-02-20T09:00:00,Order Tracking,EMEA,Issue with order tracking,Customer reported a problem regarding order tracking in EMEA.,-0.23
ZD-310766,2026-02-20T12:00:00,Performance Issue,EU,Issue with performance issue,Customer reported a problem regarding performance issue in EU.,0.42
ZD-639786,2026-02-20T13:00:00,Billing Inquiry,APAC,Issue with billing inquiry,Customer reported a problem regarding billing inquiry in APAC.,-0.29
ZD-916476,2026-02-21T01:00:00,Performance Issue,APAC,Issue with performance issue,Customer reported a problem regarding performance issue in APAC.,0.11
ZD-531531,2026-02-21T03:00:00,Refund Request,LATAM,Issue with refund request,Customer reported a problem regarding refund request in LATAM.,-0.08
ZD-697721,2026-02-21T20:00:00,Order Tracking,EU,Issue with order tracking,Customer reported a problem regarding order tracking in EU.,0.28
ZD-474906,2026-02-21T22:00:00,Payment Failure,GLOBAL,Issue with payment failure,Customer reported a problem regarding payment failure in GLOBAL.,0.43
ZD-513982,2026-02-21T22:00:00,Payment Failure,NA,Issue with payment failure,Customer reported a problem regarding payment failure in NA.,0.67
ZD-651043,2026-02-22T03:00:00,Refund Request,LATAM,Issue with refund request,Customer reported a problem regarding refund request in LATAM.,0.27
ZD-640571,2026-02-22T06:00:00,Payment Failure,NA,Issue with payment failure,Customer reported a problem regarding payment failure in NA.,0.27
ZD-472873,2026-02-22T07:00:00,Billing Inquiry,APAC,Issue with billing inquiry,Customer reported a problem regarding billing inquiry in APAC.,-0.0
ZD-173975,2026-02-22T08:00:00,General Support,LATAM,Issue with general support,Customer reported a problem regarding general support in LATAM.,0.46
ZD-792201,2026-02-22T08:00:00,Checkout Error,NA,Issue with checkout error,Customer reported a problem regarding checkout error in NA.,-0.27
ZD-801668,2026-02-22T09:00:00,General Support,APAC,Issue with general support,Customer reported a problem regarding general support in APAC.,-0.01
ZD-436332,2026-02-22T13:00:00,Performance Issue,APAC,Issue with performance issue,Customer reported a problem regarding performance issue in APAC.,0.46
ZD-542977,2026-02-22T14:00:00,Account Access,APAC,Issue with account access,Customer reported a problem regarding account access in APAC.,-0.2
ZD-203485,2026-02-22T15:00:00,Checkout Error,EMEA,Issue with checkout error,Customer reported a problem regarding checkout error in EMEA.,0.35
ZD-636966,2026-02-23T01:00:00,Checkout Error,APAC,Issue with checkout error,Customer reported a problem regarding checkout error in APAC.,0.77
ZD-611977,2026-02-23T03:00:00,Performance Issue,GLOBAL,Issue with performance issue,Customer reported a problem regarding performance issue in GLOBAL.,0.65
ZD-837944,2026-02-23T20:00:00,Order Tracking,APAC,Issue with order tracking,Customer reported a problem regarding order tracking in APAC.,0.71
ZD-615813,2026-02-23T23:00:00,Order Tracking,APAC,Issue with order tracking,Customer reported a problem regarding order tracking in APAC.,0.64
ZD-930217,2026-02-24T01:00:00,Payment Failure,LATAM,Issue with payment failure,Customer reported a problem regarding payment failure in LATAM.,-0.25
ZD-132156,2026-02-24T01:00:00,Performance Issue,APAC,Issue with performance issue,Customer reported a problem regarding performance issue in APAC.,0.69
ZD-200745,2026-02-24T04:00:00,Checkout Error,EMEA,Issue with checkout error,Customer reported a problem regarding checkout error in EMEA.,0.37
ZD-632697,2026-02-24T05:00:00,Payment Failure,LATAM,Issue with payment failure,Customer reported a problem regarding payment failure in LATAM.,0.29
ZD-119151,2026-02-24T08:00:00,Billing Inquiry,LATAM,Issue with billing inquiry,Customer reported a problem regarding billing inquiry in LATAM.,-0.48
ZD-740094,2026-02-24T09:00:00,Account Access,EMEA,Issue with account access,Customer reported a problem regarding account access in EMEA.,0.41
ZD-202120,2026-02-24T11:00:00,Billing Inquiry,LATAM,Issue with billing inquiry,Customer reported a problem regarding billing inquiry in LATAM.,0.39
ZD-844996,2026-02-25T05:00:00,API Integration,EU,Issue with api integration,Customer reported a problem regarding api integration in EU.,0.69
ZD-859959,2026-02-25T06:00:00,Payment Failure,EU,Issue with payment failure,Customer reported a problem regarding payment failure in EU.,0.18
ZD-696124,2026-02-25T06:00:00,Account Access,EMEA,Issue with account access,Customer reported a problem regarding account access in EMEA.,-0.12
ZD-541766,2026-02-25T09:00:00,Mobile App Bug,NA,Issue with mobile app bug,Customer reported a problem regarding mobile app bug in NA.,-0.16
ZD-249416,2026-02-25T09:00:00,API Integration,LATAM,Issue with api integration,Customer reported a problem regarding api integration in LATAM.,0.59
ZD-893742,2026-02-25T11:00:00,Refund Request,EU,Issue with refund request,Customer reported a problem regarding refund request in EU.,0.5
ZD-784222,2026-02-25T14:00:00,Checkout Error,APAC,Issue with checkout error,Customer reported a problem regarding checkout error in APAC.,0.13
ZD-819321,2026-02-25T16:00:00,Checkout Error,APAC,Issue with checkout error,Customer reported a problem regarding checkout error in APAC.,-0.31
ZD-590300,2026-02-25T20:00:00,Account Access,LATAM,Issue with account access,Customer reported a problem regarding account access in LATAM.,-0.0
ZD-997624,2026-02-25T22:00:00,Account Access,EMEA,Issue with account access,Customer reported a problem regarding account access in EMEA.,-0.26
ZD-373529,2026-02-26T16:00:00,Account Access,APAC,Issue with account access,Customer reported a problem regarding account access in APAC.,0.46
ZD-660086,2026-02-26T17:00:00,Mobile App Bug,NA,Issue with mobile app bug,Customer reported a problem regarding mobile app bug in NA.,0.19
ZD-978987,2026-02-26T22:00:00,Mobile App Bug,EU,Issue with mobile app bug,Customer reported a problem regarding mobile app bug in EU.,-0.32
ZD-570530,2026-02-27T02:00:00,Mobile App Bug,GLOBAL,Issue with mobile app bug,Customer reported a problem regarding mobile app bug in GLOBAL.,-0.13
ZD-229386,2026-02-27T06:00:00,Payment Failure,APAC,Issue with payment failure,Customer reported a problem regarding payment failure in APAC.,0.04
ZD-606489,2026-02-27T19:00:00,Mobile App Bug,EMEA,Issue with mobile app bug,Customer reported a problem regarding mobile app bug in EMEA.,0.7
ZD-263144,2026-02-28T00:00:00,Order Tracking,APAC,Issue with order tracking,Customer reported a problem regarding order tracking in APAC.,-0.3
ZD-946601,2026-02-28T01:00:00,Refund Request,APAC,Issue with refund request,Customer reported a problem regarding refund request in APAC.,-0.25
ZD-708189,2026-02-28T03:00:00,Payment Failure,GLOBAL,Issue with payment failure,Customer reported a problem regarding payment failure in GLOBAL.,0.39
ZD-776328,2026-02-28T04:00:00,Billing Inquiry,NA,Issue with billing inquiry,Customer reported a problem regarding billing inquiry in NA.,-0.42
ZD-497335,2026-02-28T06:00:00,API Integration,EMEA,Issue with api integration,Customer reported a problem regarding api integration in EMEA.,-0.45
ZD-294966,2026-02-28T08:00:00,Checkout Error,APAC,Issue with checkout error,Customer reported a problem regarding checkout error in APAC.,0.35
ZD-294092,2026-02-28T16:00:00,Performance Issue,NA,Issue with performance issue,Customer reported a problem regarding performance issue in NA.,-0.09
ZD-530045,2026-02-28T17:00:00,Mobile App Bug,GLOBAL,Issue with mobile app bug,Customer reported a problem regarding mobile app bug in GLOBAL.,-0.26
ZD-615122,2026-02-28T17:00:00,General Support,NA,Issue with general support,Customer reported a problem regarding general support in NA.,0.41
ZD-351229,2026-03-01T05:00:00,Billing Inquiry,APAC,Issue with billing inquiry,Customer reported a problem regarding billing inquiry in APAC.,0.29
ZD-534528,2026-03-01T05:00:00,API Integration,EU,Issue with api integration,Customer reported a problem regarding api integration in EU.,0.68
ZD-963577,2026-03-01T07:00:00,Performance Issue,NA,Issue with performance issue,Customer reported a problem regarding performance issue in NA.,0.28
ZD-684712,2026-03-01T08:00:00,Mobile App Bug,GLOBAL,Issue with mobile app bug,Customer reported a problem regarding mobile app bug in GLOBAL.,0.21
ZD-479311,2026-03-02T06:00:00,Checkout Error,EU,Issue with checkout error,Customer reported a problem regarding checkout error in EU.,-0.17
ZD-872149,2026-03-02T12:00:00,Account Access,NA,Issue with account access,Customer reported a problem regarding account access in NA.,0.64
ZD-950734,2026-03-02T13:00:00,General Support,GLOBAL,Issue with general support,Customer reported a problem regarding general support in GLOBAL.,0.75
ZD-720279,2026-03-02T15:00:00,Checkout Error,APAC,Issue with checkout error,Customer reported a problem regarding checkout error in APAC.,-0.06
ZD-991003,2026-03-02T16:00:00,Refund Request,NA,Issue with refund request,Customer reported a problem regarding refund request in NA.,-0.0
ZD-188211,2026-03-03T00:00:00,Checkout Error,LATAM,Issue with checkout error,Customer reported a problem regarding checkout error in LATAM.,-0.29
ZD-831002,2026-03-03T03:00:00,Mobile App Bug,EU,Issue with mobile app bug,Customer reported a problem regarding mobile app bug in EU.,0.7
ZD-245044,2026-03-03T09:00:00,Checkout Error,GLOBAL,Issue with checkout error,Customer reported a problem regarding checkout error in GLOBAL.,-0.48
ZD-441719,2026-03-03T10:00:00,Order Tracking,APAC,Issue with order tracking,Customer reported a problem regarding order tracking in APAC.,0.71
ZD-571250,2026-03-03T13:00:00,Performance Issue,NA,Issue with performance issue,Customer reported a problem regarding performance issue in NA.,-0.46
ZD-823882,2026-03-03T15:00:00,Checkout Error,APAC,Issue with checkout error,Customer reported a problem regarding checkout error in APAC.,0.67
ZD-629117,2026-03-03T18:00:00,Order Tracking,LATAM,Issue with order tracking,Customer reported a problem regarding order tracking in LATAM.,0.8
ZD-674636,2026-03-04T02:00:00,Checkout Error,NA,Issue with checkout error,Customer reported a problem regarding checkout error in NA.,0.12
ZD-235098,2026-03-04T03:00:00,General Support,GLOBAL,Issue with general support,Customer reported a problem regarding general support in GLOBAL.,0.47
ZD-255604,2026-03-04T06:00:00,General Support,LATAM,Issue with general support,Customer reported a problem regarding general support in LATAM.,0.03
ZD-197944,2026-03-04T12:00:00,Billing Inquiry,NA,Issue with billing inquiry,Customer reported a problem regarding billing inquiry in NA.,0.14
ZD-303514,2026-03-04T12:00:00,Mobile App Bug,APAC,Issue with mobile app bug,Customer reported a problem regarding mobile app bug in APAC.,0.52
ZD-316812,2026-03-04T15:00:00,Payment Failure,NA,Issue with payment failure,Customer reported a problem regarding payment failure in NA.,0.26
ZD-516250,2026-03-04T18:00:00,General Support,LATAM,Issue with general support,Customer reported a problem regarding general support in LATAM.,0.62
ZD-195925,2026-03-04T18:00:00,Refund Request,GLOBAL,Issue with refund request,Customer reported a problem regarding refund request in GLOBAL.,-0.19
ZD-430894,2026-03-05T06:00:00,Account Access,APAC,Issue with account access,Customer reported a problem regarding account access in APAC.,0.25
ZD-591673,2026-03-05T09:00:00,General Support,EU,Issue with general support,Customer reported a problem regarding general support in EU.,0.4
ZD-168007,2026-03-05T09:00:00,Checkout Error,APAC,Issue with checkout error,Customer reported a problem regarding checkout error in APAC.,0.62
ZD-273188,2026-03-05T12:00:00,Billing Inquiry,APAC,Issue with billing inquiry,Customer reported a problem regarding billing inquiry in APAC.,-0.48
ZD-622603,2026-03-05T17:00:00,API Integration,EU,Issue with api integration,Customer reported a problem regarding api integration in EU.,-0.24
ZD-835458,2026-03-05T18:00:00,Account Access,GLOBAL,Issue with account access,Customer reported a problem regarding account access in GLOBAL.,-0.39
ZD-737848,2026-03-05T22:00:00,General Support,EU,Issue with general support,Customer reported a problem regarding general support in EU.,0.13
ZD-913351,2026-03-06T06:00:00,General Support,APAC,Issue with general support,Customer reported a problem regarding general support in APAC.,0.26
ZD-814312,2026-03-06T16:00:00,General Support,EU,Issue with general support,Customer reported a problem regarding general support in EU.,0.72
ZD-302098,2026-03-07T01:00:00,Payment Failure,APAC,Issue with payment failure,Customer reported a problem regarding payment failure in APAC.,0.01
ZD-954700,2026-03-07T02:00:00,Mobile App Bug,NA,Issue with mobile app bug,Customer reported a problem regarding mobile app bug in NA.,0.55
ZD-960741,2026-03-07T05:00:00,API Integration,EU,Issue with api integration,Customer reported a problem regarding api integration in EU.,-0.14
ZD-294160,2026-03-07T08:00:00,Account Access,NA,Issue with account access,Customer reported a problem regarding account access in NA.,-0.46
ZD-214338,2026-03-07T09:00:00,Payment Failure,NA,Issue with payment failure,Customer reported a problem regarding payment failure in NA.,0.74
ZD-763822,2026-03-07T10:00:00,Payment Failure,NA,Issue with payment failure,Customer reported a problem regarding payment failure in NA.,0.47
ZD-191668,2026-03-07T10:00:00,Billing Inquiry,NA,Issue with billing inquiry,Customer reported a problem regarding billing inquiry in NA.,0.1
ZD-542822,2026-03-07T15:00:00,API Integration,NA,Issue with api integration,Customer reported a problem regarding api integration in NA.,0.74
ZD-676446,2026-03-07T17:00:00,Mobile App Bug,EMEA,Issue with mobile app bug,Customer reported a problem regarding mobile app bug in EMEA.,0.79
ZD-884773,2026-03-07T18:00:00,General Support,APAC,Issue with general support,Customer reported a problem regarding general support in APAC.,0.35
ZD-648246,2026-03-08T00:00:00,Performance Issue,GLOBAL,Issue with performance issue,Customer reported a problem regarding performance issue in GLOBAL.,0.15
ZD-985301,2026-03-08T06:00:00,Mobile App Bug,APAC,Issue with mobile app bug,Customer reported a problem regarding mobile app bug in APAC.,-0.3
ZD-142596,2026-03-08T07:00:00,API Integration,NA,Issue with api integration,Customer reported a problem regarding api integration in NA.,0.68
ZD-687441,2026-03-08T12:00:00,Checkout Error,GLOBAL,Issue with checkout error,Customer reported a problem regarding checkout error in GLOBAL.,-0.42
ZD-844598,2026-03-08T17:00:00,Payment Failure,EU,Issue with payment failure,Customer reported a problem regarding payment failure in EU.,0.0
ZD-829850,2026-03-08T23:00:00,Performance Issue,NA,Issue with performance issue,Customer reported a problem regarding performance issue in NA.,0.05
ZD-191749,2026-03-09T00:00:00,Order Tracking,GLOBAL,Issue with order tracking,Customer reported a problem regarding order tracking in GLOBAL.,0.31
ZD-914490,2026-03-09T14:00:00,Order Tracking,NA,Issue with order tracking,Customer reported a problem regarding order tracking in NA.,0.54
ZD-240712,2026-03-09T19:00:00,Mobile App Bug,GLOBAL,Issue with mobile app bug,Customer reported a problem regarding mobile app bug in GLOBAL.,-0.48
ZD-642719,2026-03-09T21:00:00,Billing Inquiry,LATAM,Issue with billing inquiry,Customer reported a problem regarding billing inquiry in LATAM.,0.53
ZD-114027,2026-03-10T01:00:00,Order Tracking,EMEA,Issue with order tracking,Customer reported a problem regarding order tracking in EMEA.,0.01
ZD-248030,2026-03-10T05:00:00,Order Tracking,EU,Issue with order tracking,Customer reported a problem regarding order tracking in EU.,-0.19
ZD-885721,2026-03-10T06:00:00,Order Tracking,EU,Issue with order tracking,Customer reported a problem regarding order tracking in EU.,0.05
ZD-459207,2026-03-10T07:00:00,Refund Request,NA,Issue with refund request,Customer reported a problem regarding refund request in NA.,0.35
ZD-922973,2026-03-10T11:00:00,Order Tracking,EMEA,Issue with order tracking,Customer reported a problem regarding order tracking in EMEA.,0.01
ZD-316621,2026-03-10T19:00:00,Billing Inquiry,GLOBAL,Issue with billing inquiry,Customer reported a problem regarding billing inquiry in GLOBAL.,0.17
ZD-103270,2026-03-10T20:00:00,Account Access,EMEA,Issue with account access,Customer reported a problem regarding account access in EMEA.,-0.25
ZD-623486,2026-03-10T22:00:00,Performance Issue,GLOBAL,Issue with performance issue,Customer reported a problem regarding performance issue in GLOBAL.,0.07
ZD-421205,2026-03-11T01:00:00,Account Access,EMEA,Issue with account access,Customer reported a problem regarding account access in EMEA.,-0.39
ZD-466502,2026-03-11T15:00:00,Refund Request,EMEA,Issue with refund request,Customer reported a problem regarding refund request in EMEA.,0.69
ZD-219843,2026-03-12T08:00:00,API Integration,NA,Issue with api integration,Customer reported a problem regarding api integration in NA.,0.3
ZD-408121,2026-03-12T11:00:00,Order Tracking,APAC,Issue with order tracking,Customer reported a problem regarding order tracking in APAC.,0.78
ZD-195539,2026-03-12T11:00:00,General Support,APAC,Issue with general support,Customer reported a problem regarding general support in APAC.,0.78
ZD-476478,2026-03-12T12:00:00,Order Tracking,LATAM,Issue with order tracking,Customer reported a problem regarding order tracking in LATAM.,0.55
ZD-363376,2026-03-12T15:00:00,Billing Inquiry,NA,Issue with billing inquiry,Customer reported a problem regarding billing inquiry in NA.,0.0
ZD-630414,2026-03-12T21:00:00,Account Access,EMEA,Issue with account access,Customer reported a problem regarding account access in EMEA.,-0.27
ZD-165522,2026-03-12T23:00:00,Performance Issue,GLOBAL,Issue with performance issue,Customer reported a problem regarding performance issue in GLOBAL.,-0.05
ZD-872940,2026-03-13T00:00:00,General Support,EMEA,Issue with general support,Customer reported a problem regarding general support in EMEA.,-0.15
ZD-924337,2026-03-13T00:00:00,Performance Issue,NA,Issue with performance issue,Customer reported a problem regarding performance issue in NA.,-0.41
ZD-635763,2026-03-13T01:00:00,API Integration,LATAM,Issue with api integration,Customer reported a problem regarding api integration in LATAM.,-0.18
ZD-144622,2026-03-13T03:00:00,API Integration,LATAM,Issue with api integration,Customer reported a problem regarding api integration in LATAM.,0.66
ZD-610418,2026-03-13T05:00:00,API Integration,NA,Issue with api integration,Customer reported a problem regarding api integration in NA.,-0.23
ZD-598874,2026-03-13T06:00:00,Refund Request,APAC,Issue with refund request,Customer reported a problem regarding refund request in APAC.,0.01
ZD-175722,2026-03-13T07:00:00,Account Access,GLOBAL,Issue with account access,Customer reported a problem regarding account access in GLOBAL.,0.44
ZD-651665,2026-03-13T14:00:00,Order Tracking,LATAM,Issue with order tracking,Customer reported a problem regarding order tracking in LATAM.,0.75
ZD-592745,2026-03-13T14:00:00,General Support,APAC,Issue with general support,Customer reported a problem regarding general support in APAC.,0.69
ZD-201327,2026-03-13T20:00:00,Performance Issue,NA,Issue with performance issue,Customer reported a problem regarding performance issue in NA.,-0.07
ZD-808296,2026-03-14T02:00:00,Checkout Error,LATAM,Issue with checkout error,Customer reported a problem regarding checkout error in LATAM.,-0.43
ZD-120808,2026-03-14T04:00:00,Performance Issue,EMEA,Issue with performance issue,Customer reported a problem regarding performance issue in EMEA.,0.35
ZD-111956,2026-03-14T04:00:00,Billing Inquiry,LATAM,Issue with billing inquiry,Customer reported a problem regarding billing inquiry in LATAM.,-0.49
ZD-716973,2026-03-14T16:00:00,Payment Failure,GLOBAL,Issue with payment failure,Customer reported a problem regarding payment failure in GLOBAL.,0.38
ZD-567288,2026-03-14T20:00:00,Refund Request,EMEA,Issue with refund request,Customer reported a problem regarding refund request in EMEA.,0.02
ZD-208649,2026-03-15T00:00:00,Checkout Error,APAC,Issue with checkout error,Customer reported a problem regarding checkout error in APAC.,0.05
ZD-446484,2026-03-15T02:00:00,Checkout Error,EU,Issue with checkout error,Customer reported a problem regarding checkout error in EU.,0.32
ZD-421608,2026-03-15T02:00:00,Order Tracking,EMEA,Issue with order tracking,Customer reported a problem regarding order tracking in EMEA.,-0.39
ZD-506838,2026-03-15T06:00:00,Order Tracking,LATAM,Issue with order tracking,Customer reported a problem regarding order tracking in LATAM.,0.17
ZD-341729,2026-03-15T07:00:00,Account Access,APAC,Issue with account access,Customer reported a problem regarding account access in APAC.,-0.42
ZD-563322,2026-03-15T10:00:00,Refund Request,NA,Issue with refund request,Customer reported a problem regarding refund request in NA.,-0.21
ZD-339454,2026-03-15T13:00:00,Billing Inquiry,APAC,Issue with billing inquiry,Customer reported a problem regarding billing inquiry in APAC.,0.49
ZD-380808,2026-03-16T02:00:00,Refund Request,APAC,Issue with refund request,Customer reported a problem regarding refund request in APAC.,-0.08
ZD-518978,2026-03-16T03:00:00,Order Tracking,EU,Issue with order tracking,Customer reported a problem regarding order tracking in EU.,0.25
ZD-545989,2026-03-16T06:00:00,Mobile App Bug,LATAM,Issue with mobile app bug,Customer reported a problem regarding mobile app bug in LATAM.,0.45
ZD-543561,2026-03-16T06:00:00,Performance Issue,EMEA,Issue with performance issue,Customer reported a problem regarding performance issue in EMEA.,-0.34
ZD-480290,2026-03-16T12:00:00,Order Tracking,EMEA,Issue with order tracking,Customer reported a problem regarding order tracking in EMEA.,-0.37
ZD-327567,2026-03-16T12:00:00,General Support,NA,Issue with general support,Customer reported a problem regarding general support in NA.,0.1
ZD-647297,2026-03-16T17:00:00,API Integration,NA,Issue with api integration,Customer reported a problem regarding api integration in NA.,0.76
ZD-788296,2026-03-16T20:00:00,Performance Issue,GLOBAL,Issue with performance issue,Customer reported a problem regarding performance issue in GLOBAL.,0.1
ZD-138968,2026-03-16T20:00:00,Billing Inquiry,EU,Issue with billing inquiry,Customer reported a problem regarding billing inquiry in EU.,-0.05
ZD-174228,2026-03-16T21:00:00,Performance Issue,EU,Issue with performance issue,Customer reported a problem regarding performance issue in EU.,-0.38
ZD-688160,2026-03-17T02:00:00,Order Tracking,EMEA,Issue with order tracking,Customer reported a problem regarding order tracking in EMEA.,-0.31
ZD-625716,2026-03-17T15:00:00,Refund Request,EU,Issue with refund request,Customer reported a problem regarding refund request in EU.,0.17
ZD-119162,2026-03-17T15:00:00,Performance Issue,LATAM,Issue with performance issue,Customer reported a problem regarding performance issue in LATAM.,-0.36
ZD-340731,2026-03-18T06:00:00,Refund Request,EU,Issue with refund request,Customer reported a problem regarding refund request in EU.,0.62
ZD-189356,2026-03-18T15:00:00,Payment Failure,APAC,Issue with payment failure,Customer reported a problem regarding payment failure in APAC.,0.71
ZD-279539,2026-03-18T17:00:00,API Integration,EU,Issue with api integration,Customer reported a problem regarding api integration in EU.,0.65
ZD-886726,2026-03-18T17:00:00,Mobile App Bug,NA,Issue with mobile app bug,Customer reported a problem regarding mobile app bug in NA.,-0.47
ZD-963719,2026-03-18T18:00:00,API Integration,APAC,Issue with api integration,Customer reported a problem regarding api integration in APAC.,0.37
ZD-676953,2026-03-19T01:00:00,General Support,NA,Issue with general support,Customer reported a problem regarding general support in NA.,-0.44
ZD-426990,2026-03-19T07:00:00,Account Access,APAC,Issue with account access,Customer reported a problem regarding account access in APAC.,-0.34
ZD-973113,2026-03-20T03:00:00,General Support,APAC,Issue with general support,Customer reported a problem regarding general support in APAC.,0.6
ZD-622788,2026-03-20T03:00:00,Order Tracking,EU,Issue with order tracking,Customer reported a problem regarding order tracking in EU.,-0.41
ZD-801235,2026-03-20T05:00:00,API Integration,APAC,Issue with api integration,Customer reported a problem regarding api integration in APAC.,0.54
ZD-307385,2026-03-20T07:00:00,Refund Request,LATAM,Issue with refund request,Customer reported a problem regarding refund request in LATAM.,0.1
ZD-389452,2026-03-20T11:00:00,General Support,APAC,Issue with general support,Customer reported a problem regarding general support in APAC.,0.47
ZD-852233,2026-03-20T11:00:00,Refund Request,LATAM,Issue with refund request,Customer reported a problem regarding refund request in LATAM.,0.04
ZD-146726,2026-03-20T12:00:00,Order Tracking,LATAM,Issue with order tracking,Customer reported a problem regarding order tracking in LATAM.,-0.1
ZD-648930,2026-03-20T20:00:00,API Integration,EMEA,Issue with api integration,Customer reported a problem regarding api integration in EMEA.,-0.03
ZD-191837,2026-03-20T21:00:00,Checkout Error,NA,Issue with checkout error,Customer reported a problem regarding checkout error in NA.,-0.4
ZD-968369,2026-03-21T01:00:00,Account Access,APAC,Issue with account access,Customer reported a problem regarding account access in APAC.,-0.26
ZD-121976,2026-03-21T02:00:00,Order Tracking,APAC,Issue with order tracking,Customer reported a problem regarding order tracking in APAC.,0.66
ZD-481249,2026-03-21T02:00:00,Billing Inquiry,GLOBAL,Issue with billing inquiry,Customer reported a problem regarding billing inquiry in GLOBAL.,0.62
ZD-567706,2026-03-21T06:00:00,Mobile App Bug,NA,Issue with mobile app bug,Customer reported a problem regarding mobile app bug in NA.,-0.02
ZD-309815,2026-03-21T11:00:00,Refund Request,EU,Issue with refund request,Customer reported a problem regarding refund request in EU.,0.32
ZD-853340,2026-03-21T11:00:00,Payment Failure,GLOBAL,Issue with payment failure,Customer reported a problem regarding payment failure in GLOBAL.,0.32
ZD-987176,2026-03-21T16:00:00,Billing Inquiry,LATAM,Issue with billing inquiry,Customer reported a problem regarding billing inquiry in LATAM.,0.34
ZD-412394,2026-03-21T19:00:00,API Integration,EU,Issue with api integration,Customer reported a problem regarding api integration in EU.,0.34
ZD-601256,2026-03-21T22:00:00,Checkout Error,APAC,Issue with checkout error,Customer reported a problem regarding checkout error in APAC.,-0.38
ZD-652420,2026-03-22T06:00:00,Checkout Error,NA,Issue with checkout error,Customer reported a problem regarding checkout error in NA.,-0.05
ZD-661697,2026-03-22T07:00:00,Payment Failure,EU,Issue with payment failure,Customer reported a problem regarding payment failure in EU.,0.31
ZD-264954,2026-03-22T08:00:00,Mobile App Bug,EMEA,Issue with mobile app bug,Customer reported a problem regarding mobile app bug in EMEA.,-0.41
ZD-936921,2026-03-22T14:00:00,API Integration,APAC,Issue with api integration,Customer reported a problem regarding api integration in APAC.,-0.04
ZD-934001,2026-03-22T15:00:00,Order Tracking,EMEA,Issue with order tracking,Customer reported a problem regarding order tracking in EMEA.,0.27
ZD-874062,2026-03-22T20:00:00,General Support,EU,Issue with general support,Customer reported a problem regarding general support in EU.,0.07
ZD-641486,2026-03-23T01:00:00,Performance Issue,EU,Issue with performance issue,Customer reported a problem regarding performance issue in EU.,-0.46
ZD-247945,2026-03-23T01:00:00,API Integration,GLOBAL,Issue with api integration,Customer reported a problem regarding api integration in GLOBAL.,0.19
ZD-809873,2026-03-23T07:00:00,Payment Failure,GLOBAL,Issue with payment failure,Customer reported a problem regarding payment failure in GLOBAL.,0.16
ZD-433470,2026-03-23T08:00:00,General Support,APAC,Issue with general support,Customer reported a problem regarding general support in APAC.,0.31
ZD-486188,2026-03-23T11:00:00,Payment Failure,APAC,Issue with payment failure,Customer reported a problem regarding payment failure in APAC.,0.05
ZD-620224,2026-03-23T15:00:00,Checkout Error,APAC,Issue with checkout error,Customer reported a problem regarding checkout error in APAC.,0.15
ZD-196213,2026-03-23T18:00:00,General Support,NA,Issue with general support,Customer reported a problem regarding general support in NA.,-0.26
ZD-681348,2026-03-23T21:00:00,Payment Failure,LATAM,Issue with payment failure,Customer reported a problem regarding payment failure in LATAM.,0.46
ZD-123951,2026-03-23T23:00:00,Order Tracking,GLOBAL,Issue with order tracking,Customer reported a problem regarding order tracking in GLOBAL.,0.22
ZD-481232,2026-03-24T03:00:00,Account Access,EU,Issue with account access,Customer reported a problem regarding account access in EU.,-0.35
ZD-972104,2026-03-24T05:00:00,Performance Issue,NA,Issue with performance issue,Customer reported a problem regarding performance issue in NA.,0.29
ZD-716152,2026-03-24T07:00:00,Order Tracking,EMEA,Issue with order tracking,Customer reported a problem regarding order tracking in EMEA.,0.58
ZD-869888,2026-03-24T13:00:00,General Support,GLOBAL,Issue with general support,Customer reported a problem regarding general support in GLOBAL.,0.33
ZD-829311,2026-03-24T14:00:00,API Integration,LATAM,Issue with api integration,Customer reported a problem regarding api integration in LATAM.,0.73
ZD-730854,2026-03-24T18:00:00,Billing Inquiry,LATAM,Issue with billing inquiry,Customer reported a problem regarding billing inquiry in LATAM.,-0.13
ZD-740216,2026-03-24T20:00:00,General Support,EU,Issue with general support,Customer reported a problem regarding general support in EU.,0.4
ZD-505003,2026-03-25T03:00:00,Order Tracking,NA,Issue with order tracking,Customer reported a problem regarding order tracking in NA.,-0.0
ZD-587591,2026-03-25T05:00:00,Mobile App Bug,LATAM,Issue with mobile app bug,Customer reported a problem regarding mobile app bug in LATAM.,-0.09
ZD-520091,2026-03-25T18:00:00,Performance Issue,GLOBAL,Issue with performance issue,Customer reported a problem regarding performance issue in GLOBAL.,0.28
ZD-270335,2026-03-26T09:00:00,Billing Inquiry,APAC,Issue with billing inquiry,Customer reported a problem regarding billing inquiry in APAC.,0.04
ZD-581207,2026-03-26T17:00:00,Mobile App Bug,EMEA,Issue with mobile app bug,Customer reported a problem regarding mobile app bug in EMEA.,-0.41
ZD-487134,2026-03-27T00:00:00,API Integration,APAC,Issue with api integration,Customer reported a problem regarding api integration in APAC.,0.5
ZD-543674,2026-03-27T06:00:00,Checkout Error,NA,Issue with checkout error,Customer reported a problem regarding checkout error in NA.,-0.39
ZD-776894,2026-03-27T07:00:00,Performance Issue,GLOBAL,Issue with performance issue,Customer reported a problem regarding performance issue in GLOBAL.,0.13
ZD-591017,2026-03-27T10:00:00,Account Access,NA,Issue with account access,Customer reported a problem regarding account access in NA.,-0.37
ZD-349035,2026-03-27T11:00:00,Order Tracking,LATAM,Issue with order tracking,Customer reported a problem regarding order tracking in LATAM.,-0.23
ZD-640841,2026-03-27T11:00:00,General Support,EU,Issue with general support,Customer reported a problem regarding general support in EU.,0.12
ZD-814514,2026-03-27T12:00:00,Mobile App Bug,EMEA,Issue with mobile app bug,Customer reported a problem regarding mobile app bug in EMEA.,-0.0
ZD-998327,2026-03-27T17:00:00,Mobile App Bug,APAC,Issue with mobile app bug,Customer reported a problem regarding mobile app bug in APAC.,-0.33
ZD-904036,2026-03-27T23:00:00,General Support,EMEA,Issue with general support,Customer reported a problem regarding general support in EMEA.,0.25
ZD-123088,2026-03-28T08:00:00,Checkout Error,EU,Issue with checkout error,Customer reported a problem regarding checkout error in EU.,0.28
ZD-408019,2026-03-28T08:00:00,Refund Request,EU,Issue with refund request,Customer reported a problem regarding refund request in EU.,0.13
ZD-906304,2026-03-28T11:00:00,General Support,EMEA,Issue with general support,Customer reported a problem regarding general support in EMEA.,0.22
ZD-211950,2026-03-28T17:00:00,Order Tracking,LATAM,Issue with order tracking,Customer reported a problem regarding order tracking in LATAM.,0.75
ZD-233265,2026-03-29T01:00:00,Payment Failure,LATAM,Issue with payment failure,Customer reported a problem regarding payment failure in LATAM.,-0.4
ZD-986855,2026-03-29T02:00:00,Order Tracking,NA,Issue with order tracking,Customer reported a problem regarding order tracking in NA.,0.36
ZD-874251,2026-03-29T10:00:00,Checkout Error,GLOBAL,Issue with checkout error,Customer reported a problem regarding checkout error in GLOBAL.,0.24
ZD-798968,2026-03-29T13:00:00,Performance Issue,APAC,Issue with performance issue,Customer reported a problem regarding performance issue in APAC.,-0.35
ZD-924333,2026-03-29T14:00:00,Mobile App Bug,EU,Issue with mobile app bug,Customer reported a problem regarding mobile app bug in EU.,-0.42
ZD-608962,2026-03-29T16:00:00,Account Access,GLOBAL,Issue with account access,Customer reported a problem regarding account access in GLOBAL.,-0.27
ZD-593487,2026-03-29T22:00:00,Billing Inquiry,LATAM,Issue with billing inquiry,Customer reported a problem regarding billing inquiry in LATAM.,0.39
ZD-268407,2026-03-29T22:00:00,Performance Issue,LATAM,Issue with performance issue,Customer reported a problem regarding performance issue in LATAM.,0.51
ZD-470483,2026-03-30T04:00:00,Account Access,NA,Issue with account access,Customer reported a problem regarding account access in NA.,0.54
ZD-747428,2026-03-30T12:00:00,Payment Failure,GLOBAL,Issue with payment failure,Customer reported a problem regarding payment failure in GLOBAL.,-0.49
ZD-284696,2026-03-30T12:00:00,General Support,EU,Issue with general support,Customer reported a problem regarding general support in EU.,0.01
ZD-227354,2026-03-30T12:00:00,Checkout Error,LATAM,Issue with checkout error,Customer reported a problem regarding checkout error in LATAM.,-0.22
ZD-958865,2026-03-30T16:00:00,Billing Inquiry,GLOBAL,Issue with billing inquiry,Customer reported a problem regarding billing inquiry in GLOBAL.,-0.33
ZD-609540,2026-03-30T22:00:00,Checkout Error,EU,Issue with checkout error,Customer reported a problem regarding checkout error in EU.,0.23
ZD-194699,2026-03-31T01:00:00,Payment Failure,NA,Issue with payment failure,Customer reported a problem regarding payment failure in NA.,-0.13
ZD-226426,2026-03-31T02:00:00,Performance Issue,APAC,Issue with performance issue,Customer reported a problem regarding performance issue in APAC.,0.33
ZD-744400,2026-03-31T08:00:00,General Support,NA,Issue with general support,Customer reported a problem regarding general support in NA.,0.14
ZD-476273,2026-03-31T11:00:00,Account Access,LATAM,Issue with account access,Customer reported a problem regarding account access in LATAM.,-0.06
ZD-927520,2026-03-31T13:00:00,General Support,EMEA,Issue with general support,Customer reported a problem regarding general support in EMEA.,-0.4
ZD-711230,2026-03-31T15:00:00,General Support,LATAM,Issue with general support,Customer reported a problem regarding general support in LATAM.,-0.44
ZD-505432,2026-03-31T17:00:00,General Support,NA,Issue with general support,Customer reported a problem regarding general support in NA.,0.42
ZD-254419,2026-03-31T18:00:00,Refund Request,LATAM,Issue with refund request,Customer reported a problem regarding refund request in LATAM.,0.7
ZD-825091,2026-03-31T20:00:00,Billing Inquiry,GLOBAL,Issue with billing inquiry,Customer reported a problem regarding billing inquiry in GLOBAL.,-0.08
ZD-590948,2026-03-31T21:00:00,Checkout Error,EU,Issue with checkout error,Customer reported a problem regarding checkout error in EU.,-0.14
ZD-683254,2026-04-01T14:00:00,Performance Issue,GLOBAL,Issue with performance issue,Customer reported a problem regarding performance issue in GLOBAL.,-0.04
ZD-556347,2026-04-01T22:00:00,Checkout Error,EMEA,Issue with checkout error,Customer reported a problem regarding checkout error in EMEA.,0.25
ZD-305012,2026-04-02T01:00:00,Mobile App Bug,LATAM,Issue with mobile app bug,Customer reported a problem regarding mobile app bug in LATAM.,0.78
ZD-237153,2026-04-02T04:00:00,Mobile App Bug,EMEA,Issue with mobile app bug,Customer reported a problem regarding mobile app bug in EMEA.,-0.46
ZD-662949,2026-04-03T03:00:00,Payment Failure,EMEA,Issue with payment failure,Customer reported a problem regarding payment failure in EMEA.,-0.16
ZD-421673,2026-04-03T11:00:00,General Support,EU,Issue with general support,Customer reported a problem regarding general support in EU.,0.17
ZD-685206,2026-04-04T01:00:00,Checkout Error,EMEA,Issue with checkout error,Customer reported a problem regarding checkout error in EMEA.,0.02
ZD-528821,2026-04-04T10:00:00,Refund Request,LATAM,Issue with refund request,Customer reported a problem regarding refund request in LATAM.,-0.06
ZD-757121,2026-04-04T10:00:00,API Integration,NA,Issue with api integration,Customer reported a problem regarding api integration in NA.,-0.18
ZD-457057,2026-04-04T10:00:00,General Support,NA,Issue with general support,Customer reported a problem regarding general support in NA.,0.43
ZD-339823,2026-04-04T15:00:00,Performance Issue,EU,Issue with performance issue,Customer reported a problem regarding performance issue in EU.,0.27
ZD-570113,2026-04-04T17:00:00,Payment Failure,LATAM,Issue with payment failure,Customer reported a problem regarding payment failure in LATAM.,-0.11
ZD-507918,2026-04-05T03:00:00,Refund Request,EU,Issue with refund request,Customer reported a problem regarding refund request in EU.,-0.0
ZD-552821,2026-04-05T05:00:00,Mobile App Bug,NA,Issue with mobile app bug,Customer reported a problem regarding mobile app bug in NA.,-0.38
ZD-529649,2026-04-05T06:00:00,Performance Issue,LATAM,Issue with performance issue,Customer reported a problem regarding performance issue in LATAM.,0.65
ZD-650832,2026-04-05T18:00:00,Performance Issue,APAC,Issue with performance issue,Customer reported a problem regarding performance issue in APAC.,0.15
ZD-498298,2026-04-06T05:00:00,Payment Failure,EMEA,Issue with payment failure,Customer reported a problem regarding payment failure in EMEA.,0.13
ZD-376242,2026-04-06T08:00:00,Account Access,APAC,Issue with account access,Customer reported a problem regarding account access in APAC.,-0.06
ZD-842470,2026-04-06T08:00:00,Account Access,NA,Issue with account access,Customer reported a problem regarding account access in NA.,0.32
ZD-420778,2026-04-06T09:00:00,Refund Request,APAC,Issue with refund request,Customer reported a problem regarding refund request in APAC.,-0.27
ZD-690240,2026-04-06T17:00:00,General Support,APAC,Issue with general support,Customer reported a problem regarding general support in APAC.,0.66
ZD-642428,2026-04-06T18:00:00,Order Tracking,APAC,Issue with order tracking,Customer reported a problem regarding order tracking in APAC.,0.08
ZD-485256,2026-04-06T21:00:00,Payment Failure,APAC,Issue with payment failure,Customer reported a problem regarding payment failure in APAC.,0.31
ZD-842663,2026-04-06T22:00:00,Refund Request,EMEA,Issue with refund request,Customer reported a problem regarding refund request in EMEA.,0.4
ZD-575493,2026-04-07T06:00:00,Account Access,APAC,Issue with account access,Customer reported a problem regarding account access in APAC.,-0.43
ZD-837277,2026-04-07T08:00:00,API Integration,APAC,Issue with api integration,Customer reported a problem regarding api integration in APAC.,0.4
ZD-192279,2026-04-07T13:00:00,Account Access,LATAM,Issue with account access,Customer reported a problem regarding account access in LATAM.,-0.32
ZD-379671,2026-04-07T17:00:00,Refund Request,LATAM,Issue with refund request,Customer reported a problem regarding refund request in LATAM.,0.57
ZD-686554,2026-04-07T18:00:00,General Support,EMEA,Issue with general support,Customer reported a problem regarding general support in EMEA.,-0.21
ZD-610027,2026-04-08T04:00:00,Checkout Error,GLOBAL,Issue with checkout error,Customer reported a problem regarding checkout error in GLOBAL.,0.12
ZD-714233,2026-04-08T07:00:00,Billing Inquiry,NA,Issue with billing inquiry,Customer reported a problem regarding billing inquiry in NA.,-0.22
ZD-498032,2026-04-08T08:00:00,Payment Failure,GLOBAL,Issue with payment failure,Customer reported a problem regarding payment failure in GLOBAL.,-0.27
ZD-846374,2026-04-08T09:00:00,Mobile App Bug,NA,Issue with mobile app bug,Customer reported a problem regarding mobile app bug in NA.,0.2
ZD-920836,2026-04-08T18:00:00,Mobile App Bug,EMEA,Issue with mobile app bug,Customer reported a problem regarding mobile app bug in EMEA.,0.21
ZD-276006,2026-04-08T19:00:00,Checkout Error,EU,Issue with checkout error,Customer reported a problem regarding checkout error in EU.,0.31
ZD-380253,2026-04-08T19:00:00,Refund Request,LATAM,Issue with refund request,Customer reported a problem regarding refund request in LATAM.,-0.01
ZD-237142,2026-04-08T21:00:00,Mobile App Bug,EU,Issue with mobile app bug,Customer reported a problem regarding mobile app bug in EU.,0.57
ZD-829040,2026-04-09T00:00:00,Checkout Error,EMEA,Issue with checkout error,Customer reported a problem regarding checkout error in EMEA.,-0.29
ZD-647425,2026-04-09T00:00:00,Refund Request,GLOBAL,Issue with refund request,Customer reported a problem regarding refund request in GLOBAL.,-0.38
ZD-880485,2026-04-09T01:00:00,Billing Inquiry,LATAM,Issue with billing inquiry,Customer reported a problem regarding billing inquiry in LATAM.,0.33
ZD-786916,2026-04-09T05:00:00,Account Access,LATAM,Issue with account access,Customer reported a problem regarding account access in LATAM.,0.32
ZD-659166,2026-04-09T06:00:00,Checkout Error,NA,Issue with checkout error,Customer reported a problem regarding checkout error in NA.,0.33
ZD-186066,2026-04-09T11:00:00,Account Access,LATAM,Issue with account access,Customer reported a problem regarding account access in LATAM.,0.79
ZD-210790,2026-04-09T17:00:00,Mobile App Bug,EMEA,Issue with mobile app bug,Customer reported a problem regarding mobile app bug in EMEA.,0.66
ZD-313090,2026-04-09T17:00:00,Billing Inquiry,GLOBAL,Issue with billing inquiry,Customer reported a problem regarding billing inquiry in GLOBAL.,0.44
ZD-575353,2026-04-09T21:00:00,Checkout Error,EMEA,Issue with checkout error,Customer reported a problem regarding checkout error in EMEA.,0.55
ZD-989217,2026-04-10T01:00:00,API Integration,NA,Issue with api integration,Customer reported a problem regarding api integration in NA.,0.34
ZD-168913,2026-04-10T06:00:00,General Support,GLOBAL,Issue with general support,Customer reported a problem regarding general support in GLOBAL.,-0.11
ZD-316218,2026-04-10T06:00:00,Account Access,EU,Issue with account access,Customer reported a problem regarding account access in EU.,-0.28
ZD-866882,2026-04-10T11:00:00,Checkout Error,GLOBAL,Issue with checkout error,Customer reported a problem regarding checkout error in GLOBAL.,0.51
ZD-120936,2026-04-10T11:00:00,General Support,GLOBAL,Issue with general support,Customer reported a problem regarding general support in GLOBAL.,-0.49
ZD-110659,2026-04-10T15:00:00,Refund Request,LATAM,Issue with refund request,Customer reported a problem regarding refund request in LATAM.,0.77
ZD-440729,2026-04-10T22:00:00,Refund Request,EMEA,Issue with refund request,Customer reported a problem regarding refund request in EMEA.,0.63
ZD-558543,2026-04-10T23:00:00,Billing Inquiry,LATAM,Issue with billing inquiry,Customer reported a problem regarding billing inquiry in LATAM.,-0.36
ZD-578883,2026-04-11T00:00:00,Performance Issue,GLOBAL,Issue with performance issue,Customer reported a problem regarding performance issue in GLOBAL.,0.31
ZD-476730,2026-04-11T05:00:00,General Support,APAC,Issue with general support,Customer reported a problem regarding general support in APAC.,0.73
ZD-570377,2026-04-11T06:00:00,Order Tracking,NA,Issue with order tracking,Customer reported a problem regarding order tracking in NA.,0.04
ZD-250873,2026-04-11T20:00:00,Checkout Error,APAC,Issue with checkout error,Customer reported a problem regarding checkout error in APAC.,0.37
ZD-515579,2026-04-12T09:00:00,Billing Inquiry,APAC,Issue with billing inquiry,Customer reported a problem regarding billing inquiry in APAC.,0.39
ZD-225156,2026-04-12T10:00:00,Account Access,GLOBAL,Issue with account access,Customer reported a problem regarding account access in GLOBAL.,0.03
ZD-155612,2026-04-12T11:00:00,Checkout Error,NA,Issue with checkout error,Customer reported a problem regarding checkout error in NA.,0.53
ZD-163423,2026-04-12T12:00:00,General Support,LATAM,Issue with general support,Customer reported a problem regarding general support in LATAM.,0.35
ZD-531295,2026-04-12T13:00:00,Performance Issue,LATAM,Issue with performance issue,Customer reported a problem regarding performance issue in LATAM.,0.01
ZD-517122,2026-04-12T15:00:00,Mobile App Bug,APAC,Issue with mobile app bug,Customer reported a problem regarding mobile app bug in APAC.,0.67
ZD-168649,2026-04-12T16:00:00,Payment Failure,APAC,Issue with payment failure,Customer reported a problem regarding payment failure in APAC.,0.08
ZD-942471,2026-04-12T23:00:00,API Integration,EU,Issue with api integration,Customer reported a problem regarding api integration in EU.,-0.02
ZD-210321,2026-04-13T07:00:00,Performance Issue,NA,Issue with performance issue,Customer reported a problem regarding performance issue in NA.,-0.23
ZD-735233,2026-04-13T12:00:00,Billing Inquiry,EMEA,Issue with billing inquiry,Customer reported a problem regarding billing inquiry in EMEA.,0.05
ZD-501198,2026-04-13T17:00:00,General Support,NA,Issue with general support,Customer reported a problem regarding general support in NA.,0.28
ZD-160422,2026-04-13T17:00:00,Performance Issue,NA,Issue with performance issue,Customer reported a problem regarding performance issue in NA.,0.59
ZD-574513,2026-04-13T21:00:00,Checkout Error,GLOBAL,Issue with checkout error,Customer reported a problem regarding checkout error in GLOBAL.,0.72
ZD-822352,2026-04-14T00:00:00,Order Tracking,GLOBAL,Issue with order tracking,Customer reported a problem regarding order tracking in GLOBAL.,0.24
ZD-574380,2026-04-14T02:00:00,General Support,APAC,Issue with general support,Customer reported a problem regarding general support in APAC.,0.19
ZD-603631,2026-04-14T05:00:00,Billing Inquiry,EU,Issue with billing inquiry,Customer reported a problem regarding billing inquiry in EU.,-0.13
ZD-514859,2026-04-14T07:00:00,Refund Request,EU,Issue with refund request,Customer reported a problem regarding refund request in EU.,-0.29
ZD-899157,2026-04-14T09:00:00,Refund Request,APAC,Issue with refund request,Customer reported a problem regarding refund request in APAC.,0.18
ZD-458673,2026-04-14T10:00:00,Mobile App Bug,APAC,Issue with mobile app bug,Customer reported a problem regarding mobile app bug in APAC.,0.53
ZD-395567,2026-04-14T15:00:00,Account Access,EMEA,Issue with account access,Customer reported a problem regarding account access in EMEA.,0.32
ZD-536534,2026-04-14T19:00:00,Mobile App Bug,EMEA,Issue with mobile app bug,Customer reported a problem regarding mobile app bug in EMEA.,0.28
ZD-819249,2026-04-14T23:00:00,Refund Request,NA,Issue with refund request,Customer reported a problem regarding refund request in NA.,-0.23
ZD-525262,2026-04-15T01:00:00,Mobile App Bug,LATAM,Issue with mobile app bug,Customer reported a problem regarding mobile app bug in LATAM.,-0.46
ZD-875140,2026-04-15T02:00:00,API Integration,APAC,Issue with api integration,Customer reported a problem regarding api integration in APAC.,0.13
ZD-747085,2026-04-15T04:00:00,Checkout Error,EMEA,Issue with checkout error,Customer reported a problem regarding checkout error in EMEA.,0.03
ZD-689566,2026-04-15T07:00:00,Order Tracking,LATAM,Issue with order tracking,Customer reported a problem regarding order tracking in LATAM.,-0.37
ZD-972611,2026-04-15T08:00:00,General Support,APAC,Issue with general support,Customer reported a problem regarding general support in APAC.,0.35
ZD-247469,2026-04-15T09:00:00,Order Tracking,EMEA,Issue with order tracking,Customer reported a problem regarding order tracking in EMEA.,0.52
ZD-354816,2026-04-15T16:00:00,Payment Failure,APAC,Issue with payment failure,Customer reported a problem regarding payment failure in APAC.,0.33
ZD-742586,2026-04-15T22:00:00,Refund Request,APAC,Issue with refund request,Customer reported a problem regarding refund request in APAC.,0.53
ZD-193056,2026-04-16T03:00:00,Performance Issue,EU,Issue with performance issue,Customer reported a problem regarding performance issue in EU.,0.62
ZD-645369,2026-04-16T09:00:00,Payment Failure,EMEA,Issue with payment failure,Customer reported a problem regarding payment failure in EMEA.,-0.48
ZD-413722,2026-04-16T15:00:00,API Integration,GLOBAL,Issue with api integration,Customer reported a problem regarding api integration in GLOBAL.,-0.29
ZD-356524,2026-04-16T22:00:00,Performance Issue,GLOBAL,Issue with performance issue,Customer reported a problem regarding performance issue in GLOBAL.,-0.38
ZD-953749,2026-04-17T01:00:00,API Integration,NA,Issue with api integration,Customer reported a problem regarding api integration in NA.,-0.05
ZD-753687,2026-04-17T01:00:00,Payment Failure,NA,Issue with payment failure,Customer reported a problem regarding payment failure in NA.,-0.05
ZD-589651,2026-04-17T06:00:00,Checkout Error,EU,Issue with checkout error,Customer reported a problem regarding checkout error in EU.,0.27
ZD-190274,2026-04-17T11:00:00,Payment Failure,NA,Issue with payment failure,Customer reported a problem regarding payment failure in NA.,-0.01
ZD-760832,2026-04-17T13:00:00,Order Tracking,LATAM,Issue with order tracking,Customer reported a problem regarding order tracking in LATAM.,0.77
ZD-924754,2026-04-17T17:00:00,Checkout Error,GLOBAL,Issue with checkout error,Customer reported a problem regarding checkout error in GLOBAL.,0.34
ZD-269743,2026-04-17T21:00:00,Refund Request,NA,Issue with refund request,Customer reported a problem regarding refund request in NA.,0.03
ZD-426439,2026-04-18T03:00:00,Performance Issue,EMEA,Issue with performance issue,Customer reported a problem regarding performance issue in EMEA.,0.3
ZD-899385,2026-04-18T03:00:00,Order Tracking,EMEA,Issue with order tracking,Customer reported a problem regarding order tracking in EMEA.,-0.05
ZD-753701,2026-04-18T06:00:00,Order Tracking,EU,Issue with order tracking,Customer reported a problem regarding order tracking in EU.,0.46
ZD-356596,2026-04-18T08:00:00,API Integration,APAC,Issue with api integration,Customer reported a problem regarding api integration in APAC.,0.44
ZD-739857,2026-04-18T09:00:00,Checkout Error,EU,Issue with checkout error,Customer reported a problem regarding checkout error in EU.,-0.16
ZD-805498,2026-04-18T10:00:00,Payment Failure,GLOBAL,Issue with payment failure,Customer reported a problem regarding payment failure in GLOBAL.,0.74
ZD-413580,2026-04-18T17:00:00,Refund Request,NA,Issue with refund request,Customer reported a problem regarding refund request in NA.,0.01
ZD-941109,2026-04-18T18:00:00,General Support,NA,Issue with general support,Customer reported a problem regarding general support in NA.,0.68
ZD-388784,2026-04-18T18:00:00,Refund Request,LATAM,Issue with refund request,Customer reported a problem regarding refund request in LATAM.,0.12
ZD-808700,2026-04-18T21:00:00,Billing Inquiry,LATAM,Issue with billing inquiry,Customer reported a problem regarding billing inquiry in LATAM.,-0.22
ZD-468643,2026-04-19T00:00:00,Performance Issue,GLOBAL,Issue with performance issue,Customer reported a problem regarding performance issue in GLOBAL.,0.59
ZD-841117,2026-04-19T00:00:00,Checkout Error,GLOBAL,Issue with checkout error,Customer reported a problem regarding checkout error in GLOBAL.,0.29
ZD-660224,2026-04-19T06:00:00,Performance Issue,NA,Issue with performance issue,Customer reported a problem regarding performance issue in NA.,-0.21
ZD-709399,2026-04-19T09:00:00,Billing Inquiry,APAC,Issue with billing inquiry,Customer reported a problem regarding billing inquiry in APAC.,0.24
ZD-717208,2026-04-19T09:00:00,Mobile App Bug,GLOBAL,Issue with mobile app bug,Customer reported a problem regarding mobile app bug in GLOBAL.,0.38
ZD-507342,2026-04-19T15:00:00,Payment Failure,LATAM,Issue with payment failure,Customer reported a problem regarding payment failure in LATAM.,0.79
ZD-458713,2026-04-19T20:00:00,Performance Issue,GLOBAL,Issue with performance issue,Customer reported a problem regarding performance issue in GLOBAL.,0.7
ZD-320707,2026-04-19T20:00:00,Checkout Error,NA,Issue with checkout error,Customer reported a problem regarding checkout error in NA.,0.24
ZD-431806,2026-04-19T22:00:00,Billing Inquiry,NA,Issue with billing inquiry,Customer reported a problem regarding billing inquiry in NA.,0.09
ZD-361243,2026-04-19T23:00:00,API Integration,LATAM,Issue with api integration,Customer reported a problem regarding api integration in LATAM.,-0.01
ZD-407090,2026-04-20T04:00:00,Refund Request,EMEA,Issue with refund request,Customer reported a problem regarding refund request in EMEA.,0.21
ZD-324171,2026-04-20T07:00:00,Account Access,GLOBAL,Issue with account access,Customer reported a problem regarding account access in GLOBAL.,0.4
ZD-893789,2026-04-20T10:00:00,Order Tracking,NA,Issue with order tracking,Customer reported a problem regarding order tracking in NA.,-0.36
ZD-528528,2026-04-21T02:00:00,Payment Failure,EU,Issue with payment failure,Customer reported a problem regarding payment failure in EU.,0.72
ZD-569738,2026-04-21T12:00:00,Order Tracking,EU,Issue with order tracking,Customer reported a problem regarding order tracking in EU.,0.19
ZD-827962,2026-04-21T20:00:00,Billing Inquiry,EMEA,Issue with billing inquiry,Customer reported a problem regarding billing inquiry in EMEA.,-0.02
ZD-338206,2026-04-21T23:00:00,Payment Failure,NA,Issue with payment failure,Customer reported a problem regarding payment failure in NA.,0.12
ZD-598681,2026-04-21T23:00:00,Billing Inquiry,APAC,Issue with billing inquiry,Customer reported a problem regarding billing inquiry in APAC.,0.38
ZD-119850,2026-04-22T00:00:00,Payment Failure,NA,Issue with payment failure,Customer reported a problem regarding payment failure in NA.,0.12
ZD-253426,2026-04-22T01:00:00,Billing Inquiry,EMEA,Issue with billing inquiry,Customer reported a problem regarding billing inquiry in EMEA.,-0.12
ZD-667190,2026-04-22T06:00:00,API Integration,GLOBAL,Issue with api integration,Customer reported a problem regarding api integration in GLOBAL.,0.59
ZD-890960,2026-04-22T09:00:00,Account Access,EMEA,Issue with account access,Customer reported a problem regarding account access in EMEA.,0.22
ZD-486234,2026-04-22T13:00:00,Order Tracking,NA,Issue with order tracking,Customer reported a problem regarding order tracking in NA.,-0.18
ZD-217092,2026-04-22T15:00:00,Performance Issue,NA,Issue with performance issue,Customer reported a problem regarding performance issue in NA.,-0.2
ZD-105922,2026-04-22T15:00:00,Refund Request,GLOBAL,Issue with refund request,Customer reported a problem regarding refund request in GLOBAL.,0.21
ZD-342467,2026-04-22T17:00:00,Mobile App Bug,LATAM,Issue with mobile app bug,Customer reported a problem regarding mobile app bug in LATAM.,-0.5
ZD-505199,2026-04-22T21:00:00,Performance Issue,EU,Issue with performance issue,Customer reported a problem regarding performance issue in EU.,-0.26
ZD-682822,2026-04-23T03:00:00,Account Access,LATAM,Issue with account access,Customer reported a problem regarding account access in LATAM.,0.32
ZD-537249,2026-04-23T15:00:00,Refund Request,EU,Issue with refund request,Customer reported a problem regarding refund request in EU.,-0.0
ZD-633456,2026-04-24T09:00:00,API Integration,GLOBAL,Issue with api integration,Customer reported a problem regarding api integration in GLOBAL.,-0.37
ZD-379807,2026-04-24T09:00:00,Refund Request,GLOBAL,Issue with refund request,Customer reported a problem regarding refund request in GLOBAL.,0.77
ZD-478930,2026-04-24T14:00:00,General Support,EU,Issue with general support,Customer reported a problem regarding general support in EU.,-0.09
ZD-779610,2026-04-24T21:00:00,Checkout Error,APAC,Issue with checkout error,Customer reported a problem regarding checkout error in APAC.,0.79
ZD-793505,2026-04-24T21:00:00,API Integration,EMEA,Issue with api integration,Customer reported a problem regarding api integration in EMEA.,0.76
ZD-232717,2026-04-24T23:00:00,Account Access,LATAM,Issue with account access,Customer reported a problem regarding account access in LATAM.,0.27
ZD-884819,2026-04-25T00:00:00,Order Tracking,APAC,Issue with order tracking,Customer reported a problem regarding order tracking in APAC.,0.49
ZD-894201,2026-04-25T01:00:00,Performance Issue,NA,Issue with performance issue,Customer reported a problem regarding performance issue in NA.,0.01
ZD-198195,2026-04-25T03:00:00,Order Tracking,GLOBAL,Issue with order tracking,Customer reported a problem regarding order tracking in GLOBAL.,-0.34
ZD-131559,2026-04-25T05:00:00,API Integration,LATAM,Issue with api integration,Customer reported a problem regarding api integration in LATAM.,0.15
ZD-195744,2026-04-25T07:00:00,Billing Inquiry,LATAM,Issue with billing inquiry,Customer reported a problem regarding billing inquiry in LATAM.,-0.05
ZD-594394,2026-04-25T13:00:00,Payment Failure,NA,Issue with payment failure,Customer reported a problem regarding payment failure in NA.,-0.06
ZD-238635,2026-04-25T18:00:00,API Integration,LATAM,Issue with api integration,Customer reported a problem regarding api integration in LATAM.,0.65
ZD-944937,2026-04-25T20:00:00,Mobile App Bug,EU,Issue with mobile app bug,Customer reported a problem regarding mobile app bug in EU.,-0.39
ZD-957858,2026-04-25T22:00:00,Order Tracking,NA,Issue with order tracking,Customer reported a problem regarding order tracking in NA.,0.04
ZD-350396,2026-04-26T00:00:00,Refund Request,NA,Issue with refund request,Customer reported a problem regarding refund request in NA.,0.21
ZD-319304,2026-04-26T09:00:00,Account Access,EU,Issue with account access,Customer reported a problem regarding account access in EU.,0.4
ZD-644478,2026-04-26T11:00:00,Order Tracking,EMEA,Issue with order tracking,Customer reported a problem regarding order tracking in EMEA.,-0.39
ZD-817686,2026-04-26T15:00:00,Billing Inquiry,EU,Issue with billing inquiry,Customer reported a problem regarding billing inquiry in EU.,0.76
ZD-266105,2026-04-27T13:00:00,API Integration,APAC,Issue with api integration,Customer reported a problem regarding api integration in APAC.,0.36
ZD-163850,2026-04-27T15:00:00,Payment Failure,LATAM,Issue with payment failure,Customer reported a problem regarding payment failure in LATAM.,-0.13
ZD-542708,2026-04-27T18:00:00,Refund Request,EMEA,Issue with refund request,Customer reported a problem regarding refund request in EMEA.,0.06
ZD-619178,2026-04-27T19:00:00,Mobile App Bug,NA,Issue with mobile app bug,Customer reported a problem regarding mobile app bug in NA.,-0.35
ZD-506266,2026-04-27T22:00:00,Checkout Error,EU,Issue with checkout error,Customer reported a problem regarding checkout error in EU.,0.15
ZD-165582,2026-04-27T23:00:00,Performance Issue,LATAM,Issue with performance issue,Customer reported a problem regarding performance issue in LATAM.,-0.33
ZD-426973,2026-04-28T01:00:00,Order Tracking,APAC,Issue with order tracking,Customer reported a problem regarding order tracking in APAC.,-0.34
ZD-759190,2026-04-28T09:00:00,Billing Inquiry,GLOBAL,Issue with billing inquiry,Customer reported a problem regarding billing inquiry in GLOBAL.,0.61
ZD-478749,2026-04-29T05:00:00,General Support,LATAM,Issue with general support,Customer reported a problem regarding general support in LATAM.,0.35
ZD-860155,2026-04-29T06:00:00,API Integration,APAC,Issue with api integration,Customer reported a problem regarding api integration in APAC.,-0.44
ZD-460882,2026-04-29T20:00:00,Order Tracking,APAC,Issue with order tracking,Customer reported a problem regarding order tracking in APAC.,0.61
ZD-967626,2026-04-29T20:00:00,Account Access,LATAM,Issue with account access,Customer reported a problem regarding account access in LATAM.,-0.22
ZD-462530,2026-04-30T01:00:00,Checkout Error,EMEA,Issue with checkout error,Customer reported a problem regarding checkout error in EMEA.,0.74
ZD-201727,2026-04-30T03:00:00,Refund Request,GLOBAL,Issue with refund request,Customer reported a problem regarding refund request in GLOBAL.,-0.36
ZD-555438,2026-04-30T11:00:00,Order Tracking,APAC,Issue with order tracking,Customer reported a problem regarding order tracking in APAC.,0.29
ZD-317931,2026-04-30T14:00:00,Performance Issue,EU,Issue with performance issue,Customer reported a problem regarding performance issue in EU.,-0.27
ZD-236990,2026-04-30T15:00:00,Payment Failure,LATAM,Issue with payment failure,Customer reported a problem regarding payment failure in LATAM.,-0.12
ZD-245385,2026-04-30T18:00:00,Order Tracking,EMEA,Issue with order tracking,Customer reported a problem regarding order tracking in EMEA.,-0.06
ZD-874517,2026-04-30T19:00:00,General Support,EMEA,Issue with general support,Customer reported a problem regarding general support in EMEA.,-0.04
ZD-299125,2026-04-30T19:00:00,Checkout Error,LATAM,Issue with checkout error,Customer reported a problem regarding checkout error in LATAM.,-0.12
ZD-278079,2026-04-30T22:00:00,Performance Issue,LATAM,Issue with performance issue,Customer reported a problem regarding performance issue in LATAM.,-0.16
ZD-948894,2026-04-30T23:00:00,Mobile App Bug,NA,Issue with mobile app bug,Customer reported a problem regarding mobile app bug in NA.,-0.13
ZD-145996,2026-05-01T01:00:00,General Support,LATAM,Issue with general support,Customer reported a problem regarding general support in LATAM.,0.77
ZD-157600,2026-05-01T05:00:00,General Support,EMEA,Issue with general support,Customer reported a problem regarding general support in EMEA.,-0.17
ZD-618995,2026-05-01T05:00:00,Checkout Error,APAC,Issue with checkout error,Customer reported a problem regarding checkout error in APAC.,0.4
ZD-746287,2026-05-01T10:00:00,Payment Failure,GLOBAL,Issue with payment failure,Customer reported a problem regarding payment failure in GLOBAL.,0.79
ZD-998068,2026-05-01T15:00:00,Refund Request,LATAM,Issue with refund request,Customer reported a problem regarding refund request in LATAM.,0.19
ZD-851508,2026-05-02T06:00:00,Payment Failure,EU,Issue with payment failure,Customer reported a problem regarding payment failure in EU.,0.75
ZD-790520,2026-05-02T07:00:00,Performance Issue,APAC,Issue with performance issue,Customer reported a problem regarding performance issue in APAC.,-0.08
ZD-442336,2026-05-02T07:00:00,Refund Request,EU,Issue with refund request,Customer reported a problem regarding refund request in EU.,0.68
ZD-922920,2026-05-02T09:00:00,Refund Request,EMEA,Issue with refund request,Customer reported a problem regarding refund request in EMEA.,-0.14
ZD-636816,2026-05-02T11:00:00,Checkout Error,LATAM,Issue with checkout error,Customer reported a problem regarding checkout error in LATAM.,0.58
ZD-965888,2026-05-02T12:00:00,Mobile App Bug,GLOBAL,Issue with mobile app bug,Customer reported a problem regarding mobile app bug in GLOBAL.,-0.38
ZD-306264,2026-05-02T16:00:00,Payment Failure,LATAM,Issue with payment failure,Customer reported a problem regarding payment failure in LATAM.,0.6
ZD-197218,2026-05-03T02:00:00,Payment Failure,LATAM,Issue with payment failure,Customer reported a problem regarding payment failure in LATAM.,0.37
ZD-881100,2026-05-03T04:00:00,Performance Issue,EMEA,Issue with performance issue,Customer reported a problem regarding performance issue in EMEA.,-0.17
ZD-197442,2026-05-03T08:00:00,Payment Failure,LATAM,Issue with payment failure,Customer reported a problem regarding payment failure in LATAM.,0.75
ZD-528578,2026-05-03T11:00:00,Performance Issue,EU,Issue with performance issue,Customer reported a problem regarding performance issue in EU.,-0.35
ZD-944589,2026-05-03T13:00:00,Payment Failure,NA,Issue with payment failure,Customer reported a problem regarding payment failure in NA.,-0.47
ZD-140866,2026-05-03T19:00:00,Checkout Error,EU,Issue with checkout error,Customer reported a problem regarding checkout error in EU.,0.34
ZD-406269,2026-05-04T02:00:00,Refund Request,GLOBAL,Issue with refund request,Customer reported a problem regarding refund request in GLOBAL.,0.14
ZD-964727,2026-05-04T02:00:00,Payment Failure,EU,Issue with payment failure,Customer reported a problem regarding payment failure in EU.,-0.24
ZD-254522,2026-05-04T02:00:00,Payment Failure,GLOBAL,Issue with payment failure,Customer reported a problem regarding payment failure in GLOBAL.,-0.46
ZD-720645,2026-05-04T03:00:00,Refund Request,EMEA,Issue with refund request,Customer reported a problem regarding refund request in EMEA.,0.16
ZD-460314,2026-05-04T04:00:00,Mobile App Bug,LATAM,Issue with mobile app bug,Customer reported a problem regarding mobile app bug in LATAM.,-0.23
ZD-532437,2026-05-04T10:00:00,Payment Failure,NA,Issue with payment failure,Customer reported a problem regarding payment failure in NA.,0.19
ZD-231016,2026-05-04T15:00:00,Checkout Error,EMEA,Issue with checkout error,Customer reported a problem regarding checkout error in EMEA.,0.45
ZD-382395,2026-05-04T16:00:00,Account Access,EMEA,Issue with account access,Customer reported a problem regarding account access in EMEA.,0.47
ZD-934467,2026-05-04T19:00:00,Account Access,APAC,Issue with account access,Customer reported a problem regarding account access in APAC.,0.06
ZD-386629,2026-05-04T23:00:00,Payment Failure,EU,Issue with payment failure,Customer reported a problem regarding payment failure in EU.,0.06
ZD-941852,2026-05-05T04:00:00,Checkout Error,EU,Issue with checkout error,Customer reported a problem regarding checkout error in EU.,0.33
ZD-688983,2026-05-05T13:00:00,Payment Failure,APAC,Issue with payment failure,Customer reported a problem regarding payment failure in APAC.,-0.21
ZD-575545,2026-05-05T23:00:00,Mobile App Bug,APAC,Issue with mobile app bug,Customer reported a problem regarding mobile app bug in APAC.,-0.31
ZD-500026,2026-05-06T02:00:00,Order Tracking,GLOBAL,Issue with order tracking,Customer reported a problem regarding order tracking in GLOBAL.,0.31
ZD-794745,2026-05-06T08:00:00,API Integration,LATAM,Issue with api integration,Customer reported a problem regarding api integration in LATAM.,0.3
ZD-126569,2026-05-06T11:00:00,API Integration,NA,Issue with api integration,Customer reported a problem regarding api integration in NA.,0.53
ZD-112117,2026-05-06T17:00:00,Account Access,NA,Issue with account access,Customer reported a problem regarding account access in NA.,-0.03
ZD-422074,2026-05-06T17:00:00,Order Tracking,GLOBAL,Issue with order tracking,Customer reported a problem regarding order tracking in GLOBAL.,0.51
ZD-856028,2026-05-06T21:00:00,API Integration,APAC,Issue with api integration,Customer reported a problem regarding api integration in APAC.,-0.49
ZD-423540,2026-05-07T03:00:00,Performance Issue,LATAM,Issue with performance issue,Customer reported a problem regarding performance issue in LATAM.,0.76
ZD-605236,2026-05-07T04:00:00,API Integration,EMEA,Issue with api integration,Customer reported a problem regarding api integration in EMEA.,0.51
ZD-303880,2026-05-07T06:00:00,API Integration,EU,Issue with api integration,Customer reported a problem regarding api integration in EU.,0.2
ZD-941182,2026-05-07T14:00:00,Billing Inquiry,NA,Issue with billing inquiry,Customer reported a problem regarding billing inquiry in NA.,-0.06
ZD-220221,2026-05-07T15:00:00,API Integration,APAC,Issue with api integration,Customer reported a problem regarding api integration in APAC.,-0.1
ZD-157498,2026-05-07T17:00:00,Billing Inquiry,NA,Issue with billing inquiry,Customer reported a problem regarding billing inquiry in NA.,0.77
ZD-830629,2026-05-07T20:00:00,General Support,EU,Issue with general support,Customer reported a problem regarding general support in EU.,0.75
ZD-509858,2026-05-08T10:00:00,Billing Inquiry,APAC,Issue with billing inquiry,Customer reported a problem regarding billing inquiry in APAC.,0.78
ZD-270478,2026-05-08T17:00:00,Account Access,GLOBAL,Issue with account access,Customer reported a problem regarding account access in GLOBAL.,-0.03
ZD-113321,2026-05-09T00:00:00,Mobile App Bug,LATAM,Issue with mobile app bug,Customer reported a problem regarding mobile app bug in LATAM.,0.34
ZD-939628,2026-05-09T01:00:00,Payment Failure,GLOBAL,Issue with payment failure,Customer reported a problem regarding payment failure in GLOBAL.,0.68
ZD-870454,2026-05-09T01:00:00,Refund Request,EMEA,Issue with refund request,Customer reported a problem regarding refund request in EMEA.,0.7
ZD-818545,2026-05-09T03:00:00,Performance Issue,APAC,Issue with performance issue,Customer reported a problem regarding performance issue in APAC.,-0.12
ZD-787502,2026-05-09T06:00:00,Performance Issue,EMEA,Issue with performance issue,Customer reported a problem regarding performance issue in EMEA.,-0.24
ZD-466233,2026-05-09T06:00:00,Order Tracking,NA,Issue with order tracking,Customer reported a problem regarding order tracking in NA.,0.31
ZD-529011,2026-05-09T08:00:00,Payment Failure,NA,Issue with payment failure,Customer reported a problem regarding payment failure in NA.,-0.42
ZD-873219,2026-05-09T16:00:00,Payment Failure,NA,Issue with payment failure,Customer reported a problem regarding payment failure in NA.,0.41
ZD-231627,2026-05-09T17:00:00,Performance Issue,GLOBAL,Issue with performance issue,Customer reported a problem regarding performance issue in GLOBAL.,-0.18
ZD-806655,2026-05-10T01:00:00,Order Tracking,EMEA,Issue with order tracking,Customer reported a problem regarding order tracking in EMEA.,-0.28
ZD-726456,2026-05-10T04:00:00,Order Tracking,LATAM,Issue with order tracking,Customer reported a problem regarding order tracking in LATAM.,0.23
ZD-811834,2026-05-10T05:00:00,Account Access,NA,Issue with account access,Customer reported a problem regarding account access in NA.,-0.23
ZD-123005,2026-05-10T13:00:00,Mobile App Bug,GLOBAL,Issue with mobile app bug,Customer reported a problem regarding mobile app bug in GLOBAL.,-0.33
ZD-459204,2026-05-10T15:00:00,Mobile App Bug,EU,Issue with mobile app bug,Customer reported a problem regarding mobile app bug in EU.,-0.4
ZD-628470,2026-05-10T19:00:00,Performance Issue,APAC,Issue with performance issue,Customer reported a problem regarding performance issue in APAC.,0.15
ZD-444034,2026-05-10T22:00:00,Checkout Error,GLOBAL,Issue with checkout error,Customer reported a problem regarding checkout error in GLOBAL.,0.06
ZD-897990,2026-05-10T23:00:00,Account Access,EU,Issue with account access,Customer reported a problem regarding account access in EU.,0.66
ZD-885478,2026-05-10T23:00:00,Account Access,GLOBAL,Issue with account access,Customer reported a problem regarding account access in GLOBAL.,0.51
ZD-681340,2026-05-11T01:00:00,Payment Failure,LATAM,Issue with payment failure,Customer reported a problem regarding payment failure in LATAM.,0.03
ZD-872200,2026-05-11T02:00:00,Mobile App Bug,LATAM,Issue with mobile app bug,Customer reported a problem regarding mobile app bug in LATAM.,-0.13
ZD-432588,2026-05-11T07:00:00,Performance Issue,EMEA,Issue with performance issue,Customer reported a problem regarding performance issue in EMEA.,0.09
ZD-996018,2026-05-11T08:00:00,General Support,NA,Issue with general support,Customer reported a problem regarding general support in NA.,0.18
ZD-606167,2026-05-12T06:00:00,Account Access,LATAM,Issue with account access,Customer reported a problem regarding account access in LATAM.,0.59
ZD-712526,2026-05-12T09:00:00,Refund Request,EMEA,Issue with refund request,Customer reported a problem regarding refund request in EMEA.,0.63
ZD-235142,2026-05-12T10:00:00,General Support,LATAM,Issue with general support,Customer reported a problem regarding general support in LATAM.,-0.04
ZD-855811,2026-05-12T11:00:00,Order Tracking,EU,Issue with order tracking,Customer reported a problem regarding order tracking in EU.,0.65
ZD-468846,2026-05-12T12:00:00,General Support,LATAM,Issue with general support,Customer reported a problem regarding general support in LATAM.,-0.03
ZD-539750,2026-05-12T13:00:00,Performance Issue,EU,Issue with performance issue,Customer reported a problem regarding performance issue in EU.,0.25
ZD-686268,2026-05-12T16:00:00,Order Tracking,GLOBAL,Issue with order tracking,Customer reported a problem regarding order tracking in GLOBAL.,-0.33
ZD-770488,2026-05-13T00:00:00,API Integration,GLOBAL,Issue with api integration,Customer reported a problem regarding api integration in GLOBAL.,0.57
ZD-718822,2026-05-13T05:00:00,Payment Failure,NA,Issue with payment failure,Customer reported a problem regarding payment failure in NA.,-0.49
ZD-177384,2026-05-13T12:00:00,Payment Failure,LATAM,Issue with payment failure,Customer reported a problem regarding payment failure in LATAM.,-0.19
ZD-492507,2026-05-13T15:00:00,Performance Issue,APAC,Issue with performance issue,Customer reported a problem regarding performance issue in APAC.,-0.19
ZD-604960,2026-05-14T02:00:00,Checkout Error,EMEA,Issue with checkout error,Customer reported a problem regarding checkout error in EMEA.,0.18
ZD-283862,2026-05-14T16:00:00,Account Access,NA,Issue with account access,Customer reported a problem regarding account access in NA.,-0.5
ZD-593011,2026-05-14T18:00:00,Billing Inquiry,EU,Issue with billing inquiry,Customer reported a problem regarding billing inquiry in EU.,0.42
ZD-884349,2026-05-14T18:00:00,Billing Inquiry,EMEA,Issue with billing inquiry,Customer reported a problem regarding billing inquiry in EMEA.,-0.41
ZD-219884,2026-05-15T03:00:00,Checkout Error,EU,Issue with checkout error,Customer reported a problem regarding checkout error in EU.,-0.22
ZD-723931,2026-05-15T06:00:00,Order Tracking,NA,Issue with order tracking,Customer reported a problem regarding order tracking in NA.,0.61
ZD-640858,2026-05-15T11:00:00,Refund Request,EMEA,Issue with refund request,Customer reported a problem regarding refund request in EMEA.,0.59
ZD-475736,2026-05-15T21:00:00,Refund Request,LATAM,Issue with refund request,Customer reported a problem regarding refund request in LATAM.,0.03
ZD-998947,2026-05-16T03:00:00,Payment Failure,LATAM,Issue with payment failure,Customer reported a problem regarding payment failure in LATAM.,-0.19
ZD-367398,2026-05-16T10:00:00,Checkout Error,GLOBAL,Issue with checkout error,Customer reported a problem regarding checkout error in GLOBAL.,0.26
ZD-365214,2026-05-16T18:00:00,General Support,EMEA,Issue with general support,Customer reported a problem regarding general support in EMEA.,-0.11
ZD-650100,2026-05-16T20:00:00,Refund Request,LATAM,Issue with refund request,Customer reported a problem regarding refund request in LATAM.,-0.13
ZD-571763,2026-05-17T07:00:00,Checkout Error,LATAM,Issue with checkout error,Customer reported a problem regarding checkout error in LATAM.,-0.29
ZD-834849,2026-05-17T11:00:00,Mobile App Bug,EMEA,Issue with mobile app bug,Customer reported a problem regarding mobile app bug in EMEA.,-0.26
ZD-242216,2026-05-17T12:00:00,Payment Failure,EU,Issue with payment failure,Customer reported a problem regarding payment failure in EU.,-0.06
ZD-994243,2026-05-17T16:00:00,Billing Inquiry,GLOBAL,Issue with billing inquiry,Customer reported a problem regarding billing inquiry in GLOBAL.,0.2
ZD-135971,2026-05-17T16:00:00,Refund Request,EMEA,Issue with refund request,Customer reported a problem regarding refund request in EMEA.,0.08
ZD-870339,2026-05-17T18:00:00,Checkout Error,EMEA,Issue with checkout error,Customer reported a problem regarding checkout error in EMEA.,0.77
ZD-155142,2026-05-17T19:00:00,Performance Issue,GLOBAL,Issue with performance issue,Customer reported a problem regarding performance issue in GLOBAL.,-0.04
ZD-880527,2026-05-17T19:00:00,Account Access,EU,Issue with account access,Customer reported a problem regarding account access in EU.,0.06
ZD-214490,2026-05-17T22:00:00,Payment Failure,NA,Issue with payment failure,Customer reported a problem regarding payment failure in NA.,0.64
ZD-139955,2026-05-18T12:00:00,Checkout Error,GLOBAL,Issue with checkout error,Customer reported a problem regarding checkout error in GLOBAL.,0.05
ZD-529902,2026-05-18T13:00:00,Billing Inquiry,EU,Issue with billing inquiry,Customer reported a problem regarding billing inquiry in EU.,0.12
ZD-679698,2026-05-18T13:00:00,Payment Failure,NA,Issue with payment failure,Customer reported a problem regarding payment failure in NA.,0.14
ZD-458956,2026-05-18T18:00:00,Refund Request,LATAM,Issue with refund request,Customer reported a problem regarding refund request in LATAM.,0.41
ZD-147079,2026-05-19T00:00:00,Mobile App Bug,APAC,Issue with mobile app bug,Customer reported a problem regarding mobile app bug in APAC.,0.25
ZD-658246,2026-05-19T07:00:00,Refund Request,NA,Issue with refund request,Customer reported a problem regarding refund request in NA.,0.55
ZD-481956,2026-05-19T16:00:00,Refund Request,APAC,Issue with refund request,Customer reported a problem regarding refund request in APAC.,0.09
ZD-729931,2026-05-19T17:00:00,API Integration,GLOBAL,Issue with api integration,Customer reported a problem regarding api integration in GLOBAL.,0.7
ZD-543839,2026-05-19T23:00:00,Refund Request,NA,Issue with refund request,Customer reported a problem regarding refund request in NA.,0.2
ZD-852477,2026-05-19T23:00:00,General Support,GLOBAL,Issue with general support,Customer reported a problem regarding general support in GLOBAL.,-0.17
ZD-485168,2026-05-20T00:00:00,Billing Inquiry,NA,Issue with billing inquiry,Customer reported a problem regarding billing inquiry in NA.,0.34
ZD-728593,2026-05-20T04:00:00,Performance Issue,GLOBAL,Issue with performance issue,Customer reported a problem regarding performance issue in GLOBAL.,-0.33
ZD-885523,2026-05-20T04:00:00,General Support,NA,Issue with general support,Customer reported a problem regarding general support in NA.,-0.32
ZD-610283,2026-05-20T07:00:00,Refund Request,LATAM,Issue with refund request,Customer reported a problem regarding refund request in LATAM.,-0.25
ZD-494300,2026-05-20T13:00:00,Order Tracking,LATAM,Issue with order tracking,Customer reported a problem regarding order tracking in LATAM.,0.68
ZD-763025,2026-05-20T15:00:00,Billing Inquiry,NA,Issue with billing inquiry,Customer reported a problem regarding billing inquiry in NA.,-0.45
ZD-652242,2026-05-20T15:00:00,Checkout Error,GLOBAL,Issue with checkout error,Customer reported a problem regarding checkout error in GLOBAL.,-0.37
ZD-647701,2026-05-20T16:00:00,Order Tracking,APAC,Issue with order tracking,Customer reported a problem regarding order tracking in APAC.,0.17
ZD-190224,2026-05-20T16:00:00,General Support,NA,Issue with general support,Customer reported a problem regarding general support in NA.,-0.4
ZD-791863,2026-05-20T22:00:00,Account Access,GLOBAL,Issue with account access,Customer reported a problem regarding account access in GLOBAL.,-0.07
ZD-514423,2026-05-21T00:00:00,Performance Issue,APAC,Issue with performance issue,Customer reported a problem regarding performance issue in APAC.,-0.02
ZD-619969,2026-05-21T08:00:00,Performance Issue,LATAM,Issue with performance issue,Customer reported a problem regarding performance issue in LATAM.,-0.02
ZD-548086,2026-05-21T14:00:00,Refund Request,LATAM,Issue with refund request,Customer reported a problem regarding refund request in LATAM.,-0.28
ZD-426169,2026-05-22T00:00:00,API Integration,APAC,Issue with api integration,Customer reported a problem regarding api integration in APAC.,0.48
ZD-986498,2026-05-22T19:00:00,Account Access,LATAM,Issue with account access,Customer reported a problem regarding account access in LATAM.,0.06
ZD-416327,2026-05-23T00:00:00,Mobile App Bug,NA,Issue with mobile app bug,Customer reported a problem regarding mobile app bug in NA.,0.65
ZD-130562,2026-05-23T00:00:00,Billing Inquiry,EU,Issue with billing inquiry,Customer reported a problem regarding billing inquiry in EU.,-0.07
ZD-411749,2026-05-23T15:00:00,Performance Issue,NA,Issue with performance issue,Customer reported a problem regarding performance issue in NA.,0.72
ZD-427870,2026-05-23T16:00:00,General Support,GLOBAL,Issue with general support,Customer reported a problem regarding general support in GLOBAL.,0.52
ZD-901655,2026-05-23T20:00:00,Payment Failure,EMEA,Issue with payment failure,Customer reported a problem regarding payment failure in EMEA.,0.26
ZD-312918,2026-05-23T21:00:00,Mobile App Bug,GLOBAL,Issue with mobile app bug,Customer reported a problem regarding mobile app bug in GLOBAL.,0.67
ZD-161758,2026-05-24T03:00:00,Performance Issue,LATAM,Issue with performance issue,Customer reported a problem regarding performance issue in LATAM.,0.05
ZD-544922,2026-05-24T06:00:00,Payment Failure,GLOBAL,Issue with payment failure,Customer reported a problem regarding payment failure in GLOBAL.,0.27
ZD-999621,2026-05-24T07:00:00,Refund Request,APAC,Issue with refund request,Customer reported a problem regarding refund request in APAC.,0.54
ZD-400665,2026-05-24T07:00:00,Mobile App Bug,NA,Issue with mobile app bug,Customer reported a problem regarding mobile app bug in NA.,-0.15
ZD-433149,2026-05-24T09:00:00,Order Tracking,GLOBAL,Issue with order tracking,Customer reported a problem regarding order tracking in GLOBAL.,-0.17
ZD-365146,2026-05-24T09:00:00,Performance Issue,GLOBAL,Issue with performance issue,Customer reported a problem regarding performance issue in GLOBAL.,-0.03
ZD-538592,2026-05-24T09:00:00,Account Access,EMEA,Issue with account access,Customer reported a problem regarding account access in EMEA.,0.35
ZD-885670,2026-05-24T10:00:00,Account Access,GLOBAL,Issue with account access,Customer reported a problem regarding account access in GLOBAL.,-0.42
ZD-115590,2026-05-24T16:00:00,Payment Failure,GLOBAL,Issue with payment failure,Customer reported a problem regarding payment failure in GLOBAL.,-0.06
ZD-453392,2026-05-24T21:00:00,Mobile App Bug,NA,Issue with mobile app bug,Customer reported a problem regarding mobile app bug in NA.,-0.03
ZD-556746,2026-05-25T05:00:00,Order Tracking,GLOBAL,Issue with order tracking,Customer reported a problem regarding order tracking in GLOBAL.,0.51
ZD-735024,2026-05-25T05:00:00,Payment Failure,LATAM,Issue with payment failure,Customer reported a problem regarding payment failure in LATAM.,-0.48
ZD-791638,2026-05-25T06:00:00,General Support,GLOBAL,Issue with general support,Customer reported a problem regarding general support in GLOBAL.,0.27
ZD-778772,2026-05-25T18:00:00,Payment Failure,EU,Issue with payment failure,Customer reported a problem regarding payment failure in EU.,0.14
ZD-266770,2026-05-26T02:00:00,Account Access,EMEA,Issue with account access,Customer reported a problem regarding account access in EMEA.,0.11
ZD-381676,2026-05-26T09:00:00,Performance Issue,EMEA,Issue with performance issue,Customer reported a problem regarding performance issue in EMEA.,0.57
ZD-705487,2026-05-26T09:00:00,Mobile App Bug,APAC,Issue with mobile app bug,Customer reported a problem regarding mobile app bug in APAC.,0.48
ZD-352499,2026-05-26T14:00:00,Payment Failure,APAC,Issue with payment failure,Customer reported a problem regarding payment failure in APAC.,0.53
ZD-264088,2026-05-26T16:00:00,Account Access,EMEA,Issue with account access,Customer reported a problem regarding account access in EMEA.,-0.04
ZD-532855,2026-05-26T18:00:00,Billing Inquiry,EMEA,Issue with billing inquiry,Customer reported a problem regarding billing inquiry in EMEA.,0.45
ZD-778629,2026-05-26T20:00:00,Billing Inquiry,APAC,Issue with billing inquiry,Customer reported a problem regarding billing inquiry in APAC.,-0.42
ZD-922744,2026-05-26T23:00:00,Billing Inquiry,GLOBAL,Issue with billing inquiry,Customer reported a problem regarding billing inquiry in GLOBAL.,0.27
ZD-519838,2026-05-27T00:00:00,Checkout Error,EMEA,Issue with checkout error,Customer reported a problem regarding checkout error in EMEA.,0.52
ZD-776607,2026-05-27T00:00:00,Payment Failure,EU,Issue with payment failure,Customer reported a problem regarding payment failure in EU.,0.34
ZD-105940,2026-05-27T06:00:00,Account Access,GLOBAL,Issue with account access,Customer reported a problem regarding account access in GLOBAL.,0.67
ZD-344817,2026-05-27T08:00:00,Account Access,GLOBAL,Issue with account access,Customer reported a problem regarding account access in GLOBAL.,0.57
ZD-809918,2026-05-27T10:00:00,Mobile App Bug,LATAM,Issue with mobile app bug,Customer reported a problem regarding mobile app bug in LATAM.,-0.11
ZD-628386,2026-05-27T18:00:00,Performance Issue,APAC,Issue with performance issue,Customer reported a problem regarding performance issue in APAC.,0.76
ZD-904136,2026-05-27T20:00:00,Performance Issue,EU,Issue with performance issue,Customer reported a problem regarding performance issue in EU.,0.34
ZD-189330,2026-05-27T20:00:00,Order Tracking,LATAM,Issue with order tracking,Customer reported a problem regarding order tracking in LATAM.,-0.11
ZD-720957,2026-05-28T09:00:00,Account Access,NA,Issue with account access,Customer reported a problem regarding account access in NA.,0.03
ZD-124656,2026-05-28T13:00:00,Payment Failure,LATAM,Issue with payment failure,Customer reported a problem regarding payment failure in LATAM.,0.64
ZD-442657,2026-05-28T14:00:00,Payment Failure,LATAM,Issue with payment failure,Customer reported a problem regarding payment failure in LATAM.,0.55
ZD-512649,2026-05-28T18:00:00,Performance Issue,NA,Issue with performance issue,Customer reported a problem regarding performance issue in NA.,-0.34
ZD-515780,2026-05-28T20:00:00,Refund Request,LATAM,Issue with refund request,Customer reported a problem regarding refund request in LATAM.,-0.36
ZD-135067,2026-05-28T20:00:00,Mobile App Bug,LATAM,Issue with mobile app bug,Customer reported a problem regarding mobile app bug in LATAM.,0.43
ZD-665709,2026-05-28T21:00:00,Mobile App Bug,EU,Issue with mobile app bug,Customer reported a problem regarding mobile app bug in EU.,0.66
ZD-347023,2026-05-29T04:00:00,Payment Failure,EU,Issue with payment failure,Customer reported a problem regarding payment failure in EU.,0.52
ZD-228058,2026-05-29T09:00:00,Performance Issue,GLOBAL,Issue with performance issue,Customer reported a problem regarding performance issue in GLOBAL.,0.69
ZD-485052,2026-05-29T12:00:00,Refund Request,EU,Issue with refund request,Customer reported a problem regarding refund request in EU.,0.14
ZD-704442,2026-05-29T14:00:00,Order Tracking,LATAM,Issue with order tracking,Customer reported a problem regarding order tracking in LATAM.,0.65
ZD-796961,2026-05-29T16:00:00,General Support,LATAM,Issue with general support,Customer reported a problem regarding general support in LATAM.,0.56
ZD-580369,2026-05-29T17:00:00,General Support,NA,Issue with general support,Customer reported a problem regarding general support in NA.,0.51
ZD-250815,2026-05-29T22:00:00,Account Access,EMEA,Issue with account access,Customer reported a problem regarding account access in EMEA.,0.78
ZD-486555,2026-05-30T01:00:00,Account Access,LATAM,Issue with account access,Customer reported a problem regarding account access in LATAM.,0.63
ZD-385558,2026-05-30T06:00:00,API Integration,GLOBAL,Issue with api integration,Customer reported a problem regarding api integration in GLOBAL.,0.06
ZD-234194,2026-05-30T07:00:00,Refund Request,LATAM,Issue with refund request,Customer reported a problem regarding refund request in LATAM.,-0.15
ZD-526844,2026-05-30T08:00:00,Payment Failure,APAC,Issue with payment failure,Customer reported a problem regarding payment failure in APAC.,0.8
ZD-363590,2026-05-30T16:00:00,Account Access,NA,Issue with account access,Customer reported a problem regarding account access in NA.,-0.06
ZD-210650,2026-05-30T19:00:00,General Support,EMEA,Issue with general support,Customer reported a problem regarding general support in EMEA.,0.53
ZD-796275,2026-05-30T21:00:00,Mobile App Bug,EU,Issue with mobile app bug,Customer reported a problem regarding mobile app bug in EU.,-0.27
ZD-788262,2026-05-30T22:00:00,Billing Inquiry,APAC,Issue with billing inquiry,Customer reported a problem regarding billing inquiry in APAC.,0.3
ZD-538121,2026-05-30T22:00:00,Performance Issue,NA,Issue with performance issue,Customer reported a problem regarding performance issue in NA.,-0.43
ZD-453291,2026-05-31T00:00:00,General Support,NA,Issue with general support,Customer reported a problem regarding general support in NA.,0.62
ZD-453881,2026-05-31T15:00:00,General Support,EU,Issue with general support,Customer reported a problem regarding general support in EU.,-0.21
ZD-740820,2026-05-31T19:00:00,Refund Request,NA,Issue with refund request,Customer reported a problem regarding refund request in NA.,0.2
ZD-424431,2026-06-01T00:00:00,Account Access,NA,Issue with account access,Customer reported a problem regarding account access in NA.,-0.37
ZD-209638,2026-06-01T00:00:00,Account Access,NA,Issue with account access,Customer reported a problem regarding account access in NA.,-0.38
ZD-612510,2026-06-01T22:00:00,API Integration,EMEA,Issue with api integration,Customer reported a problem regarding api integration in EMEA.,-0.13
ZD-180557,2026-06-02T07:00:00,Mobile App Bug,APAC,Issue with mobile app bug,Customer reported a problem regarding mobile app bug in APAC.,-0.46
ZD-795415,2026-06-02T07:00:00,Account Access,EMEA,Issue with account access,Customer reported a problem regarding account access in EMEA.,-0.19
ZD-559418,2026-06-02T09:00:00,Checkout Error,APAC,Issue with checkout error,Customer reported a problem regarding checkout error in APAC.,0.4
ZD-882501,2026-06-02T10:00:00,Account Access,NA,Issue with account access,Customer reported a problem regarding account access in NA.,0.17
ZD-881164,2026-06-02T16:00:00,Order Tracking,NA,Issue with order tracking,Customer reported a problem regarding order tracking in NA.,0.52
ZD-267852,2026-06-02T19:00:00,Payment Failure,EU,Issue with payment failure,Customer reported a problem regarding payment failure in EU.,0.59
ZD-426314,2026-06-02T21:00:00,Account Access,NA,Issue with account access,Customer reported a problem regarding account access in NA.,0.22
ZD-135565,2026-06-03T03:00:00,Mobile App Bug,APAC,Issue with mobile app bug,Customer reported a problem regarding mobile app bug in APAC.,0.43
ZD-898478,2026-06-03T03:00:00,Refund Request,LATAM,Issue with refund request,Customer reported a problem regarding refund request in LATAM.,0.74
ZD-972533,2026-06-03T08:00:00,Refund Request,APAC,Issue with refund request,Customer reported a problem regarding refund request in APAC.,-0.5
ZD-626113,2026-06-03T08:00:00,Order Tracking,APAC,Issue with order tracking,Customer reported a problem regarding order tracking in APAC.,-0.34
ZD-700086,2026-06-03T21:00:00,API Integration,APAC,Issue with api integration,Customer reported a problem regarding api integration in APAC.,0.49
ZD-873839,2026-06-03T22:00:00,Billing Inquiry,EU,Issue with billing inquiry,Customer reported a problem regarding billing inquiry in EU.,0.45
ZD-703864,2026-06-04T00:00:00,Billing Inquiry,NA,Issue with billing inquiry,Customer reported a problem regarding billing inquiry in NA.,-0.28
ZD-378421,2026-06-04T02:00:00,Payment Failure,APAC,Issue with payment failure,Customer reported a problem regarding payment failure in APAC.,-0.21
ZD-844161,2026-06-04T04:00:00,Mobile App Bug,NA,Issue with mobile app bug,Customer reported a problem regarding mobile app bug in NA.,0.67
ZD-528357,2026-06-04T08:00:00,Performance Issue,APAC,Issue with performance issue,Customer reported a problem regarding performance issue in APAC.,0.24
ZD-378557,2026-06-04T09:00:00,Billing Inquiry,NA,Issue with billing inquiry,Customer reported a problem regarding billing inquiry in NA.,0.69
ZD-245016,2026-06-04T12:00:00,Order Tracking,EMEA,Issue with order tracking,Customer reported a problem regarding order tracking in EMEA.,0.41
ZD-686760,2026-06-04T12:00:00,Performance Issue,GLOBAL,Issue with performance issue,Customer reported a problem regarding performance issue in GLOBAL.,-0.26
ZD-636063,2026-06-04T18:00:00,Payment Failure,APAC,Issue with payment failure,Customer reported a problem regarding payment failure in APAC.,-0.18
ZD-940662,2026-06-04T19:00:00,Payment Failure,GLOBAL,Issue with payment failure,Customer reported a problem regarding payment failure in GLOBAL.,0.34
ZD-463511,2026-06-05T00:00:00,Refund Request,EMEA,Issue with refund request,Customer reported a problem regarding refund request in EMEA.,0.75
ZD-506461,2026-06-05T01:00:00,Refund Request,LATAM,Issue with refund request,Customer reported a problem regarding refund request in LATAM.,0.69
ZD-535090,2026-06-05T01:00:00,Checkout Error,GLOBAL,Issue with checkout error,Customer reported a problem regarding checkout error in GLOBAL.,0.79
ZD-934455,2026-06-05T07:00:00,Order Tracking,EU,Issue with order tracking,Customer reported a problem regarding order tracking in EU.,0.64
ZD-198329,2026-06-05T09:00:00,Payment Failure,EU,Issue with payment failure,Customer reported a problem regarding payment failure in EU.,0.46
ZD-674954,2026-06-05T10:00:00,Billing Inquiry,EMEA,Issue with billing inquiry,Customer reported a problem regarding billing inquiry in EMEA.,-0.08
ZD-944125,2026-06-05T11:00:00,Billing Inquiry,NA,Issue with billing inquiry,Customer reported a problem regarding billing inquiry in NA.,0.79
ZD-849472,2026-06-05T12:00:00,Account Access,EU,Issue with account access,Customer reported a problem regarding account access in EU.,0.09
ZD-985586,2026-06-05T13:00:00,Mobile App Bug,APAC,Issue with mobile app bug,Customer reported a problem regarding mobile app bug in APAC.,0.57
ZD-877733,2026-06-05T13:00:00,Refund Request,GLOBAL,Issue with refund request,Customer reported a problem regarding refund request in GLOBAL.,0.67
ZD-158290,2026-06-05T14:00:00,Performance Issue,GLOBAL,Issue with performance issue,Customer reported a problem regarding performance issue in GLOBAL.,0.61
ZD-233813,2026-06-05T16:00:00,Billing Inquiry,GLOBAL,Issue with billing inquiry,Customer reported a problem regarding billing inquiry in GLOBAL.,-0.11
ZD-460719,2026-06-05T17:00:00,Mobile App Bug,EMEA,Issue with mobile app bug,Customer reported a problem regarding mobile app bug in EMEA.,0.64
ZD-315737,2026-06-05T18:00:00,General Support,LATAM,Issue with general support,Customer reported a problem regarding general support in LATAM.,0.24
ZD-181876,2026-06-05T19:00:00,Checkout Error,EU,Issue with checkout error,Customer reported a problem regarding checkout error in EU.,-0.42
ZD-164538,2026-06-05T19:00:00,Performance Issue,EMEA,Issue with performance issue,Customer reported a problem regarding performance issue in EMEA.,0.58
ZD-515470,2026-06-05T22:00:00,Order Tracking,GLOBAL,Issue with order tracking,Customer reported a problem regarding order tracking in GLOBAL.,0.39
ZD-382250,2026-06-05T23:00:00,Payment Failure,GLOBAL,Issue with payment failure,Customer reported a problem regarding payment failure in GLOBAL.,-0.35
ZD-769669,2026-06-06T00:00:00,Checkout Error,EMEA,Issue with checkout error,Customer reported a problem regarding checkout error in EMEA.,-0.32
ZD-712565,2026-06-06T01:00:00,General Support,NA,Issue with general support,Customer reported a problem regarding general support in NA.,0.31
ZD-656928,2026-06-06T01:00:00,Performance Issue,NA,Issue with performance issue,Customer reported a problem regarding performance issue in NA.,0.32
ZD-268044,2026-06-06T02:00:00,Performance Issue,EMEA,Issue with performance issue,Customer reported a problem regarding performance issue in EMEA.,0.14
ZD-372045,2026-06-06T04:00:00,General Support,NA,Issue with general support,Customer reported a problem regarding general support in NA.,0.65
ZD-369170,2026-06-06T04:00:00,Refund Request,APAC,Issue with refund request,Customer reported a problem regarding refund request in APAC.,-0.24
ZD-113724,2026-06-06T07:00:00,Billing Inquiry,LATAM,Issue with billing inquiry,Customer reported a problem regarding billing inquiry in LATAM.,0.32
ZD-728461,2026-06-06T07:00:00,Performance Issue,EMEA,Issue with performance issue,Customer reported a problem regarding performance issue in EMEA.,0.72
ZD-165337,2026-06-06T08:00:00,Payment Failure,APAC,Issue with payment failure,Customer reported a problem regarding payment failure in APAC.,-0.21
ZD-957825,2026-06-06T09:00:00,Performance Issue,EU,Issue with performance issue,Customer reported a problem regarding performance issue in EU.,0.23
ZD-750806,2026-06-06T10:00:00,General Support,GLOBAL,Issue with general support,Customer reported a problem regarding general support in GLOBAL.,0.47
ZD-855907,2026-06-06T12:00:00,Account Access,NA,Issue with account access,Customer reported a problem regarding account access in NA.,-0.1
ZD-274025,2026-06-06T14:00:00,General Support,EU,Issue with general support,Customer reported a problem regarding general support in EU.,0.29
ZD-417513,2026-06-06T14:00:00,Account Access,EMEA,Issue with account access,Customer reported a problem regarding account access in EMEA.,0.55
ZD-530114,2026-06-06T16:00:00,General Support,NA,Issue with general support,Customer reported a problem regarding general support in NA.,-0.22
ZD-594277,2026-06-06T18:00:00,Account Access,EMEA,Issue with account access,Customer reported a problem regarding account access in EMEA.,0.78
ZD-995595,2026-06-06T19:00:00,Order Tracking,LATAM,Issue with order tracking,Customer reported a problem regarding order tracking in LATAM.,0.12
ZD-182654,2026-06-06T20:00:00,Performance Issue,EMEA,Issue with performance issue,Customer reported a problem regarding performance issue in EMEA.,0.04
ZD-334844,2026-06-06T21:00:00,Performance Issue,EU,Issue with performance issue,Customer reported a problem regarding performance issue in EU.,-0.36
ZD-937977,2026-06-06T21:00:00,Billing Inquiry,EMEA,Issue with billing inquiry,Customer reported a problem regarding billing inquiry in EMEA.,0.14
ZD-993183,2026-06-07T01:00:00,General Support,NA,Issue with general support,Customer reported a problem regarding general support in NA.,-0.3
ZD-943017,2026-06-07T02:00:00,API Integration,APAC,Issue with api integration,Customer reported a problem regarding api integration in APAC.,0.67
ZD-328737,2026-06-07T02:00:00,Order Tracking,APAC,Issue with order tracking,Customer reported a problem regarding order tracking in APAC.,0.67
ZD-578672,2026-06-07T02:00:00,Refund Request,EU,Issue with refund request,Customer reported a problem regarding refund request in EU.,0.56
ZD-795003,2026-06-07T03:00:00,API Integration,EU,Issue with api integration,Customer reported a problem regarding api integration in EU.,-0.36
ZD-344298,2026-06-07T04:00:00,Order Tracking,APAC,Issue with order tracking,Customer reported a problem regarding order tracking in APAC.,-0.44
ZD-704322,2026-06-07T05:00:00,Payment Failure,NA,Issue with payment failure,Customer reported a problem regarding payment failure in NA.,-0.28
ZD-449959,2026-06-07T06:00:00,Order Tracking,GLOBAL,Issue with order tracking,Customer reported a problem regarding order tracking in GLOBAL.,-0.44
ZD-898047,2026-06-07T07:00:00,General Support,EU,Issue with general support,Customer reported a problem regarding general support in EU.,0.73
ZD-381167,2026-06-07T09:00:00,Refund Request,NA,Issue with refund request,Customer reported a problem regarding refund request in NA.,0.39
ZD-866980,2026-06-07T09:00:00,Checkout Error,EMEA,Issue with checkout error,Customer reported a problem regarding checkout error in EMEA.,-0.04
ZD-687557,2026-06-07T09:00:00,Billing Inquiry,GLOBAL,Issue with billing inquiry,Customer reported a problem regarding billing inquiry in GLOBAL.,0.68
ZD-362069,2026-06-07T11:00:00,Billing Inquiry,APAC,Issue with billing inquiry,Customer reported a problem regarding billing inquiry in APAC.,0.41
ZD-548245,2026-06-07T11:00:00,API Integration,APAC,Issue with api integration,Customer reported a problem regarding api integration in APAC.,-0.48
ZD-362355,2026-06-07T12:00:00,Checkout Error,GLOBAL,Issue with checkout error,Customer reported a problem regarding checkout error in GLOBAL.,-0.04
ZD-688399,2026-06-07T12:00:00,Performance Issue,EU,Issue with performance issue,Customer reported a problem regarding performance issue in EU.,-0.44
ZD-195152,2026-06-07T14:00:00,API Integration,NA,Issue with api integration,Customer reported a problem regarding api integration in NA.,0.03
ZD-244517,2026-06-07T14:00:00,Mobile App Bug,NA,Issue with mobile app bug,Customer reported a problem regarding mobile app bug in NA.,0.3
ZD-278344,2026-06-07T15:00:00,API Integration,LATAM,Issue with api integration,Customer reported a problem regarding api integration in LATAM.,0.23
ZD-416769,2026-06-07T16:00:00,Mobile App Bug,EU,Issue with mobile app bug,Customer reported a problem regarding mobile app bug in EU.,0.56
ZD-951876,2026-06-07T16:00:00,Payment Failure,EMEA,Issue with payment failure,Customer reported a problem regarding payment failure in EMEA.,0.73
ZD-139446,2026-06-07T17:00:00,Order Tracking,LATAM,Issue with order tracking,Customer reported a problem regarding order tracking in LATAM.,0.33
ZD-151833,2026-06-07T18:00:00,API Integration,EU,Issue with api integration,Customer reported a problem regarding api integration in EU.,-0.18
ZD-385244,2026-06-07T18:00:00,Refund Request,GLOBAL,Issue with refund request,Customer reported a problem regarding refund request in GLOBAL.,-0.13
ZD-260869,2026-06-07T20:00:00,Account Access,GLOBAL,Issue with account access,Customer reported a problem regarding account access in GLOBAL.,-0.07
ZD-127732,2026-06-07T20:00:00,Account Access,EU,Issue with account access,Customer reported a problem regarding account access in EU.,0.2
ZD-482848,2026-06-07T21:00:00,Mobile App Bug,NA,Issue with mobile app bug,Customer reported a problem regarding mobile app bug in NA.,0.28
ZD-933634,2026-06-07T23:00:00,Payment Failure,LATAM,Issue with payment failure,Customer reported a problem regarding payment failure in LATAM.,-0.29
ZD-217610,2026-06-07T23:00:00,Mobile App Bug,NA,Issue with mobile app bug,Customer reported a problem regarding mobile app bug in NA.,-0.06
ZD-395359,2026-06-07T23:00:00,Order Tracking,LATAM,Issue with order tracking,Customer reported a problem regarding order tracking in LATAM.,-0.02
ZD-538723,2026-06-08T01:00:00,Billing Inquiry,APAC,Issue with billing inquiry,Customer reported a problem regarding billing inquiry in APAC.,0.26
ZD-809410,2026-06-08T01:00:00,Billing Inquiry,GLOBAL,Issue with billing inquiry,Customer reported a problem regarding billing inquiry in GLOBAL.,0.68
ZD-253496,2026-06-08T02:00:00,Order Tracking,NA,Issue with order tracking,Customer reported a problem regarding order tracking in NA.,0.71
ZD-807399,2026-06-08T05:00:00,Refund Request,LATAM,Issue with refund request,Customer reported a problem regarding refund request in LATAM.,0.4
ZD-226184,2026-06-08T07:00:00,Billing Inquiry,LATAM,Issue with billing inquiry,Customer reported a problem regarding billing inquiry in LATAM.,0.77
ZD-320256,2026-06-08T08:00:00,Account Access,NA,Issue with account access,Customer reported a problem regarding account access in NA.,-0.12
ZD-583169,2026-06-08T09:00:00,Payment Failure,GLOBAL,Issue with payment failure,Customer reported a problem regarding payment failure in GLOBAL.,0.44
ZD-570409,2026-06-08T10:00:00,Checkout Error,APAC,Issue with checkout error,Customer reported a problem regarding checkout error in APAC.,-0.36
ZD-208164,2026-06-08T11:00:00,Account Access,GLOBAL,Issue with account access,Customer reported a problem regarding account access in GLOBAL.,-0.41
ZD-994877,2026-06-08T12:00:00,Refund Request,APAC,Issue with refund request,Customer reported a problem regarding refund request in APAC.,-0.1
ZD-693321,2026-06-08T14:00:00,Performance Issue,NA,Issue with performance issue,Customer reported a problem regarding performance issue in NA.,-0.39
ZD-566721,2026-06-08T14:00:00,General Support,LATAM,Issue with general support,Customer reported a problem regarding general support in LATAM.,0.34
ZD-653472,2026-06-08T15:00:00,Mobile App Bug,APAC,Issue with mobile app bug,Customer reported a problem regarding mobile app bug in APAC.,-0.05
ZD-750669,2026-06-08T17:00:00,Billing Inquiry,EMEA,Issue with billing inquiry,Customer reported a problem regarding billing inquiry in EMEA.,0.33
ZD-423961,2026-06-08T19:00:00,General Support,GLOBAL,Issue with general support,Customer reported a problem regarding general support in GLOBAL.,-0.03
ZD-952515,2026-06-08T20:00:00,General Support,GLOBAL,Issue with general support,Customer reported a problem regarding general support in GLOBAL.,0.75
ZD-937831,2026-06-08T20:00:00,Checkout Error,NA,Issue with checkout error,Customer reported a problem regarding checkout error in NA.,0.65
ZD-532666,2026-06-08T21:00:00,Payment Failure,NA,Issue with payment failure,Customer reported a problem regarding payment failure in NA.,0.54
ZD-354786,2026-06-08T23:00:00,Refund Request,NA,Issue with refund request,Customer reported a problem regarding refund request in NA.,0.5
ZD-305822,2026-06-08T23:00:00,Order Tracking,EU,Issue with order tracking,Customer reported a problem regarding order tracking in EU.,-0.38
ZD-276204,2026-06-08T23:00:00,Order Tracking,LATAM,Issue with order tracking,Customer reported a problem regarding order tracking in LATAM.,-0.02
ZD-309051,2026-06-09T00:00:00,Refund Request,NA,Issue with refund request,Customer reported a problem regarding refund request in NA.,0.65
ZD-439137,2026-06-09T01:00:00,Account Access,LATAM,Issue with account access,Customer reported a problem regarding account access in LATAM.,0.3
ZD-824276,2026-06-09T02:00:00,Performance Issue,EMEA,Issue with performance issue,Customer reported a problem regarding performance issue in EMEA.,-0.48
ZD-735592,2026-06-09T03:00:00,Account Access,GLOBAL,Issue with account access,Customer reported a problem regarding account access in GLOBAL.,-0.07
ZD-410317,2026-06-09T03:00:00,Performance Issue,EU,Issue with performance issue,Customer reported a problem regarding performance issue in EU.,0.69
ZD-573358,2026-06-09T04:00:00,Checkout Error,NA,Issue with checkout error,Customer reported a problem regarding checkout error in NA.,0.41
ZD-988663,2026-06-09T05:00:00,Account Access,APAC,Issue with account access,Customer reported a problem regarding account access in APAC.,-0.16
ZD-145698,2026-06-09T06:00:00,Checkout Error,NA,Issue with checkout error,Customer reported a problem regarding checkout error in NA.,-0.12
ZD-165063,2026-06-09T08:00:00,Checkout Error,EMEA,Issue with checkout error,Customer reported a problem regarding checkout error in EMEA.,0.14
ZD-925595,2026-06-09T09:00:00,General Support,APAC,Issue with general support,Customer reported a problem regarding general support in APAC.,0.31
ZD-162348,2026-06-09T10:00:00,Billing Inquiry,EU,Issue with billing inquiry,Customer reported a problem regarding billing inquiry in EU.,0.7
ZD-997342,2026-06-09T10:00:00,Mobile App Bug,EMEA,Issue with mobile app bug,Customer reported a problem regarding mobile app bug in EMEA.,-0.35
ZD-522226,2026-06-09T10:00:00,General Support,LATAM,Issue with general support,Customer reported a problem regarding general support in LATAM.,-0.5
ZD-780822,2026-06-09T10:00:00,General Support,EMEA,Issue with general support,Customer reported a problem regarding general support in EMEA.,-0.09
ZD-117282,2026-06-09T11:00:00,Billing Inquiry,APAC,Issue with billing inquiry,Customer reported a problem regarding billing inquiry in APAC.,0.5
ZD-902552,2026-06-09T13:00:00,General Support,GLOBAL,Issue with general support,Customer reported a problem regarding general support in GLOBAL.,-0.13
ZD-606804,2026-06-09T13:00:00,Refund Request,NA,Issue with refund request,Customer reported a problem regarding refund request in NA.,-0.05
ZD-567847,2026-06-09T15:00:00,Order Tracking,APAC,Issue with order tracking,Customer reported a problem regarding order tracking in APAC.,0.65
ZD-802536,2026-06-09T15:00:00,Refund Request,LATAM,Issue with refund request,Customer reported a problem regarding refund request in LATAM.,-0.19
ZD-621134,2026-06-09T16:00:00,Refund Request,GLOBAL,Issue with refund request,Customer reported a problem regarding refund request in GLOBAL.,0.41
ZD-234858,2026-06-09T16:00:00,Mobile App Bug,LATAM,Issue with mobile app bug,Customer reported a problem regarding mobile app bug in LATAM.,0.55
ZD-543569,2026-06-09T16:00:00,Order Tracking,NA,Issue with order tracking,Customer reported a problem regarding order tracking in NA.,0.77
ZD-161772,2026-06-09T16:00:00,API Integration,LATAM,Issue with api integration,Customer reported a problem regarding api integration in LATAM.,0.37
ZD-661155,2026-06-09T16:00:00,API Integration,APAC,Issue with api integration,Customer reported a problem regarding api integration in APAC.,0.51
ZD-271649,2026-06-09T16:00:00,API Integration,NA,Issue with api integration,Customer reported a problem regarding api integration in NA.,0.16
ZD-720232,2026-06-09T17:00:00,Payment Failure,NA,Issue with payment failure,Customer reported a problem regarding payment failure in NA.,-0.35
ZD-540333,2026-06-09T18:00:00,API Integration,EU,Issue with api integration,Customer reported a problem regarding api integration in EU.,0.57
ZD-240287,2026-06-09T19:00:00,Billing Inquiry,LATAM,Issue with billing inquiry,Customer reported a problem regarding billing inquiry in LATAM.,0.33
ZD-847269,2026-06-09T19:00:00,Checkout Error,GLOBAL,Issue with checkout error,Customer reported a problem regarding checkout error in GLOBAL.,0.65
ZD-118830,2026-06-09T19:00:00,Account Access,NA,Issue with account access,Customer reported a problem regarding account access in NA.,0.04
ZD-248710,2026-06-09T20:00:00,Payment Failure,GLOBAL,Issue with payment failure,Customer reported a problem regarding payment failure in GLOBAL.,0.15
ZD-293576,2026-06-09T21:00:00,Mobile App Bug,LATAM,Issue with mobile app bug,Customer reported a problem regarding mobile app bug in LATAM.,0.05
ZD-414729,2026-06-09T21:00:00,Payment Failure,NA,Issue with payment failure,Customer reported a problem regarding payment failure in NA.,0.24
ZD-393397,2026-06-10T00:00:00,API Integration,GLOBAL,Issue with api integration,Customer reported a problem regarding api integration in GLOBAL.,-0.47
ZD-529934,2026-06-10T00:00:00,Mobile App Bug,EU,Issue with mobile app bug,Customer reported a problem regarding mobile app bug in EU.,0.47
ZD-252687,2026-06-10T01:00:00,Mobile App Bug,EMEA,Issue with mobile app bug,Customer reported a problem regarding mobile app bug in EMEA.,-0.18
ZD-833641,2026-06-10T01:00:00,Performance Issue,NA,Issue with performance issue,Customer reported a problem regarding performance issue in NA.,0.78
ZD-418341,2026-06-10T02:00:00,Performance Issue,EU,Issue with performance issue,Customer reported a problem regarding performance issue in EU.,-0.37
ZD-525253,2026-06-10T02:00:00,Account Access,GLOBAL,Issue with account access,Customer reported a problem regarding account access in GLOBAL.,0.39
ZD-991129,2026-06-10T03:00:00,Refund Request,GLOBAL,Issue with refund request,Customer reported a problem regarding refund request in GLOBAL.,-0.4
ZD-970494,2026-06-10T04:00:00,Mobile App Bug,LATAM,Issue with mobile app bug,Customer reported a problem regarding mobile app bug in LATAM.,0.57
ZD-965136,2026-06-10T04:00:00,General Support,APAC,Issue with general support,Customer reported a problem regarding general support in APAC.,-0.09
ZD-593587,2026-06-10T04:00:00,Performance Issue,NA,Issue with performance issue,Customer reported a problem regarding performance issue in NA.,0.52
ZD-222350,2026-06-10T05:00:00,General Support,LATAM,Issue with general support,Customer reported a problem regarding general support in LATAM.,0.61
ZD-581251,2026-06-10T05:00:00,Mobile App Bug,NA,Issue with mobile app bug,Customer reported a problem regarding mobile app bug in NA.,0.74
ZD-426774,2026-06-10T05:00:00,Order Tracking,EMEA,Issue with order tracking,Customer reported a problem regarding order tracking in EMEA.,0.17
ZD-433596,2026-06-10T06:00:00,API Integration,EU,Issue with api integration,Customer reported a problem regarding api integration in EU.,0.32
ZD-450290,2026-06-10T07:00:00,Performance Issue,EMEA,Issue with performance issue,Customer reported a problem regarding performance issue in EMEA.,0.73
ZD-680632,2026-06-10T09:00:00,Checkout Error,NA,Issue with checkout error,Customer reported a problem regarding checkout error in NA.,-0.4
ZD-605059,2026-06-10T09:00:00,Checkout Error,APAC,Issue with checkout error,Customer reported a problem regarding checkout error in APAC.,-0.31
ZD-654395,2026-06-10T09:00:00,Payment Failure,GLOBAL,Issue with payment failure,Customer reported a problem regarding payment failure in GLOBAL.,-0.44
ZD-564875,2026-06-10T09:00:00,Checkout Error,EMEA,Issue with checkout error,Customer reported a problem regarding checkout error in EMEA.,-0.11
ZD-577073,2026-06-10T10:00:00,API Integration,NA,Issue with api integration,Customer reported a problem regarding api integration in NA.,-0.3
ZD-468291,2026-06-10T11:00:00,Payment Failure,NA,Issue with payment failure,Customer reported a problem regarding payment failure in NA.,0.1
ZD-621052,2026-06-10T11:00:00,Billing Inquiry,GLOBAL,Issue with billing inquiry,Customer reported a problem regarding billing inquiry in GLOBAL.,-0.4
ZD-335216,2026-06-10T12:00:00,Billing Inquiry,EU,Issue with billing inquiry,Customer reported a problem regarding billing inquiry in EU.,0.61
ZD-113316,2026-06-10T13:00:00,API Integration,EMEA,Issue with api integration,Customer reported a problem regarding api integration in EMEA.,-0.01
ZD-923112,2026-06-10T14:00:00,Order Tracking,LATAM,Issue with order tracking,Customer reported a problem regarding order tracking in LATAM.,-0.25
ZD-269438,2026-06-10T14:00:00,Payment Failure,APAC,Issue with payment failure,Customer reported a problem regarding payment failure in APAC.,-0.3
ZD-634223,2026-06-10T14:00:00,API Integration,APAC,Issue with api integration,Customer reported a problem regarding api integration in APAC.,0.76
ZD-531944,2026-06-10T15:00:00,Payment Failure,GLOBAL,Issue with payment failure,Customer reported a problem regarding payment failure in GLOBAL.,-0.46
ZD-181382,2026-06-10T15:00:00,Billing Inquiry,EU,Issue with billing inquiry,Customer reported a problem regarding billing inquiry in EU.,0.44
ZD-796443,2026-06-10T15:00:00,Mobile App Bug,LATAM,Issue with mobile app bug,Customer reported a problem regarding mobile app bug in LATAM.,-0.15
ZD-576008,2026-06-10T16:00:00,Refund Request,EMEA,Issue with refund request,Customer reported a problem regarding refund request in EMEA.,-0.07
ZD-935809,2026-06-10T17:00:00,Billing Inquiry,EMEA,Issue with billing inquiry,Customer reported a problem regarding billing inquiry in EMEA.,-0.32
ZD-801603,2026-06-10T18:00:00,API Integration,EMEA,Issue with api integration,Customer reported a problem regarding api integration in EMEA.,-0.38
ZD-401319,2026-06-10T18:00:00,General Support,EU,Issue with general support,Customer reported a problem regarding general support in EU.,0.2
ZD-168060,2026-06-10T18:00:00,Refund Request,EMEA,Issue with refund request,Customer reported a problem regarding refund request in EMEA.,0.7
ZD-394200,2026-06-10T19:00:00,Mobile App Bug,GLOBAL,Issue with mobile app bug,Customer reported a problem regarding mobile app bug in GLOBAL.,0.78
ZD-940072,2026-06-10T19:00:00,Order Tracking,NA,Issue with order tracking,Customer reported a problem regarding order tracking in NA.,-0.35
ZD-550807,2026-06-10T20:00:00,Payment Failure,NA,Issue with payment failure,Customer reported a problem regarding payment failure in NA.,0.55
ZD-726280,2026-06-10T20:00:00,Refund Request,LATAM,Issue with refund request,Customer reported a problem regarding refund request in LATAM.,0.41
ZD-611042,2026-06-10T21:00:00,Payment Failure,LATAM,Issue with payment failure,Customer reported a problem regarding payment failure in LATAM.,0.46
ZD-570325,2026-06-10T22:00:00,Mobile App Bug,APAC,Issue with mobile app bug,Customer reported a problem regarding mobile app bug in APAC.,-0.46
ZD-680052,2026-06-10T22:00:00,General Support,EMEA,Issue with general support,Customer reported a problem regarding general support in EMEA.,0.78
ZD-719017,2026-06-11T02:00:00,Mobile App Bug,APAC,Issue with mobile app bug,Customer reported a problem regarding mobile app bug in APAC.,0.27
ZD-515511,2026-06-11T03:00:00,API Integration,NA,Issue with api integration,Customer reported a problem regarding api integration in NA.,0.5
ZD-407984,2026-06-11T03:00:00,Mobile App Bug,EU,Issue with mobile app bug,Customer reported a problem regarding mobile app bug in EU.,0.13
ZD-335054,2026-06-11T04:00:00,Account Access,EMEA,Issue with account access,Customer reported a problem regarding account access in EMEA.,0.7
ZD-504120,2026-06-11T05:00:00,Account Access,EMEA,Issue with account access,Customer reported a problem regarding account access in EMEA.,0.47
ZD-704728,2026-06-11T05:00:00,API Integration,NA,Issue with api integration,Customer reported a problem regarding api integration in NA.,0.53
ZD-756631,2026-06-11T06:00:00,API Integration,GLOBAL,Issue with api integration,Customer reported a problem regarding api integration in GLOBAL.,-0.34
ZD-407901,2026-06-11T08:00:00,API Integration,APAC,Issue with api integration,Customer reported a problem regarding api integration in APAC.,0.03
ZD-623144,2026-06-11T08:00:00,Performance Issue,EMEA,Issue with performance issue,Customer reported a problem regarding performance issue in EMEA.,0.75
ZD-573125,2026-06-11T10:00:00,Refund Request,LATAM,Issue with refund request,Customer reported a problem regarding refund request in LATAM.,0.03
ZD-156066,2026-06-11T11:00:00,Mobile App Bug,EMEA,Issue with mobile app bug,Customer reported a problem regarding mobile app bug in EMEA.,0.43
ZD-415813,2026-06-11T12:00:00,API Integration,LATAM,Issue with api integration,Customer reported a problem regarding api integration in LATAM.,0.59
ZD-310169,2026-06-11T14:00:00,Account Access,NA,Issue with account access,Customer reported a problem regarding account access in NA.,0.21
ZD-265855,2026-06-11T16:00:00,Order Tracking,GLOBAL,Issue with order tracking,Customer reported a problem regarding order tracking in GLOBAL.,-0.18
ZD-316299,2026-06-11T18:00:00,Mobile App Bug,LATAM,Issue with mobile app bug,Customer reported a problem regarding mobile app bug in LATAM.,0.38
ZD-303321,2026-06-11T18:00:00,General Support,EMEA,Issue with general support,Customer reported a problem regarding general support in EMEA.,-0.49
ZD-736241,2026-06-11T18:00:00,Payment Failure,EU,Issue with payment failure,Customer reported a problem regarding payment failure in EU.,0.16
ZD-176426,2026-06-11T19:00:00,Refund Request,EMEA,Issue with refund request,Customer reported a problem regarding refund request in EMEA.,-0.09
ZD-236230,2026-06-11T20:00:00,Account Access,NA,Issue with account access,Customer reported a problem regarding account access in NA.,0.53
ZD-829597,2026-06-11T20:00:00,Order Tracking,EMEA,Issue with order tracking,Customer reported a problem regarding order tracking in EMEA.,0.37
ZD-981351,2026-06-11T22:00:00,General Support,NA,Issue with general support,Customer reported a problem regarding general support in NA.,0.22
ZD-787373,2026-06-11T23:00:00,Mobile App Bug,APAC,Issue with mobile app bug,Customer reported a problem regarding mobile app bug in APAC.,0.2
ZD-346503,2026-06-11T23:00:00,Checkout Error,LATAM,Issue with checkout error,Customer reported a problem regarding checkout error in LATAM.,-0.46
ZD-912021,2026-06-12T00:00:00,Billing Inquiry,EMEA,Issue with billing inquiry,Customer reported a problem regarding billing inquiry in EMEA.,0.16
ZD-681444,2026-06-12T04:00:00,Mobile App Bug,NA,Issue with mobile app bug,Customer reported a problem regarding mobile app bug in NA.,-0.06
ZD-778755,2026-06-12T05:00:00,API Integration,EMEA,Issue with api integration,Customer reported a problem regarding api integration in EMEA.,-0.28
ZD-653820,2026-06-12T05:00:00,Payment Failure,EMEA,Issue with payment failure,Customer reported a problem regarding payment failure in EMEA.,0.39
ZD-942595,2026-06-12T08:00:00,Mobile App Bug,GLOBAL,Issue with mobile app bug,Customer reported a problem regarding mobile app bug in GLOBAL.,0.18
ZD-474501,2026-06-12T08:00:00,Account Access,EU,Issue with account access,Customer reported a problem regarding account access in EU.,-0.2
ZD-209656,2026-06-12T08:00:00,Order Tracking,NA,Issue with order tracking,Customer reported a problem regarding order tracking in NA.,0.74
ZD-149197,2026-06-12T10:00:00,Order Tracking,GLOBAL,Issue with order tracking,Customer reported a problem regarding order tracking in GLOBAL.,-0.04
ZD-987504,2026-06-12T11:00:00,Checkout Error,NA,Issue with checkout error,Customer reported a problem regarding checkout error in NA.,-0.13
ZD-236632,2026-06-12T11:00:00,Mobile App Bug,APAC,Issue with mobile app bug,Customer reported a problem regarding mobile app bug in APAC.,0.4
ZD-763864,2026-06-12T23:00:00,Refund Request,NA,Issue with refund request,Customer reported a problem regarding refund request in NA.,0.54
ZD-629528,2026-06-12T23:00:00,General Support,EU,Issue with general support,Customer reported a problem regarding general support in EU.,-0.0
ZD-871796,2026-06-13T00:00:00,Mobile App Bug,EU,Issue with mobile app bug,Customer reported a problem regarding mobile app bug in EU.,0.78
ZD-170012,2026-06-13T01:00:00,API Integration,LATAM,Issue with api integration,Customer reported a problem regarding api integration in LATAM.,-0.11
ZD-296986,2026-06-13T01:00:00,Checkout Error,EMEA,Issue with checkout error,Customer reported a problem regarding checkout error in EMEA.,0.45
ZD-398594,2026-06-13T02:00:00,Account Access,GLOBAL,Issue with account access,Customer reported a problem regarding account access in GLOBAL.,0.42
ZD-228459,2026-06-13T02:00:00,Checkout Error,EMEA,Issue with checkout error,Customer reported a problem regarding checkout error in EMEA.,-0.19
ZD-365017,2026-06-13T02:00:00,Mobile App Bug,NA,Issue with mobile app bug,Customer reported a problem regarding mobile app bug in NA.,-0.23
ZD-234936,2026-06-13T04:00:00,Account Access,GLOBAL,Issue with account access,Customer reported a problem regarding account access in GLOBAL.,-0.16
ZD-681035,2026-06-13T04:00:00,API Integration,GLOBAL,Issue with api integration,Customer reported a problem regarding api integration in GLOBAL.,0.16
ZD-112820,2026-06-13T04:00:00,General Support,EMEA,Issue with general support,Customer reported a problem regarding general support in EMEA.,0.02
ZD-207990,2026-06-13T04:00:00,General Support,APAC,Issue with general support,Customer reported a problem regarding general support in APAC.,-0.3
ZD-176315,2026-06-13T04:00:00,Mobile App Bug,EMEA,Issue with mobile app bug,Customer reported a problem regarding mobile app bug in EMEA.,-0.07
ZD-224690,2026-06-13T05:00:00,Checkout Error,EU,Issue with checkout error,Customer reported a problem regarding checkout error in EU.,0.1
ZD-346250,2026-06-13T05:00:00,Performance Issue,GLOBAL,Issue with performance issue,Customer reported a problem regarding performance issue in GLOBAL.,-0.34
ZD-140476,2026-06-13T06:00:00,API Integration,NA,Issue with api integration,Customer reported a problem regarding api integration in NA.,0.22
ZD-960745,2026-06-13T07:00:00,Payment Failure,GLOBAL,Issue with payment failure,Customer reported a problem regarding payment failure in GLOBAL.,0.22
ZD-199185,2026-06-13T07:00:00,Refund Request,APAC,Issue with refund request,Customer reported a problem regarding refund request in APAC.,-0.18
ZD-147315,2026-06-13T07:00:00,API Integration,LATAM,Issue with api integration,Customer reported a problem regarding api integration in LATAM.,0.19
ZD-640785,2026-06-13T07:00:00,Mobile App Bug,EMEA,Issue with mobile app bug,Customer reported a problem regarding mobile app bug in EMEA.,0.08
ZD-696851,2026-06-13T07:00:00,API Integration,NA,Issue with api integration,Customer reported a problem regarding api integration in NA.,-0.39
ZD-870169,2026-06-13T08:00:00,API Integration,GLOBAL,Issue with api integration,Customer reported a problem regarding api integration in GLOBAL.,0.1
ZD-290396,2026-06-13T10:00:00,Refund Request,EMEA,Issue with refund request,Customer reported a problem regarding refund request in EMEA.,0.39
ZD-303858,2026-06-13T11:00:00,Account Access,LATAM,Issue with account access,Customer reported a problem regarding account access in LATAM.,0.21
ZD-597570,2026-06-13T11:00:00,Payment Failure,LATAM,Issue with payment failure,Customer reported a problem regarding payment failure in LATAM.,0.31
ZD-616881,2026-06-13T11:00:00,Checkout Error,LATAM,Issue with checkout error,Customer reported a problem regarding checkout error in LATAM.,0.7
ZD-362820,2026-06-13T13:00:00,Payment Failure,EU,Issue with payment failure,Customer reported a problem regarding payment failure in EU.,-0.38
ZD-285582,2026-06-13T13:00:00,Performance Issue,GLOBAL,Issue with performance issue,Customer reported a problem regarding performance issue in GLOBAL.,-0.41
ZD-768968,2026-06-13T13:00:00,General Support,NA,Issue with general support,Customer reported a problem regarding general support in NA.,0.2
ZD-217733,2026-06-13T14:00:00,Account Access,GLOBAL,Issue with account access,Customer reported a problem regarding account access in GLOBAL.,-0.17
ZD-549937,2026-06-13T15:00:00,Performance Issue,EU,Issue with performance issue,Customer reported a problem regarding performance issue in EU.,0.33
ZD-266947,2026-06-13T16:00:00,General Support,LATAM,Issue with general support,Customer reported a problem regarding general support in LATAM.,0.06
ZD-217429,2026-06-13T17:00:00,API Integration,APAC,Issue with api integration,Customer reported a problem regarding api integration in APAC.,-0.23
ZD-890385,2026-06-13T17:00:00,General Support,APAC,Issue with general support,Customer reported a problem regarding general support in APAC.,0.4
ZD-906882,2026-06-13T18:00:00,Mobile App Bug,EMEA,Issue with mobile app bug,Customer reported a problem regarding mobile app bug in EMEA.,0.1
ZD-742056,2026-06-13T19:00:00,Account Access,EMEA,Issue with account access,Customer reported a problem regarding account access in EMEA.,0.01
ZD-703647,2026-06-13T19:00:00,Refund Request,EMEA,Issue with refund request,Customer reported a problem regarding refund request in EMEA.,0.69
ZD-243283,2026-06-13T23:00:00,Order Tracking,APAC,Issue with order tracking,Customer reported a problem regarding order tracking in APAC.,0.02
ZD-645695,2026-06-14T00:00:00,Order Tracking,LATAM,Issue with order tracking,Customer reported a problem regarding order tracking in LATAM.,-0.03
ZD-993830,2026-06-14T00:00:00,Performance Issue,EMEA,Issue with performance issue,Customer reported a problem regarding performance issue in EMEA.,-0.49
ZD-850269,2026-06-14T00:00:00,Payment Failure,EU,Issue with payment failure,Customer reported a problem regarding payment failure in EU.,0.58
ZD-567624,2026-06-14T00:00:00,Performance Issue,EU,Issue with performance issue,Customer reported a problem regarding performance issue in EU.,0.12
ZD-950243,2026-06-14T01:00:00,API Integration,EU,Issue with api integration,Customer reported a problem regarding api integration in EU.,-0.23
ZD-804914,2026-06-14T01:00:00,General Support,APAC,Issue with general support,Customer reported a problem regarding general support in APAC.,0.59
ZD-395701,2026-06-14T02:00:00,Refund Request,APAC,Issue with refund request,Customer reported a problem regarding refund request in APAC.,0.19
ZD-979099,2026-06-14T03:00:00,Performance Issue,EU,Issue with performance issue,Customer reported a problem regarding performance issue in EU.,0.48
ZD-366511,2026-06-14T04:00:00,API Integration,EMEA,Issue with api integration,Customer reported a problem regarding api integration in EMEA.,0.03
ZD-918276,2026-06-14T04:00:00,Payment Failure,GLOBAL,Issue with payment failure,Customer reported a problem regarding payment failure in GLOBAL.,-0.34
ZD-527482,2026-06-14T06:00:00,Order Tracking,EU,Issue with order tracking,Customer reported a problem regarding order tracking in EU.,0.74
ZD-817788,2026-06-14T06:00:00,Checkout Error,NA,Issue with checkout error,Customer reported a problem regarding checkout error in NA.,0.76
ZD-217755,2026-06-14T06:00:00,Checkout Error,NA,Issue with checkout error,Customer reported a problem regarding checkout error in NA.,0.25
ZD-796537,2026-06-14T07:00:00,Performance Issue,EU,Issue with performance issue,Customer reported a problem regarding performance issue in EU.,-0.31
ZD-656351,2026-06-14T07:00:00,Account Access,EMEA,Issue with account access,Customer reported a problem regarding account access in EMEA.,0.68
ZD-399554,2026-06-14T08:00:00,Payment Failure,EMEA,Issue with payment failure,Customer reported a problem regarding payment failure in EMEA.,-0.31
ZD-720279,2026-06-14T09:00:00,Account Access,EMEA,Issue with account access,Customer reported a problem regarding account access in EMEA.,-0.44
ZD-178403,2026-06-14T09:00:00,General Support,EU,Issue with general support,Customer reported a problem regarding general support in EU.,0.77
ZD-449555,2026-06-14T09:00:00,Refund Request,GLOBAL,Issue with refund request,Customer reported a problem regarding refund request in GLOBAL.,0.26
ZD-562904,2026-06-14T10:00:00,Refund Request,NA,Issue with refund request,Customer reported a problem regarding refund request in NA.,-0.29
ZD-576840,2026-06-14T12:00:00,Order Tracking,EMEA,Issue with order tracking,Customer reported a problem regarding order tracking in EMEA.,0.39
ZD-476327,2026-06-14T13:00:00,Payment Failure,NA,Issue with payment failure,Customer reported a problem regarding payment failure in NA.,0.17
ZD-264124,2026-06-14T13:00:00,General Support,APAC,Issue with general support,Customer reported a problem regarding general support in APAC.,-0.16
ZD-753935,2026-06-14T15:00:00,Payment Failure,GLOBAL,Issue with payment failure,Customer reported a problem regarding payment failure in GLOBAL.,0.44
ZD-809917,2026-06-14T17:00:00,Refund Request,EU,Issue with refund request,Customer reported a problem regarding refund request in EU.,0.76
ZD-525759,2026-06-14T17:00:00,API Integration,GLOBAL,Issue with api integration,Customer reported a problem regarding api integration in GLOBAL.,0.1
ZD-408851,2026-06-14T18:00:00,Order Tracking,LATAM,Issue with order tracking,Customer reported a problem regarding order tracking in LATAM.,0.5
ZD-870229,2026-06-14T19:00:00,General Support,GLOBAL,Issue with general support,Customer reported a problem regarding general support in GLOBAL.,-0.26
ZD-621095,2026-06-14T21:00:00,API Integration,EU,Issue with api integration,Customer reported a problem regarding api integration in EU.,-0.31
ZD-819993,2026-06-14T23:00:00,Payment Failure,EMEA,Issue with payment failure,Customer reported a problem regarding payment failure in EMEA.,0.5
ZD-294742,2026-06-15T01:00:00,Checkout Error,LATAM,Issue with checkout error,Customer reported a problem regarding checkout error in LATAM.,0.23
ZD-302492,2026-06-15T03:00:00,Billing Inquiry,LATAM,Issue with billing inquiry,Customer reported a problem regarding billing inquiry in LATAM.,-0.01
ZD-703160,2026-06-15T04:00:00,General Support,EMEA,Issue with general support,Customer reported a problem regarding general support in EMEA.,0.66
ZD-950031,2026-06-15T06:00:00,API Integration,NA,Issue with api integration,Customer reported a problem regarding api integration in NA.,0.33
ZD-277833,2026-06-15T07:00:00,Account Access,LATAM,Issue with account access,Customer reported a problem regarding account access in LATAM.,-0.17
ZD-743398,2026-06-15T08:00:00,Checkout Error,NA,Issue with checkout error,Customer reported a problem regarding checkout error in NA.,0.53
ZD-870598,2026-06-15T08:00:00,Checkout Error,GLOBAL,Issue with checkout error,Customer reported a problem regarding checkout error in GLOBAL.,0.01
ZD-496768,2026-06-15T09:00:00,API Integration,GLOBAL,Issue with api integration,Customer reported a problem regarding api integration in GLOBAL.,-0.35
ZD-118756,2026-06-15T10:00:00,Refund Request,GLOBAL,Issue with refund request,Customer reported a problem regarding refund request in GLOBAL.,0.42
ZD-344641,2026-06-15T11:00:00,Billing Inquiry,NA,Issue with billing inquiry,Customer reported a problem regarding billing inquiry in NA.,-0.12
ZD-628701,2026-06-15T12:00:00,Mobile App Bug,APAC,Issue with mobile app bug,Customer reported a problem regarding mobile app bug in APAC.,0.54
ZD-443768,2026-06-15T12:00:00,Checkout Error,EMEA,Issue with checkout error,Customer reported a problem regarding checkout error in EMEA.,0.73
ZD-854164,2026-06-15T12:00:00,Refund Request,GLOBAL,Issue with refund request,Customer reported a problem regarding refund request in GLOBAL.,0.23
ZD-208369,2026-06-15T12:00:00,Billing Inquiry,GLOBAL,Issue with billing inquiry,Customer reported a problem regarding billing inquiry in GLOBAL.,0.01
ZD-527093,2026-06-15T14:00:00,Billing Inquiry,EMEA,Issue with billing inquiry,Customer reported a problem regarding billing inquiry in EMEA.,0.16
ZD-375816,2026-06-15T15:00:00,Performance Issue,EMEA,Issue with performance issue,Customer reported a problem regarding performance issue in EMEA.,-0.31
ZD-548768,2026-06-15T15:00:00,Billing Inquiry,EMEA,Issue with billing inquiry,Customer reported a problem regarding billing inquiry in EMEA.,0.03
ZD-630425,2026-06-15T15:00:00,Account Access,EU,Issue with account access,Customer reported a problem regarding account access in EU.,0.47
ZD-189551,2026-06-15T16:00:00,Account Access,EU,Issue with account access,Customer reported a problem regarding account access in EU.,0.73
ZD-867256,2026-06-15T17:00:00,Billing Inquiry,LATAM,Issue with billing inquiry,Customer reported a problem regarding billing inquiry in LATAM.,0.55
ZD-980334,2026-06-15T17:00:00,Refund Request,EMEA,Issue with refund request,Customer reported a problem regarding refund request in EMEA.,0.52
ZD-433084,2026-06-15T17:00:00,Checkout Error,APAC,Issue with checkout error,Customer reported a problem regarding checkout error in APAC.,-0.49
ZD-480578,2026-06-15T17:00:00,Checkout Error,GLOBAL,Issue with checkout error,Customer reported a problem regarding checkout error in GLOBAL.,0.71
ZD-260819,2026-06-15T18:00:00,General Support,EMEA,Issue with general support,Customer reported a problem regarding general support in EMEA.,0.29
ZD-336013,2026-06-15T18:00:00,Refund Request,GLOBAL,Issue with refund request,Customer reported a problem regarding refund request in GLOBAL.,-0.38
ZD-170698,2026-06-15T19:00:00,Payment Failure,NA,Issue with payment failure,Customer reported a problem regarding payment failure in NA.,0.76
ZD-141790,2026-06-15T19:00:00,Payment Failure,NA,Issue with payment failure,Customer reported a problem regarding payment failure in NA.,0.49
ZD-897010,2026-06-15T19:00:00,General Support,EU,Issue with general support,Customer reported a problem regarding general support in EU.,0.39
ZD-439523,2026-06-15T20:00:00,Order Tracking,EU,Issue with order tracking,Customer reported a problem regarding order tracking in EU.,0.66
ZD-482525,2026-06-15T21:00:00,Mobile App Bug,NA,Issue with mobile app bug,Customer reported a problem regarding mobile app bug in NA.,0.11
ZD-824878,2026-06-15T21:00:00,Checkout Error,LATAM,Issue with checkout error,Customer reported a problem regarding checkout error in LATAM.,0.08
ZD-229192,2026-06-15T21:00:00,Performance Issue,LATAM,Issue with performance issue,Customer reported a problem regarding performance issue in LATAM.,-0.13
ZD-573546,2026-06-15T22:00:00,Payment Failure,NA,Issue with payment failure,Customer reported a problem regarding payment failure in NA.,0.22
ZD-698033,2026-06-15T22:00:00,Order Tracking,EU,Issue with order tracking,Customer reported a problem regarding order tracking in EU.,-0.08
ZD-678050,2026-06-15T22:00:00,Payment Failure,APAC,Issue with payment failure,Customer reported a problem regarding payment failure in APAC.,-0.3
ZD-582549,2026-06-15T23:00:00,Account Access,LATAM,Issue with account access,Customer reported a problem regarding account access in LATAM.,-0.04
ZD-707467,2026-06-15T23:00:00,Refund Request,APAC,Issue with refund request,Customer reported a problem regarding refund request in APAC.,0.5
ZD-620719,2026-06-15T23:00:00,Order Tracking,LATAM,Issue with order tracking,Customer reported a problem regarding order tracking in LATAM.,-0.4
ZD-974827,2026-06-16T01:00:00,Account Access,NA,Issue with account access,Customer reported a problem regarding account access in NA.,0.76
ZD-340926,2026-06-16T01:00:00,Order Tracking,NA,Issue with order tracking,Customer reported a problem regarding order tracking in NA.,0.79
ZD-213321,2026-06-16T01:00:00,Billing Inquiry,LATAM,Issue with billing inquiry,Customer reported a problem regarding billing inquiry in LATAM.,-0.1
ZD-253214,2026-06-16T02:00:00,Payment Failure,NA,Issue with payment failure,Customer reported a problem regarding payment failure in NA.,0.53
ZD-407451,2026-06-16T02:00:00,Account Access,EMEA,Issue with account access,Customer reported a problem regarding account access in EMEA.,0.64
ZD-495399,2026-06-16T02:00:00,API Integration,LATAM,Issue with api integration,Customer reported a problem regarding api integration in LATAM.,-0.11
ZD-298033,2026-06-16T02:00:00,Mobile App Bug,NA,Issue with mobile app bug,Customer reported a problem regarding mobile app bug in NA.,0.75
ZD-547513,2026-06-16T02:00:00,Order Tracking,EU,Issue with order tracking,Customer reported a problem regarding order tracking in EU.,0.73
ZD-384494,2026-06-16T03:00:00,Performance Issue,LATAM,Issue with performance issue,Customer reported a problem regarding performance issue in LATAM.,0.69
ZD-958185,2026-06-16T03:00:00,Account Access,NA,Issue with account access,Customer reported a problem regarding account access in NA.,0.61
ZD-335282,2026-06-16T05:00:00,Checkout Error,EMEA,Issue with checkout error,Customer reported a problem regarding checkout error in EMEA.,0.01
ZD-938412,2026-06-16T09:00:00,Performance Issue,NA,Issue with performance issue,Customer reported a problem regarding performance issue in NA.,-0.22
ZD-783450,2026-06-16T09:00:00,Refund Request,NA,Issue with refund request,Customer reported a problem regarding refund request in NA.,-0.3
ZD-148168,2026-06-16T11:00:00,General Support,EMEA,Issue with general support,Customer reported a problem regarding general support in EMEA.,0.17
ZD-287968,2026-06-16T12:00:00,Performance Issue,NA,Issue with performance issue,Customer reported a problem regarding performance issue in NA.,0.28
ZD-882430,2026-06-16T13:00:00,Payment Failure,LATAM,Issue with payment failure,Customer reported a problem regarding payment failure in LATAM.,-0.44
ZD-753937,2026-06-16T13:00:00,Payment Failure,EU,Issue with payment failure,Customer reported a problem regarding payment failure in EU.,-0.14
ZD-196451,2026-06-16T13:00:00,General Support,APAC,Issue with general support,Customer reported a problem regarding general support in APAC.,-0.23
ZD-877630,2026-06-16T13:00:00,Mobile App Bug,GLOBAL,Issue with mobile app bug,Customer reported a problem regarding mobile app bug in GLOBAL.,0.27
ZD-627239,2026-06-16T15:00:00,Checkout Error,NA,Issue with checkout error,Customer reported a problem regarding checkout error in NA.,-0.06
ZD-601187,2026-06-16T15:00:00,Mobile App Bug,LATAM,Issue with mobile app bug,Customer reported a problem regarding mobile app bug in LATAM.,-0.11
ZD-711142,2026-06-16T16:00:00,Order Tracking,EMEA,Issue with order tracking,Customer reported a problem regarding order tracking in EMEA.,0.74
ZD-821241,2026-06-16T19:00:00,Billing Inquiry,LATAM,Issue with billing inquiry,Customer reported a problem regarding billing inquiry in LATAM.,-0.13
ZD-263901,2026-06-16T20:00:00,Mobile App Bug,APAC,Issue with mobile app bug,Customer reported a problem regarding mobile app bug in APAC.,-0.29
ZD-141141,2026-06-16T21:00:00,Performance Issue,LATAM,Issue with performance issue,Customer reported a problem regarding performance issue in LATAM.,0.37
ZD-715277,2026-06-16T23:00:00,Checkout Error,EU,Issue with checkout error,Customer reported a problem regarding checkout error in EU.,0.09
ZD-860054,2026-06-16T23:00:00,Account Access,LATAM,Issue with account access,Customer reported a problem regarding account access in LATAM.,-0.07
ZD-263331,2026-06-16T23:00:00,Refund Request,EU,Issue with refund request,Customer reported a problem regarding refund request in EU.,0.28
ZD-512161,2026-06-17T00:00:00,API Integration,LATAM,Issue with api integration,Customer reported a problem regarding api integration in LATAM.,0.38
ZD-827097,2026-06-17T00:00:00,Order Tracking,EMEA,Issue with order tracking,Customer reported a problem regarding order tracking in EMEA.,0.53
ZD-890987,2026-06-17T00:00:00,Performance Issue,NA,Issue with performance issue,Customer reported a problem regarding performance issue in NA.,0.29
ZD-906074,2026-06-17T01:00:00,Performance Issue,EMEA,Issue with performance issue,Customer reported a problem regarding performance issue in EMEA.,0.6
ZD-727095,2026-06-17T01:00:00,Payment Failure,EMEA,Issue with payment failure,Customer reported a problem regarding payment failure in EMEA.,0.43
ZD-104360,2026-06-17T02:00:00,General Support,EU,Issue with general support,Customer reported a problem regarding general support in EU.,-0.17
ZD-546907,2026-06-17T04:00:00,Performance Issue,NA,Issue with performance issue,Customer reported a problem regarding performance issue in NA.,0.72
ZD-886749,2026-06-17T09:00:00,General Support,EU,Issue with general support,Customer reported a problem regarding general support in EU.,0.27
ZD-547049,2026-06-17T10:00:00,Refund Request,APAC,Issue with refund request,Customer reported a problem regarding refund request in APAC.,0.41
ZD-997892,2026-06-17T12:00:00,Mobile App Bug,LATAM,Issue with mobile app bug,Customer reported a problem regarding mobile app bug in LATAM.,-0.06
ZD-219781,2026-06-17T12:00:00,Performance Issue,LATAM,Issue with performance issue,Customer reported a problem regarding performance issue in LATAM.,0.54
ZD-997411,2026-06-17T13:00:00,Account Access,APAC,Issue with account access,Customer reported a problem regarding account access in APAC.,-0.01
ZD-328648,2026-06-17T13:00:00,Mobile App Bug,NA,Issue with mobile app bug,Customer reported a problem regarding mobile app bug in NA.,0.12
ZD-971320,2026-06-17T15:00:00,Order Tracking,LATAM,Issue with order tracking,Customer reported a problem regarding order tracking in LATAM.,0.7
ZD-427752,2026-06-17T16:00:00,Payment Failure,EMEA,Issue with payment failure,Customer reported a problem regarding payment failure in EMEA.,0.75
ZD-279398,2026-06-17T16:00:00,General Support,GLOBAL,Issue with general support,Customer reported a problem regarding general support in GLOBAL.,0.1
ZD-126159,2026-06-17T19:00:00,General Support,EMEA,Issue with general support,Customer reported a problem regarding general support in EMEA.,0.25
ZD-854064,2026-06-17T19:00:00,API Integration,NA,Issue with api integration,Customer reported a problem regarding api integration in NA.,-0.18
ZD-701302,2026-06-17T19:00:00,Refund Request,APAC,Issue with refund request,Customer reported a problem regarding refund request in APAC.,0.78
ZD-187593,2026-06-17T19:00:00,Checkout Error,NA,Issue with checkout error,Customer reported a problem regarding checkout error in NA.,-0.33
ZD-104951,2026-06-17T20:00:00,Checkout Error,EMEA,Issue with checkout error,Customer reported a problem regarding checkout error in EMEA.,0.53
ZD-393869,2026-06-17T22:00:00,Billing Inquiry,EMEA,Issue with billing inquiry,Customer reported a problem regarding billing inquiry in EMEA.,0.12
ZD-738840,2026-06-17T23:00:00,API Integration,NA,Issue with api integration,Customer reported a problem regarding api integration in NA.,-0.3
ZD-233760,2026-06-18T01:00:00,Account Access,EMEA,Issue with account access,Customer reported a problem regarding account access in EMEA.,0.57
ZD-713160,2026-06-18T01:00:00,Payment Failure,EU,Issue with payment failure,Customer reported a problem regarding payment failure in EU.,0.31
ZD-738582,2026-06-18T01:00:00,Checkout Error,EMEA,Issue with checkout error,Customer reported a problem regarding checkout error in EMEA.,-0.12
ZD-970881,2026-06-18T01:00:00,Order Tracking,NA,Issue with order tracking,Customer reported a problem regarding order tracking in NA.,-0.31
ZD-656415,2026-06-18T02:00:00,Checkout Error,EMEA,Issue with checkout error,Customer reported a problem regarding checkout error in EMEA.,-0.49
ZD-934858,2026-06-18T04:00:00,API Integration,EMEA,Issue with api integration,Customer reported a problem regarding api integration in EMEA.,-0.33
ZD-755816,2026-06-18T04:00:00,Billing Inquiry,EMEA,Issue with billing inquiry,Customer reported a problem regarding billing inquiry in EMEA.,-0.18
ZD-619250,2026-06-18T05:00:00,Checkout Error,LATAM,Issue with checkout error,Customer reported a problem regarding checkout error in LATAM.,-0.09
ZD-830403,2026-06-18T06:00:00,General Support,APAC,Issue with general support,Customer reported a problem regarding general support in APAC.,0.41
ZD-392502,2026-06-18T06:00:00,Mobile App Bug,LATAM,Issue with mobile app bug,Customer reported a problem regarding mobile app bug in LATAM.,0.31
ZD-194120,2026-06-18T11:00:00,General Support,EMEA,Issue with general support,Customer reported a problem regarding general support in EMEA.,-0.08
ZD-568540,2026-06-18T16:00:00,Order Tracking,NA,Issue with order tracking,Customer reported a problem regarding order tracking in NA.,0.47
ZD-157485,2026-06-18T17:00:00,General Support,EU,Issue with general support,Customer reported a problem regarding general support in EU.,0.1
ZD-762267,2026-06-18T18:00:00,Account Access,NA,Issue with account access,Customer reported a problem regarding account access in NA.,-0.49
ZD-471202,2026-06-18T20:00:00,Checkout Error,EMEA,Issue with checkout error,Customer reported a problem regarding checkout error in EMEA.,-0.23
ZD-130462,2026-06-18T21:00:00,General Support,EU,Issue with general support,Customer reported a problem regarding general support in EU.,0.67
ZD-686645,2026-06-18T21:00:00,Checkout Error,APAC,Issue with checkout error,Customer reported a problem regarding checkout error in APAC.,0.38
ZD-533115,2026-06-18T23:00:00,Refund Request,APAC,Issue with refund request,Customer reported a problem regarding refund request in APAC.,-0.03
ZD-939585,2026-06-19T04:00:00,Order Tracking,EU,Issue with order tracking,Customer reported a problem regarding order tracking in EU.,-0.35
ZD-310184,2026-06-19T05:00:00,Mobile App Bug,NA,Issue with mobile app bug,Customer reported a problem regarding mobile app bug in NA.,0.75
ZD-562426,2026-06-19T06:00:00,Checkout Error,APAC,Issue with checkout error,Customer reported a problem regarding checkout error in APAC.,-0.18
ZD-388831,2026-06-19T06:00:00,Payment Failure,NA,Issue with payment failure,Customer reported a problem regarding payment failure in NA.,-0.35
ZD-993022,2026-06-19T07:00:00,General Support,EU,Issue with general support,Customer reported a problem regarding general support in EU.,-0.46
ZD-501119,2026-06-19T08:00:00,Mobile App Bug,LATAM,Issue with mobile app bug,Customer reported a problem regarding mobile app bug in LATAM.,-0.08
ZD-288694,2026-06-19T08:00:00,Payment Failure,APAC,Issue with payment failure,Customer reported a problem regarding payment failure in APAC.,-0.45
ZD-806349,2026-06-19T09:00:00,General Support,NA,Issue with general support,Customer reported a problem regarding general support in NA.,-0.33
ZD-428211,2026-06-19T11:00:00,Account Access,APAC,Issue with account access,Customer reported a problem regarding account access in APAC.,0.47
ZD-252825,2026-06-19T13:00:00,Checkout Error,GLOBAL,Issue with checkout error,Customer reported a problem regarding checkout error in GLOBAL.,-0.4
ZD-640387,2026-06-19T14:00:00,Account Access,EU,Issue with account access,Customer reported a problem regarding account access in EU.,0.53
ZD-163985,2026-06-19T14:00:00,Account Access,EU,Issue with account access,Customer reported a problem regarding account access in EU.,-0.46
ZD-695478,2026-06-19T14:00:00,Mobile App Bug,EMEA,Issue with mobile app bug,Customer reported a problem regarding mobile app bug in EMEA.,0.04
ZD-346583,2026-06-19T16:00:00,Account Access,GLOBAL,Issue with account access,Customer reported a problem regarding account access in GLOBAL.,0.6
ZD-270171,2026-06-19T17:00:00,Performance Issue,GLOBAL,Issue with performance issue,Customer reported a problem regarding performance issue in GLOBAL.,0.57
ZD-975908,2026-06-19T19:00:00,Account Access,LATAM,Issue with account access,Customer reported a problem regarding account access in LATAM.,0.53
ZD-974071,2026-06-19T21:00:00,General Support,GLOBAL,Issue with general support,Customer reported a problem regarding general support in GLOBAL.,0.18
ZD-262705,2026-06-19T22:00:00,Account Access,EU,Issue with account access,Customer reported a problem regarding account access in EU.,0.31
ZD-840362,2026-06-20T00:00:00,Account Access,NA,Issue with account access,Customer reported a problem regarding account access in NA.,0.38
ZD-634447,2026-06-20T02:00:00,Refund Request,EU,Issue with refund request,Customer reported a problem regarding refund request in EU.,-0.43
ZD-983625,2026-06-20T13:00:00,Checkout Error,APAC,Issue with checkout error,Customer reported a problem regarding checkout error in APAC.,-0.29
ZD-685147,2026-06-20T14:00:00,Billing Inquiry,LATAM,Issue with billing inquiry,Customer reported a problem regarding billing inquiry in LATAM.,0.71
ZD-909299,2026-06-20T15:00:00,Payment Failure,LATAM,Issue with payment failure,Customer reported a problem regarding payment failure in LATAM.,0.38
ZD-217058,2026-06-20T19:00:00,Mobile App Bug,EMEA,Issue with mobile app bug,Customer reported a problem regarding mobile app bug in EMEA.,-0.37
ZD-928542,2026-06-20T19:00:00,Mobile App Bug,EU,Issue with mobile app bug,Customer reported a problem regarding mobile app bug in EU.,-0.39
ZD-559011,2026-06-20T20:00:00,API Integration,NA,Issue with api integration,Customer reported a problem regarding api integration in NA.,0.66
ZD-809959,2026-06-20T21:00:00,Order Tracking,APAC,Issue with order tracking,Customer reported a problem regarding order tracking in APAC.,0.45
ZD-185249,2026-06-20T22:00:00,General Support,EU,Issue with general support,Customer reported a problem regarding general support in EU.,-0.07
ZD-422125,2026-06-21T00:00:00,Mobile App Bug,NA,Issue with mobile app bug,Customer reported a problem regarding mobile app bug in NA.,0.76
ZD-532140,2026-06-21T01:00:00,Order Tracking,LATAM,Issue with order tracking,Customer reported a problem regarding order tracking in LATAM.,0.65
ZD-219832,2026-06-21T01:00:00,Refund Request,EU,Issue with refund request,Customer reported a problem regarding refund request in EU.,0.46
ZD-986136,2026-06-21T03:00:00,API Integration,EMEA,Issue with api integration,Customer reported a problem regarding api integration in EMEA.,0.74
ZD-122390,2026-06-21T03:00:00,Account Access,NA,Issue with account access,Customer reported a problem regarding account access in NA.,0.29
ZD-486476,2026-06-21T03:00:00,API Integration,GLOBAL,Issue with api integration,Customer reported a problem regarding api integration in GLOBAL.,-0.2
ZD-859400,2026-06-21T03:00:00,API Integration,EU,Issue with api integration,Customer reported a problem regarding api integration in EU.,0.64
ZD-783479,2026-06-21T05:00:00,Billing Inquiry,GLOBAL,Issue with billing inquiry,Customer reported a problem regarding billing inquiry in GLOBAL.,0.79
ZD-896984,2026-06-21T08:00:00,General Support,NA,Issue with general support,Customer reported a problem regarding general support in NA.,0.59
ZD-188900,2026-06-21T09:00:00,Mobile App Bug,EU,Issue with mobile app bug,Customer reported a problem regarding mobile app bug in EU.,-0.44
ZD-945255,2026-06-21T09:00:00,API Integration,NA,Issue with api integration,Customer reported a problem regarding api integration in NA.,0.74
ZD-157283,2026-06-21T09:00:00,Mobile App Bug,EU,Issue with mobile app bug,Customer reported a problem regarding mobile app bug in EU.,-0.25
ZD-820672,2026-06-21T09:00:00,Performance Issue,LATAM,Issue with performance issue,Customer reported a problem regarding performance issue in LATAM.,0.63
ZD-955902,2026-06-21T10:00:00,Order Tracking,GLOBAL,Issue with order tracking,Customer reported a problem regarding order tracking in GLOBAL.,-0.27
ZD-123064,2026-06-21T16:00:00,Order Tracking,EU,Issue with order tracking,Customer reported a problem regarding order tracking in EU.,0.11
ZD-601411,2026-06-21T17:00:00,General Support,EMEA,Issue with general support,Customer reported a problem regarding general support in EMEA.,-0.12
ZD-289289,2026-06-21T17:00:00,Performance Issue,EMEA,Issue with performance issue,Customer reported a problem regarding performance issue in EMEA.,0.01
ZD-479595,2026-06-21T17:00:00,Payment Failure,LATAM,Issue with payment failure,Customer reported a problem regarding payment failure in LATAM.,0.17
ZD-535858,2026-06-21T19:00:00,General Support,GLOBAL,Issue with general support,Customer reported a problem regarding general support in GLOBAL.,0.7
ZD-197633,2026-06-21T19:00:00,Payment Failure,LATAM,Issue with payment failure,Customer reported a problem regarding payment failure in LATAM.,-0.04
ZD-921121,2026-06-21T19:00:00,Order Tracking,NA,Issue with order tracking,Customer reported a problem regarding order tracking in NA.,0.67
ZD-776386,2026-06-21T20:00:00,Payment Failure,NA,Issue with payment failure,Customer reported a problem regarding payment failure in NA.,0.62
ZD-146968,2026-06-21T20:00:00,Order Tracking,EU,Issue with order tracking,Customer reported a problem regarding order tracking in EU.,-0.19
ZD-406767,2026-06-22T00:00:00,Refund Request,GLOBAL,Issue with refund request,Customer reported a problem regarding refund request in GLOBAL.,0.55
ZD-596794,2026-06-22T02:00:00,Checkout Error,EMEA,Issue with checkout error,Customer reported a problem regarding checkout error in EMEA.,-0.16
ZD-978380,2026-06-22T02:00:00,Billing Inquiry,APAC,Issue with billing inquiry,Customer reported a problem regarding billing inquiry in APAC.,-0.01
ZD-968572,2026-06-22T03:00:00,Refund Request,APAC,Issue with refund request,Customer reported a problem regarding refund request in APAC.,0.67
ZD-122611,2026-06-22T04:00:00,Payment Failure,NA,Issue with payment failure,Customer reported a problem regarding payment failure in NA.,0.71
ZD-678314,2026-06-22T04:00:00,Refund Request,NA,Issue with refund request,Customer reported a problem regarding refund request in NA.,-0.15
ZD-817304,2026-06-22T04:00:00,Performance Issue,NA,Issue with performance issue,Customer reported a problem regarding performance issue in NA.,-0.12
ZD-503875,2026-06-22T05:00:00,Billing Inquiry,LATAM,Issue with billing inquiry,Customer reported a problem regarding billing inquiry in LATAM.,0.3
ZD-765535,2026-06-22T07:00:00,API Integration,GLOBAL,Issue with api integration,Customer reported a problem regarding api integration in GLOBAL.,0.36
ZD-873986,2026-06-22T08:00:00,Performance Issue,LATAM,Issue with performance issue,Customer reported a problem regarding performance issue in LATAM.,-0.49
ZD-902801,2026-06-22T08:00:00,Checkout Error,GLOBAL,Issue with checkout error,Customer reported a problem regarding checkout error in GLOBAL.,-0.16
ZD-611125,2026-06-22T08:00:00,Refund Request,LATAM,Issue with refund request,Customer reported a problem regarding refund request in LATAM.,0.16
ZD-287579,2026-06-22T08:00:00,Billing Inquiry,APAC,Issue with billing inquiry,Customer reported a problem regarding billing inquiry in APAC.,0.15
ZD-874387,2026-06-22T08:00:00,Account Access,EU,Issue with account access,Customer reported a problem regarding account access in EU.,0.74
ZD-834666,2026-06-22T09:00:00,Performance Issue,EU,Issue with performance issue,Customer reported a problem regarding performance issue in EU.,-0.3
ZD-538176,2026-06-22T09:00:00,API Integration,EU,Issue with api integration,Customer reported a problem regarding api integration in EU.,-0.44
ZD-535879,2026-06-22T09:00:00,Refund Request,EMEA,Issue with refund request,Customer reported a problem regarding refund request in EMEA.,-0.49
ZD-673437,2026-06-22T11:00:00,Performance Issue,APAC,Issue with performance issue,Customer reported a problem regarding performance issue in APAC.,0.31
ZD-560213,2026-06-22T14:00:00,API Integration,NA,Issue with api integration,Customer reported a problem regarding api integration in NA.,-0.02
ZD-757298,2026-06-22T14:00:00,Order Tracking,NA,Issue with order tracking,Customer reported a problem regarding order tracking in NA.,0.35
ZD-162945,2026-06-22T16:00:00,Order Tracking,APAC,Issue with order tracking,Customer reported a problem regarding order tracking in APAC.,0.3
ZD-259262,2026-06-22T16:00:00,General Support,EMEA,Issue with general support,Customer reported a problem regarding general support in EMEA.,0.78
ZD-142728,2026-06-22T17:00:00,Billing Inquiry,GLOBAL,Issue with billing inquiry,Customer reported a problem regarding billing inquiry in GLOBAL.,0.6
ZD-291560,2026-06-22T17:00:00,Mobile App Bug,GLOBAL,Issue with mobile app bug,Customer reported a problem regarding mobile app bug in GLOBAL.,0.14
ZD-954789,2026-06-22T18:00:00,Refund Request,EU,Issue with refund request,Customer reported a problem regarding refund request in EU.,-0.13
ZD-153240,2026-06-22T18:00:00,General Support,EU,Issue with general support,Customer reported a problem regarding general support in EU.,0.59
ZD-411470,2026-06-22T19:00:00,Checkout Error,GLOBAL,Issue with checkout error,Customer reported a problem regarding checkout error in GLOBAL.,-0.35
ZD-953771,2026-06-22T19:00:00,API Integration,GLOBAL,Issue with api integration,Customer reported a problem regarding api integration in GLOBAL.,0.05
ZD-736187,2026-06-22T19:00:00,Performance Issue,GLOBAL,Issue with performance issue,Customer reported a problem regarding performance issue in GLOBAL.,0.54
ZD-609807,2026-06-22T20:00:00,Mobile App Bug,LATAM,Issue with mobile app bug,Customer reported a problem regarding mobile app bug in LATAM.,0.07
ZD-717736,2026-06-22T21:00:00,Account Access,LATAM,Issue with account access,Customer reported a problem regarding account access in LATAM.,0.44
ZD-929304,2026-06-22T21:00:00,Refund Request,LATAM,Issue with refund request,Customer reported a problem regarding refund request in LATAM.,0.71
ZD-996387,2026-06-22T21:00:00,Checkout Error,LATAM,Issue with checkout error,Customer reported a problem regarding checkout error in LATAM.,0.03
ZD-501219,2026-06-22T22:00:00,Performance Issue,APAC,Issue with performance issue,Customer reported a problem regarding performance issue in APAC.,0.75
ZD-819714,2026-06-22T22:00:00,General Support,NA,Issue with general support,Customer reported a problem regarding general support in NA.,0.54
ZD-304093,2026-06-22T23:00:00,Billing Inquiry,NA,Issue with billing inquiry,Customer reported a problem regarding billing inquiry in NA.,0.79
ZD-924456,2026-06-23T00:00:00,Billing Inquiry,EU,Issue with billing inquiry,Customer reported a problem regarding billing inquiry in EU.,0.05
ZD-831810,2026-06-23T00:00:00,Refund Request,GLOBAL,Issue with refund request,Customer reported a problem regarding refund request in GLOBAL.,0.65
ZD-562435,2026-06-23T01:00:00,Checkout Error,GLOBAL,Issue with checkout error,Customer reported a problem regarding checkout error in GLOBAL.,-0.01
ZD-218791,2026-06-23T01:00:00,Performance Issue,LATAM,Issue with performance issue,Customer reported a problem regarding performance issue in LATAM.,-0.42
ZD-196781,2026-06-23T02:00:00,API Integration,EMEA,Issue with api integration,Customer reported a problem regarding api integration in EMEA.,-0.29
ZD-896325,2026-06-23T02:00:00,Billing Inquiry,LATAM,Issue with billing inquiry,Customer reported a problem regarding billing inquiry in LATAM.,-0.4
ZD-173138,2026-06-23T02:00:00,Refund Request,APAC,Issue with refund request,Customer reported a problem regarding refund request in APAC.,0.41
ZD-743170,2026-06-23T03:00:00,Account Access,EMEA,Issue with account access,Customer reported a problem regarding account access in EMEA.,-0.4
ZD-234795,2026-06-23T04:00:00,Mobile App Bug,LATAM,Issue with mobile app bug,Customer reported a problem regarding mobile app bug in LATAM.,0.6
ZD-477023,2026-06-23T04:00:00,Refund Request,GLOBAL,Issue with refund request,Customer reported a problem regarding refund request in GLOBAL.,0.64
ZD-622224,2026-06-23T04:00:00,General Support,EMEA,Issue with general support,Customer reported a problem regarding general support in EMEA.,-0.33
ZD-651105,2026-06-23T05:00:00,Mobile App Bug,EMEA,Issue with mobile app bug,Customer reported a problem regarding mobile app bug in EMEA.,-0.49
ZD-761382,2026-06-23T05:00:00,Billing Inquiry,EMEA,Issue with billing inquiry,Customer reported a problem regarding billing inquiry in EMEA.,0.59
ZD-947941,2026-06-23T05:00:00,Performance Issue,APAC,Issue with performance issue,Customer reported a problem regarding performance issue in APAC.,0.0
ZD-682417,2026-06-23T06:00:00,API Integration,EU,Issue with api integration,Customer reported a problem regarding api integration in EU.,-0.08
ZD-416748,2026-06-23T06:00:00,Account Access,GLOBAL,Issue with account access,Customer reported a problem regarding account access in GLOBAL.,-0.13
ZD-441561,2026-06-23T06:00:00,Checkout Error,EU,Issue with checkout error,Customer reported a problem regarding checkout error in EU.,-0.4
ZD-684693,2026-06-23T06:00:00,API Integration,EU,Issue with api integration,Customer reported a problem regarding api integration in EU.,-0.06
ZD-535169,2026-06-23T06:00:00,Checkout Error,EU,Issue with checkout error,Customer reported a problem regarding checkout error in EU.,-0.34
ZD-805088,2026-06-23T07:00:00,Mobile App Bug,LATAM,Issue with mobile app bug,Customer reported a problem regarding mobile app bug in LATAM.,0.23
ZD-317658,2026-06-23T08:00:00,Account Access,EU,Issue with account access,Customer reported a problem regarding account access in EU.,-0.05
ZD-540659,2026-06-23T08:00:00,Checkout Error,EMEA,Issue with checkout error,Customer reported a problem regarding checkout error in EMEA.,0.59
ZD-869340,2026-06-23T09:00:00,General Support,NA,Issue with general support,Customer reported a problem regarding general support in NA.,0.27
ZD-334460,2026-06-23T10:00:00,Performance Issue,LATAM,Issue with performance issue,Customer reported a problem regarding performance issue in LATAM.,0.68
ZD-622773,2026-06-23T11:00:00,General Support,EMEA,Issue with general support,Customer reported a problem regarding general support in EMEA.,-0.17
ZD-653426,2026-06-23T11:00:00,General Support,LATAM,Issue with general support,Customer reported a problem regarding general support in LATAM.,-0.18
ZD-974299,2026-06-23T11:00:00,Mobile App Bug,EMEA,Issue with mobile app bug,Customer reported a problem regarding mobile app bug in EMEA.,0.4
ZD-322487,2026-06-23T13:00:00,General Support,GLOBAL,Issue with general support,Customer reported a problem regarding general support in GLOBAL.,0.2
ZD-272395,2026-06-23T13:00:00,Refund Request,LATAM,Issue with refund request,Customer reported a problem regarding refund request in LATAM.,-0.09
ZD-547274,2026-06-23T14:00:00,Payment Failure,NA,Issue with payment failure,Customer reported a problem regarding payment failure in NA.,-0.37
ZD-850024,2026-06-23T14:00:00,Payment Failure,EU,Issue with payment failure,Customer reported a problem regarding payment failure in EU.,0.02
ZD-634438,2026-06-23T15:00:00,Checkout Error,EMEA,Issue with checkout error,Customer reported a problem regarding checkout error in EMEA.,0.59
ZD-674334,2026-06-23T15:00:00,Performance Issue,EU,Issue with performance issue,Customer reported a problem regarding performance issue in EU.,-0.28
ZD-977608,2026-06-23T16:00:00,Mobile App Bug,LATAM,Issue with mobile app bug,Customer reported a problem regarding mobile app bug in LATAM.,0.5
ZD-160070,2026-06-23T16:00:00,Account Access,EU,Issue with account access,Customer reported a problem regarding account access in EU.,0.55
ZD-340615,2026-06-23T17:00:00,General Support,NA,Issue with general support,Customer reported a problem regarding general support in NA.,0.77
ZD-114195,2026-06-23T18:00:00,Order Tracking,EMEA,Issue with order tracking,Customer reported a problem regarding order tracking in EMEA.,0.15
ZD-152438,2026-06-23T20:00:00,Payment Failure,LATAM,Issue with payment failure,Customer reported a problem regarding payment failure in LATAM.,0.23
ZD-601436,2026-06-23T20:00:00,Order Tracking,EU,Issue with order tracking,Customer reported a problem regarding order tracking in EU.,-0.19
ZD-709161,2026-06-23T23:00:00,Billing Inquiry,APAC,Issue with billing inquiry,Customer reported a problem regarding billing inquiry in APAC.,0.28
ZD-454674,2026-06-24T00:00:00,Order Tracking,LATAM,Issue with order tracking,Customer reported a problem regarding order tracking in LATAM.,0.75
ZD-404199,2026-06-24T00:00:00,General Support,LATAM,Issue with general support,Customer reported a problem regarding general support in LATAM.,0.75
ZD-333243,2026-06-24T01:00:00,Checkout Error,GLOBAL,Issue with checkout error,Customer reported a problem regarding checkout error in GLOBAL.,-0.06
ZD-250516,2026-06-24T01:00:00,Account Access,NA,Issue with account access,Customer reported a problem regarding account access in NA.,0.44
ZD-503660,2026-06-24T03:00:00,Performance Issue,LATAM,Issue with performance issue,Customer reported a problem regarding performance issue in LATAM.,0.64
ZD-729469,2026-06-24T03:00:00,General Support,NA,Issue with general support,Customer reported a problem regarding general support in NA.,0.72
ZD-437180,2026-06-24T03:00:00,Billing Inquiry,APAC,Issue with billing inquiry,Customer reported a problem regarding billing inquiry in APAC.,0.08
ZD-884179,2026-06-24T04:00:00,Performance Issue,EMEA,Issue with performance issue,Customer reported a problem regarding performance issue in EMEA.,0.43
ZD-145747,2026-06-24T04:00:00,Checkout Error,APAC,Issue with checkout error,Customer reported a problem regarding checkout error in APAC.,0.79
ZD-947782,2026-06-24T04:00:00,Billing Inquiry,EMEA,Issue with billing inquiry,Customer reported a problem regarding billing inquiry in EMEA.,0.69
ZD-653645,2026-06-24T04:00:00,Mobile App Bug,EMEA,Issue with mobile app bug,Customer reported a problem regarding mobile app bug in EMEA.,-0.04
ZD-121150,2026-06-24T05:00:00,Performance Issue,EU,Issue with performance issue,Customer reported a problem regarding performance issue in EU.,0.26
ZD-306918,2026-06-24T05:00:00,Performance Issue,EMEA,Issue with performance issue,Customer reported a problem regarding performance issue in EMEA.,0.44
ZD-731182,2026-06-24T06:00:00,Order Tracking,LATAM,Issue with order tracking,Customer reported a problem regarding order tracking in LATAM.,0.78
ZD-873632,2026-06-24T06:00:00,Payment Failure,GLOBAL,Issue with payment failure,Customer reported a problem regarding payment failure in GLOBAL.,-0.2
ZD-408383,2026-06-24T07:00:00,Refund Request,EMEA,Issue with refund request,Customer reported a problem regarding refund request in EMEA.,-0.2
ZD-235531,2026-06-24T07:00:00,General Support,EU,Issue with general support,Customer reported a problem regarding general support in EU.,0.02
ZD-176090,2026-06-24T07:00:00,Order Tracking,EU,Issue with order tracking,Customer reported a problem regarding order tracking in EU.,0.33
ZD-775885,2026-06-24T08:00:00,Refund Request,LATAM,Issue with refund request,Customer reported a problem regarding refund request in LATAM.,0.18
ZD-453699,2026-06-24T10:00:00,Performance Issue,NA,Issue with performance issue,Customer reported a problem regarding performance issue in NA.,0.31
ZD-516998,2026-06-24T11:00:00,Performance Issue,NA,Issue with performance issue,Customer reported a problem regarding performance issue in NA.,0.02
ZD-819502,2026-06-24T11:00:00,Checkout Error,APAC,Issue with checkout error,Customer reported a problem regarding checkout error in APAC.,0.42
ZD-963543,2026-06-24T11:00:00,Checkout Error,EU,Issue with checkout error,Customer reported a problem regarding checkout error in EU.,0.09
ZD-478610,2026-06-24T12:00:00,Order Tracking,EMEA,Issue with order tracking,Customer reported a problem regarding order tracking in EMEA.,0.65
ZD-651736,2026-06-24T12:00:00,Billing Inquiry,LATAM,Issue with billing inquiry,Customer reported a problem regarding billing inquiry in LATAM.,0.44
ZD-158849,2026-06-24T15:00:00,Mobile App Bug,EU,Issue with mobile app bug,Customer reported a problem regarding mobile app bug in EU.,0.52
ZD-168648,2026-06-24T15:00:00,General Support,EMEA,Issue with general support,Customer reported a problem regarding general support in EMEA.,0.59
ZD-800117,2026-06-24T16:00:00,Account Access,GLOBAL,Issue with account access,Customer reported a problem regarding account access in GLOBAL.,0.24
ZD-586572,2026-06-24T16:00:00,Order Tracking,EU,Issue with order tracking,Customer reported a problem regarding order tracking in EU.,0.58
ZD-640043,2026-06-24T17:00:00,Checkout Error,EU,Issue with checkout error,Customer reported a problem regarding checkout error in EU.,-0.37
ZD-640722,2026-06-24T18:00:00,General Support,LATAM,Issue with general support,Customer reported a problem regarding general support in LATAM.,0.59
ZD-515246,2026-06-24T18:00:00,Refund Request,EU,Issue with refund request,Customer reported a problem regarding refund request in EU.,-0.0
ZD-371134,2026-06-24T18:00:00,Mobile App Bug,EU,Issue with mobile app bug,Customer reported a problem regarding mobile app bug in EU.,0.74
ZD-259883,2026-06-24T22:00:00,Mobile App Bug,EMEA,Issue with mobile app bug,Customer reported a problem regarding mobile app bug in EMEA.,0.46
ZD-607501,2026-06-24T22:00:00,Refund Request,EMEA,Issue with refund request,Customer reported a problem regarding refund request in EMEA.,-0.04
ZD-876370,2026-06-24T22:00:00,Checkout Error,NA,Issue with checkout error,Customer reported a problem regarding checkout error in NA.,0.39
ZD-679693,2026-06-24T22:00:00,Order Tracking,LATAM,Issue with order tracking,Customer reported a problem regarding order tracking in LATAM.,0.68
ZD-916505,2026-06-24T23:00:00,Checkout Error,EMEA,Issue with checkout error,Customer reported a problem regarding checkout error in EMEA.,0.56
ZD-278701,2026-06-24T23:00:00,General Support,EU,Issue with general support,Customer reported a problem regarding general support in EU.,-0.49
ZD-224004,2026-06-24T23:00:00,Billing Inquiry,LATAM,Issue with billing inquiry,Customer reported a problem regarding billing inquiry in LATAM.,0.52
ZD-801274,2026-06-25T00:00:00,API Integration,LATAM,Issue with api integration,Customer reported a problem regarding api integration in LATAM.,0.65
ZD-355532,2026-06-25T01:00:00,API Integration,EMEA,Issue with api integration,Customer reported a problem regarding api integration in EMEA.,-0.21
ZD-291270,2026-06-25T01:00:00,Checkout Error,LATAM,Issue with checkout error,Customer reported a problem regarding checkout error in LATAM.,0.61
ZD-378616,2026-06-25T02:00:00,General Support,GLOBAL,Issue with general support,Customer reported a problem regarding general support in GLOBAL.,-0.11
ZD-656701,2026-06-25T02:00:00,Order Tracking,EU,Issue with order tracking,Customer reported a problem regarding order tracking in EU.,0.66
ZD-218205,2026-06-25T02:00:00,Account Access,EU,Issue with account access,Customer reported a problem regarding account access in EU.,0.32
ZD-914689,2026-06-25T03:00:00,Refund Request,EU,Issue with refund request,Customer reported a problem regarding refund request in EU.,-0.46
ZD-513625,2026-06-25T03:00:00,Performance Issue,NA,Issue with performance issue,Customer reported a problem regarding performance issue in NA.,-0.49
ZD-188605,2026-06-25T03:00:00,API Integration,GLOBAL,Issue with api integration,Customer reported a problem regarding api integration in GLOBAL.,0.74
ZD-673081,2026-06-25T04:00:00,Payment Failure,NA,Issue with payment failure,Customer reported a problem regarding payment failure in NA.,0.35
ZD-864608,2026-06-25T04:00:00,Billing Inquiry,GLOBAL,Issue with billing inquiry,Customer reported a problem regarding billing inquiry in GLOBAL.,-0.48
ZD-745759,2026-06-25T05:00:00,Mobile App Bug,GLOBAL,Issue with mobile app bug,Customer reported a problem regarding mobile app bug in GLOBAL.,-0.14
ZD-507283,2026-06-25T06:00:00,General Support,NA,Issue with general support,Customer reported a problem regarding general support in NA.,0.01
ZD-478273,2026-06-25T06:00:00,General Support,NA,Issue with general support,Customer reported a problem regarding general support in NA.,0.28
ZD-668133,2026-06-25T06:00:00,Performance Issue,GLOBAL,Issue with performance issue,Customer reported a problem regarding performance issue in GLOBAL.,-0.3
ZD-947881,2026-06-25T09:00:00,API Integration,EU,Issue with api integration,Customer reported a problem regarding api integration in EU.,-0.41
ZD-641949,2026-06-25T10:00:00,Order Tracking,APAC,Issue with order tracking,Customer reported a problem regarding order tracking in APAC.,0.05
ZD-752315,2026-06-25T11:00:00,Checkout Error,EMEA,Issue with checkout error,Customer reported a problem regarding checkout error in EMEA.,0.09
ZD-371811,2026-06-25T11:00:00,Order Tracking,EMEA,Issue with order tracking,Customer reported a problem regarding order tracking in EMEA.,-0.1
ZD-442847,2026-06-25T11:00:00,API Integration,EU,Issue with api integration,Customer reported a problem regarding api integration in EU.,0.72
ZD-603764,2026-06-25T12:00:00,Order Tracking,EU,Issue with order tracking,Customer reported a problem regarding order tracking in EU.,0.72
ZD-979899,2026-06-25T13:00:00,Checkout Error,GLOBAL,Issue with checkout error,Customer reported a problem regarding checkout error in GLOBAL.,0.14
ZD-266112,2026-06-25T14:00:00,Refund Request,EMEA,Issue with refund request,Customer reported a problem regarding refund request in EMEA.,0.51
ZD-328966,2026-06-25T15:00:00,Order Tracking,EMEA,Issue with order tracking,Customer reported a problem regarding order tracking in EMEA.,0.13
ZD-703411,2026-06-25T16:00:00,Payment Failure,NA,Issue with payment failure,Customer reported a problem regarding payment failure in NA.,-0.38
ZD-687158,2026-06-25T17:00:00,Account Access,GLOBAL,Issue with account access,Customer reported a problem regarding account access in GLOBAL.,0.34
ZD-515957,2026-06-25T18:00:00,Account Access,NA,Issue with account access,Customer reported a problem regarding account access in NA.,-0.46
ZD-322836,2026-06-25T18:00:00,Checkout Error,GLOBAL,Issue with checkout error,Customer reported a problem regarding checkout error in GLOBAL.,-0.14
ZD-746189,2026-06-25T18:00:00,Refund Request,NA,Issue with refund request,Customer reported a problem regarding refund request in NA.,-0.44
ZD-163149,2026-06-25T20:00:00,Mobile App Bug,NA,Issue with mobile app bug,Customer reported a problem regarding mobile app bug in NA.,-0.15
ZD-608567,2026-06-25T20:00:00,Mobile App Bug,LATAM,Issue with mobile app bug,Customer reported a problem regarding mobile app bug in LATAM.,0.78
ZD-903327,2026-06-25T21:00:00,Order Tracking,GLOBAL,Issue with order tracking,Customer reported a problem regarding order tracking in GLOBAL.,0.64
ZD-535064,2026-06-25T23:00:00,Checkout Error,APAC,Issue with checkout error,Customer reported a problem regarding checkout error in APAC.,-0.07
ZD-652217,2026-06-25T23:00:00,Account Access,GLOBAL,Issue with account access,Customer reported a problem regarding account access in GLOBAL.,0.55
ZD-414630,2026-06-26T00:00:00,Mobile App Bug,GLOBAL,Issue with mobile app bug,Customer reported a problem regarding mobile app bug in GLOBAL.,0.53
ZD-524130,2026-06-26T00:00:00,Billing Inquiry,EU,Issue with billing inquiry,Customer reported a problem regarding billing inquiry in EU.,-0.18
ZD-748570,2026-06-26T01:00:00,Payment Failure,APAC,Issue with payment failure,Customer reported a problem regarding payment failure in APAC.,0.76
ZD-139011,2026-06-26T01:00:00,Billing Inquiry,GLOBAL,Issue with billing inquiry,Customer reported a problem regarding billing inquiry in GLOBAL.,-0.4
ZD-911734,2026-06-26T01:00:00,Refund Request,EU,Issue with refund request,Customer reported a problem regarding refund request in EU.,0.21
ZD-431072,2026-06-26T05:00:00,Account Access,EMEA,Issue with account access,Customer reported a problem regarding account access in EMEA.,0.7
ZD-889329,2026-06-26T06:00:00,Account Access,NA,Issue with account access,Customer reported a problem regarding account access in NA.,0.47
ZD-920285,2026-06-26T08:00:00,Refund Request,APAC,Issue with refund request,Customer reported a problem regarding refund request in APAC.,0.4
ZD-391859,2026-06-26T13:00:00,Account Access,EU,Issue with account access,Customer reported a problem regarding account access in EU.,0.63
ZD-601089,2026-06-26T14:00:00,General Support,APAC,Issue with general support,Customer reported a problem regarding general support in APAC.,-0.43
ZD-952305,2026-06-26T16:00:00,API Integration,APAC,Issue with api integration,Customer reported a problem regarding api integration in APAC.,-0.28
ZD-115888,2026-06-26T16:00:00,Order Tracking,APAC,Issue with order tracking,Customer reported a problem regarding order tracking in APAC.,0.09
ZD-301389,2026-06-26T18:00:00,Billing Inquiry,GLOBAL,Issue with billing inquiry,Customer reported a problem regarding billing inquiry in GLOBAL.,0.24
ZD-495740,2026-06-26T19:00:00,Billing Inquiry,EMEA,Issue with billing inquiry,Customer reported a problem regarding billing inquiry in EMEA.,-0.48
ZD-255777,2026-06-26T21:00:00,Mobile App Bug,GLOBAL,Issue with mobile app bug,Customer reported a problem regarding mobile app bug in GLOBAL.,-0.15
ZD-345615,2026-06-26T21:00:00,Payment Failure,GLOBAL,Issue with payment failure,Customer reported a problem regarding payment failure in GLOBAL.,-0.15
ZD-662174,2026-06-26T23:00:00,Account Access,GLOBAL,Issue with account access,Customer reported a problem regarding account access in GLOBAL.,0.3
ZD-386227,2026-06-27T00:00:00,Billing Inquiry,EU,Issue with billing inquiry,Customer reported a problem regarding billing inquiry in EU.,0.79
ZD-698970,2026-06-27T01:00:00,Checkout Error,APAC,Issue with checkout error,Customer reported a problem regarding checkout error in APAC.,-0.37
ZD-989482,2026-06-27T01:00:00,API Integration,EU,Issue with api integration,Customer reported a problem regarding api integration in EU.,0.77
ZD-296638,2026-06-27T01:00:00,Order Tracking,EMEA,Issue with order tracking,Customer reported a problem regarding order tracking in EMEA.,0.09
ZD-848225,2026-06-27T02:00:00,Mobile App Bug,LATAM,Issue with mobile app bug,Customer reported a problem regarding mobile app bug in LATAM.,0.36
ZD-609019,2026-06-27T03:00:00,Billing Inquiry,LATAM,Issue with billing inquiry,Customer reported a problem regarding billing inquiry in LATAM.,0.2
ZD-574114,2026-06-27T04:00:00,Account Access,LATAM,Issue with account access,Customer reported a problem regarding account access in LATAM.,0.02
ZD-149888,2026-06-27T04:00:00,Performance Issue,EMEA,Issue with performance issue,Customer reported a problem regarding performance issue in EMEA.,0.34
ZD-697901,2026-06-27T04:00:00,Performance Issue,EMEA,Issue with performance issue,Customer reported a problem regarding performance issue in EMEA.,0.05
ZD-511457,2026-06-27T04:00:00,Mobile App Bug,GLOBAL,Issue with mobile app bug,Customer reported a problem regarding mobile app bug in GLOBAL.,0.71
ZD-540397,2026-06-27T04:00:00,API Integration,NA,Issue with api integration,Customer reported a problem regarding api integration in NA.,0.27
ZD-787837,2026-06-27T05:00:00,Billing Inquiry,GLOBAL,Issue with billing inquiry,Customer reported a problem regarding billing inquiry in GLOBAL.,0.07
ZD-505884,2026-06-27T05:00:00,Checkout Error,EMEA,Issue with checkout error,Customer reported a problem regarding checkout error in EMEA.,0.56
ZD-517326,2026-06-27T06:00:00,Performance Issue,EU,Issue with performance issue,Customer reported a problem regarding performance issue in EU.,0.19
ZD-256451,2026-06-27T06:00:00,Mobile App Bug,NA,Issue with mobile app bug,Customer reported a problem regarding mobile app bug in NA.,0.22
ZD-796533,2026-06-27T06:00:00,Order Tracking,EU,Issue with order tracking,Customer reported a problem regarding order tracking in EU.,-0.46
ZD-772283,2026-06-27T06:00:00,Mobile App Bug,EMEA,Issue with mobile app bug,Customer reported a problem regarding mobile app bug in EMEA.,0.46
ZD-939683,2026-06-27T08:00:00,Performance Issue,NA,Issue with performance issue,Customer reported a problem regarding performance issue in NA.,0.23
ZD-996408,2026-06-27T08:00:00,Checkout Error,EMEA,Issue with checkout error,Customer reported a problem regarding checkout error in EMEA.,0.33
ZD-552372,2026-06-27T08:00:00,General Support,NA,Issue with general support,Customer reported a problem regarding general support in NA.,0.45
ZD-803278,2026-06-27T09:00:00,General Support,EMEA,Issue with general support,Customer reported a problem regarding general support in EMEA.,0.64
ZD-807134,2026-06-27T09:00:00,Billing Inquiry,APAC,Issue with billing inquiry,Customer reported a problem regarding billing inquiry in APAC.,0.2
ZD-255761,2026-06-27T10:00:00,Payment Failure,EMEA,Issue with payment failure,Customer reported a problem regarding payment failure in EMEA.,-0.21
ZD-338142,2026-06-27T12:00:00,Refund Request,EMEA,Issue with refund request,Customer reported a problem regarding refund request in EMEA.,-0.25
ZD-802784,2026-06-27T12:00:00,Billing Inquiry,EMEA,Issue with billing inquiry,Customer reported a problem regarding billing inquiry in EMEA.,0.04
ZD-189349,2026-06-27T12:00:00,Account Access,EU,Issue with account access,Customer reported a problem regarding account access in EU.,-0.4
ZD-936837,2026-06-27T12:00:00,Refund Request,GLOBAL,Issue with refund request,Customer reported a problem regarding refund request in GLOBAL.,0.42
ZD-234529,2026-06-27T13:00:00,Payment Failure,LATAM,Issue with payment failure,Customer reported a problem regarding payment failure in LATAM.,0.19
ZD-933124,2026-06-27T13:00:00,Checkout Error,APAC,Issue with checkout error,Customer reported a problem regarding checkout error in APAC.,0.08
ZD-506392,2026-06-27T13:00:00,Account Access,GLOBAL,Issue with account access,Customer reported a problem regarding account access in GLOBAL.,0.13
ZD-617790,2026-06-27T14:00:00,API Integration,GLOBAL,Issue with api integration,Customer reported a problem regarding api integration in GLOBAL.,0.7
ZD-367653,2026-06-27T14:00:00,Performance Issue,GLOBAL,Issue with performance issue,Customer reported a problem regarding performance issue in GLOBAL.,-0.14
ZD-314480,2026-06-27T14:00:00,General Support,EU,Issue with general support,Customer reported a problem regarding general support in EU.,-0.22
ZD-718178,2026-06-27T14:00:00,Payment Failure,GLOBAL,Issue with payment failure,Customer reported a problem regarding payment failure in GLOBAL.,0.1
ZD-753041,2026-06-27T16:00:00,General Support,NA,Issue with general support,Customer reported a problem regarding general support in NA.,0.78
ZD-552999,2026-06-27T16:00:00,Checkout Error,NA,Issue with checkout error,Customer reported a problem regarding checkout error in NA.,-0.4
ZD-946408,2026-06-27T17:00:00,Mobile App Bug,NA,Issue with mobile app bug,Customer reported a problem regarding mobile app bug in NA.,0.18
ZD-861573,2026-06-27T18:00:00,Account Access,APAC,Issue with account access,Customer reported a problem regarding account access in APAC.,-0.12
ZD-819044,2026-06-27T18:00:00,Payment Failure,GLOBAL,Issue with payment failure,Customer reported a problem regarding payment failure in GLOBAL.,0.3
ZD-144541,2026-06-27T18:00:00,API Integration,APAC,Issue with api integration,Customer reported a problem regarding api integration in APAC.,0.32
ZD-158832,2026-06-27T19:00:00,Refund Request,EU,Issue with refund request,Customer reported a problem regarding refund request in EU.,0.08
ZD-950266,2026-06-27T19:00:00,Performance Issue,LATAM,Issue with performance issue,Customer reported a problem regarding performance issue in LATAM.,0.21
ZD-183461,2026-06-27T19:00:00,Billing Inquiry,EU,Issue with billing inquiry,Customer reported a problem regarding billing inquiry in EU.,-0.16
ZD-128125,2026-06-27T20:00:00,Refund Request,EMEA,Issue with refund request,Customer reported a problem regarding refund request in EMEA.,0.29
ZD-372590,2026-06-27T22:00:00,Billing Inquiry,EMEA,Issue with billing inquiry,Customer reported a problem regarding billing inquiry in EMEA.,0.19
ZD-488204,2026-06-27T23:00:00,Performance Issue,APAC,Issue with performance issue,Customer reported a problem regarding performance issue in APAC.,-0.4
ZD-752957,2026-06-28T00:00:00,API Integration,LATAM,Issue with api integration,Customer reported a problem regarding api integration in LATAM.,-0.19
ZD-519880,2026-06-28T00:00:00,Checkout Error,EMEA,Issue with checkout error,Customer reported a problem regarding checkout error in EMEA.,-0.17
ZD-487251,2026-06-28T01:00:00,Mobile App Bug,EMEA,Issue with mobile app bug,Customer reported a problem regarding mobile app bug in EMEA.,-0.39
ZD-223508,2026-06-28T03:00:00,General Support,GLOBAL,Issue with general support,Customer reported a problem regarding general support in GLOBAL.,-0.42
ZD-283189,2026-06-28T04:00:00,Payment Failure,GLOBAL,Issue with payment failure,Customer reported a problem regarding payment failure in GLOBAL.,0.2
ZD-343562,2026-06-28T04:00:00,API Integration,EMEA,Issue with api integration,Customer reported a problem regarding api integration in EMEA.,0.76
ZD-709867,2026-06-28T06:00:00,General Support,LATAM,Issue with general support,Customer reported a problem regarding general support in LATAM.,-0.13
ZD-747123,2026-06-28T07:00:00,Account Access,EU,Issue with account access,Customer reported a problem regarding account access in EU.,-0.49
ZD-122070,2026-06-28T07:00:00,Checkout Error,APAC,Issue with checkout error,Customer reported a problem regarding checkout error in APAC.,0.46
ZD-529924,2026-06-28T09:00:00,Mobile App Bug,NA,Issue with mobile app bug,Customer reported a problem regarding mobile app bug in NA.,-0.23
ZD-969231,2026-06-28T10:00:00,Refund Request,APAC,Issue with refund request,Customer reported a problem regarding refund request in APAC.,0.41
ZD-325559,2026-06-28T12:00:00,Performance Issue,EU,Issue with performance issue,Customer reported a problem regarding performance issue in EU.,-0.48
ZD-300003,2026-06-28T13:00:00,Account Access,GLOBAL,Issue with account access,Customer reported a problem regarding account access in GLOBAL.,-0.33
ZD-119977,2026-06-28T13:00:00,Payment Failure,LATAM,Issue with payment failure,Customer reported a problem regarding payment failure in LATAM.,-0.24
ZD-234039,2026-06-28T13:00:00,API Integration,GLOBAL,Issue with api integration,Customer reported a problem regarding api integration in GLOBAL.,0.17
ZD-944647,2026-06-28T15:00:00,Account Access,GLOBAL,Issue with account access,Customer reported a problem regarding account access in GLOBAL.,0.21
ZD-376159,2026-06-28T17:00:00,Refund Request,NA,Issue with refund request,Customer reported a problem regarding refund request in NA.,0.37
ZD-376685,2026-06-28T19:00:00,Performance Issue,GLOBAL,Issue with performance issue,Customer reported a problem regarding performance issue in GLOBAL.,0.65
ZD-100342,2026-06-28T20:00:00,Mobile App Bug,GLOBAL,Issue with mobile app bug,Customer reported a problem regarding mobile app bug in GLOBAL.,0.14
ZD-450067,2026-06-28T23:00:00,Order Tracking,EMEA,Issue with order tracking,Customer reported a problem regarding order tracking in EMEA.,-0.12
ZD-324511,2026-06-29T03:00:00,Checkout Error,EMEA,Issue with checkout error,Customer reported a problem regarding checkout error in EMEA.,0.23
ZD-839672,2026-06-29T04:00:00,Payment Failure,EMEA,Issue with payment failure,Customer reported a problem regarding payment failure in EMEA.,-0.49
ZD-690812,2026-06-29T05:00:00,Mobile App Bug,GLOBAL,Issue with mobile app bug,Customer reported a problem regarding mobile app bug in GLOBAL.,-0.4
ZD-774347,2026-06-29T07:00:00,Order Tracking,EU,Issue with order tracking,Customer reported a problem regarding order tracking in EU.,0.05
ZD-889133,2026-06-29T08:00:00,Performance Issue,GLOBAL,Issue with performance issue,Customer reported a problem regarding performance issue in GLOBAL.,-0.3
ZD-472142,2026-06-29T10:00:00,Checkout Error,EMEA,Issue with checkout error,Customer reported a problem regarding checkout error in EMEA.,0.31
ZD-683616,2026-06-29T12:00:00,Mobile App Bug,APAC,Issue with mobile app bug,Customer reported a problem regarding mobile app bug in APAC.,-0.01
ZD-775572,2026-06-29T12:00:00,Payment Failure,EMEA,Issue with payment failure,Customer reported a problem regarding payment failure in EMEA.,-0.37
ZD-702105,2026-06-29T12:00:00,API Integration,LATAM,Issue with api integration,Customer reported a problem regarding api integration in LATAM.,-0.28
ZD-368009,2026-06-29T13:00:00,Order Tracking,EU,Issue with order tracking,Customer reported a problem regarding order tracking in EU.,-0.05
ZD-963635,2026-06-29T13:00:00,Billing Inquiry,APAC,Issue with billing inquiry,Customer reported a problem regarding billing inquiry in APAC.,0.36
ZD-200590,2026-06-29T14:00:00,Billing Inquiry,EU,Issue with billing inquiry,Customer reported a problem regarding billing inquiry in EU.,0.17
ZD-569033,2026-06-29T15:00:00,Billing Inquiry,NA,Issue with billing inquiry,Customer reported a problem regarding billing inquiry in NA.,0.07
ZD-202170,2026-06-29T15:00:00,API Integration,NA,Issue with api integration,Customer reported a problem regarding api integration in NA.,0.22
ZD-160706,2026-06-29T15:00:00,Billing Inquiry,APAC,Issue with billing inquiry,Customer reported a problem regarding billing inquiry in APAC.,-0.36
ZD-936975,2026-06-29T16:00:00,Performance Issue,EU,Issue with performance issue,Customer reported a problem regarding performance issue in EU.,-0.34
ZD-216310,2026-06-29T16:00:00,Mobile App Bug,EMEA,Issue with mobile app bug,Customer reported a problem regarding mobile app bug in EMEA.,-0.39
ZD-682789,2026-06-29T19:00:00,API Integration,GLOBAL,Issue with api integration,Customer reported a problem regarding api integration in GLOBAL.,0.11
ZD-955641,2026-06-29T19:00:00,Mobile App Bug,EMEA,Issue with mobile app bug,Customer reported a problem regarding mobile app bug in EMEA.,0.32
ZD-710170,2026-06-29T21:00:00,Account Access,APAC,Issue with account access,Customer reported a problem regarding account access in APAC.,0.77
ZD-376944,2026-06-29T22:00:00,General Support,APAC,Issue with general support,Customer reported a problem regarding general support in APAC.,-0.02
ZD-452884,2026-06-29T22:00:00,Billing Inquiry,APAC,Issue with billing inquiry,Customer reported a problem regarding billing inquiry in APAC.,0.59
ZD-506203,2026-06-29T22:00:00,Performance Issue,EU,Issue with performance issue,Customer reported a problem regarding performance issue in EU.,0.72
ZD-246865,2026-06-29T22:00:00,Billing Inquiry,NA,Issue with billing inquiry,Customer reported a problem regarding billing inquiry in NA.,0.4
ZD-361546,2026-06-30T01:00:00,Checkout Error,EU,Issue with checkout error,Customer reported a problem regarding checkout error in EU.,0.14
ZD-148320,2026-06-30T03:00:00,Order Tracking,NA,Issue with order tracking,Customer reported a problem regarding order tracking in NA.,-0.42
ZD-397438,2026-06-30T19:00:00,Checkout Error,EU,Issue with checkout error,Customer reported a problem regarding checkout error in EU.,-0.08
ZD-249027,2026-06-30T22:00:00,Mobile App Bug,EMEA,Issue with mobile app bug,Customer reported a problem regarding mobile app bug in EMEA.,0.69
ZD-120690,2026-06-30T22:00:00,Checkout Error,GLOBAL,Issue with checkout error,Customer reported a problem regarding checkout error in GLOBAL.,-0.05
ZD-716517,2026-06-30T23:00:00,Performance Issue,APAC,Issue with performance issue,Customer reported a problem regarding performance issue in APAC.,0.37
ZD-227118,2026-06-30T23:00:00,Performance Issue,APAC,Issue with performance issue,Customer reported a problem regarding performance issue in APAC.,0.53
ZD-817448,2026-07-01T00:00:00,Refund Request,LATAM,Issue with refund request,Customer reported a problem regarding refund request in LATAM.,0.15
ZD-471371,2026-07-01T00:00:00,Billing Inquiry,NA,Issue with billing inquiry,Customer reported a problem regarding billing inquiry in NA.,0.46
ZD-467131,2026-07-01T01:00:00,Account Access,APAC,Issue with account access,Customer reported a problem regarding account access in APAC.,0.37
ZD-904911,2026-07-01T01:00:00,Mobile App Bug,GLOBAL,Issue with mobile app bug,Customer reported a problem regarding mobile app bug in GLOBAL.,-0.12
ZD-757912,2026-07-01T01:00:00,Order Tracking,GLOBAL,Issue with order tracking,Customer reported a problem regarding order tracking in GLOBAL.,0.27
ZD-704908,2026-07-01T01:00:00,API Integration,LATAM,Issue with api integration,Customer reported a problem regarding api integration in LATAM.,-0.2
ZD-105649,2026-07-01T01:00:00,General Support,APAC,Issue with general support,Customer reported a problem regarding general support in APAC.,0.42
ZD-144376,2026-07-01T01:00:00,Performance Issue,NA,Issue with performance issue,Customer reported a problem regarding performance issue in NA.,0.74
ZD-224963,2026-07-01T02:00:00,Refund Request,EU,Issue with refund request,Customer reported a problem regarding refund request in EU.,0.39
ZD-432999,2026-07-01T02:00:00,Mobile App Bug,EMEA,Issue with mobile app bug,Customer reported a problem regarding mobile app bug in EMEA.,0.15
ZD-384474,2026-07-01T02:00:00,Billing Inquiry,EMEA,Issue with billing inquiry,Customer reported a problem regarding billing inquiry in EMEA.,-0.5
ZD-877575,2026-07-01T03:00:00,API Integration,GLOBAL,Issue with api integration,Customer reported a problem regarding api integration in GLOBAL.,0.48
ZD-869098,2026-07-01T03:00:00,General Support,NA,Issue with general support,Customer reported a problem regarding general support in NA.,-0.47
ZD-670823,2026-07-01T04:00:00,Mobile App Bug,EMEA,Issue with mobile app bug,Customer reported a problem regarding mobile app bug in EMEA.,0.28
ZD-859934,2026-07-01T05:00:00,Checkout Error,LATAM,Issue with checkout error,Customer reported a problem regarding checkout error in LATAM.,0.28
ZD-886594,2026-07-01T06:00:00,Mobile App Bug,LATAM,Issue with mobile app bug,Customer reported a problem regarding mobile app bug in LATAM.,0.06
ZD-459315,2026-07-01T07:00:00,Performance Issue,GLOBAL,Issue with performance issue,Customer reported a problem regarding performance issue in GLOBAL.,-0.2
ZD-315309,2026-07-01T08:00:00,General Support,APAC,Issue with general support,Customer reported a problem regarding general support in APAC.,0.24
ZD-885294,2026-07-01T08:00:00,Account Access,LATAM,Issue with account access,Customer reported a problem regarding account access in LATAM.,0.5
ZD-302883,2026-07-01T08:00:00,Refund Request,EMEA,Issue with refund request,Customer reported a problem regarding refund request in EMEA.,0.71
ZD-128117,2026-07-01T10:00:00,Performance Issue,NA,Issue with performance issue,Customer reported a problem regarding performance issue in NA.,-0.21
ZD-424658,2026-07-01T10:00:00,Performance Issue,GLOBAL,Issue with performance issue,Customer reported a problem regarding performance issue in GLOBAL.,0.01
ZD-384787,2026-07-01T10:00:00,Mobile App Bug,LATAM,Issue with mobile app bug,Customer reported a problem regarding mobile app bug in LATAM.,-0.42
ZD-537096,2026-07-01T11:00:00,Account Access,EMEA,Issue with account access,Customer reported a problem regarding account access in EMEA.,-0.23
ZD-214173,2026-07-01T11:00:00,Refund Request,NA,Issue with refund request,Customer reported a problem regarding refund request in NA.,0.42
ZD-704936,2026-07-01T13:00:00,Billing Inquiry,APAC,Issue with billing inquiry,Customer reported a problem regarding billing inquiry in APAC.,0.36
ZD-325311,2026-07-01T13:00:00,Order Tracking,NA,Issue with order tracking,Customer reported a problem regarding order tracking in NA.,0.05
ZD-442877,2026-07-01T13:00:00,Refund Request,NA,Issue with refund request,Customer reported a problem regarding refund request in NA.,-0.21
ZD-677603,2026-07-01T14:00:00,General Support,GLOBAL,Issue with general support,Customer reported a problem regarding general support in GLOBAL.,0.31
ZD-473394,2026-07-01T14:00:00,API Integration,LATAM,Issue with api integration,Customer reported a problem regarding api integration in LATAM.,0.09
ZD-805603,2026-07-01T14:00:00,API Integration,APAC,Issue with api integration,Customer reported a problem regarding api integration in APAC.,0.03
ZD-665167,2026-07-01T14:00:00,Mobile App Bug,GLOBAL,Issue with mobile app bug,Customer reported a problem regarding mobile app bug in GLOBAL.,-0.47
ZD-241158,2026-07-01T14:00:00,General Support,LATAM,Issue with general support,Customer reported a problem regarding general support in LATAM.,0.64
ZD-914774,2026-07-01T14:00:00,Refund Request,EMEA,Issue with refund request,Customer reported a problem regarding refund request in EMEA.,-0.37
ZD-157448,2026-07-01T16:00:00,Performance Issue,APAC,Issue with performance issue,Customer reported a problem regarding performance issue in APAC.,-0.48
ZD-764646,2026-07-01T18:00:00,API Integration,NA,Issue with api integration,Customer reported a problem regarding api integration in NA.,0.33
ZD-460374,2026-07-01T19:00:00,Payment Failure,APAC,Issue with payment failure,Customer reported a problem regarding payment failure in APAC.,0.66
ZD-938123,2026-07-02T02:00:00,API Integration,EMEA,Issue with api integration,Customer reported a problem regarding api integration in EMEA.,0.73
ZD-428912,2026-07-02T05:00:00,API Integration,NA,Issue with api integration,Customer reported a problem regarding api integration in NA.,-0.23
ZD-908294,2026-07-02T07:00:00,Account Access,EU,Issue with account access,Customer reported a problem regarding account access in EU.,-0.37
ZD-743555,2026-07-02T07:00:00,Order Tracking,LATAM,Issue with order tracking,Customer reported a problem regarding order tracking in LATAM.,-0.39
ZD-427345,2026-07-02T08:00:00,Checkout Error,GLOBAL,Issue with checkout error,Customer reported a problem regarding checkout error in GLOBAL.,-0.26
ZD-669643,2026-07-02T09:00:00,Refund Request,EU,Issue with refund request,Customer reported a problem regarding refund request in EU.,0.16
ZD-447865,2026-07-02T09:00:00,Checkout Error,GLOBAL,Issue with checkout error,Customer reported a problem regarding checkout error in GLOBAL.,-0.46
ZD-912698,2026-07-02T11:00:00,Account Access,LATAM,Issue with account access,Customer reported a problem regarding account access in LATAM.,0.23
ZD-724211,2026-07-02T12:00:00,Checkout Error,NA,Issue with checkout error,Customer reported a problem regarding checkout error in NA.,-0.42
ZD-420455,2026-07-02T16:00:00,Payment Failure,NA,Issue with payment failure,Customer reported a problem regarding payment failure in NA.,-0.01
ZD-669977,2026-07-02T16:00:00,Performance Issue,GLOBAL,Issue with performance issue,Customer reported a problem regarding performance issue in GLOBAL.,0.26
ZD-619684,2026-07-02T19:00:00,Mobile App Bug,EMEA,Issue with mobile app bug,Customer reported a problem regarding mobile app bug in EMEA.,0.66
ZD-892756,2026-07-02T19:00:00,API Integration,EMEA,Issue with api integration,Customer reported a problem regarding api integration in EMEA.,0.6
ZD-107679,2026-07-03T00:00:00,Payment Failure,APAC,Issue with payment failure,Customer reported a problem regarding payment failure in APAC.,-0.04
ZD-200931,2026-07-03T00:00:00,Mobile App Bug,LATAM,Issue with mobile app bug,Customer reported a problem regarding mobile app bug in LATAM.,-0.0
ZD-720576,2026-07-03T03:00:00,Performance Issue,NA,Issue with performance issue,Customer reported a problem regarding performance issue in NA.,-0.46
ZD-712056,2026-07-03T04:00:00,General Support,APAC,Issue with general support,Customer reported a problem regarding general support in APAC.,0.62
ZD-554967,2026-07-03T06:00:00,API Integration,GLOBAL,Issue with api integration,Customer reported a problem regarding api integration in GLOBAL.,0.73
ZD-107867,2026-07-03T07:00:00,Billing Inquiry,NA,Issue with billing inquiry,Customer reported a problem regarding billing inquiry in NA.,-0.49
ZD-242197,2026-07-03T08:00:00,Account Access,NA,Issue with account access,Customer reported a problem regarding account access in NA.,0.2
ZD-577225,2026-07-03T09:00:00,Order Tracking,LATAM,Issue with order tracking,Customer reported a problem regarding order tracking in LATAM.,0.6
ZD-885435,2026-07-03T12:00:00,Mobile App Bug,EU,Issue with mobile app bug,Customer reported a problem regarding mobile app bug in EU.,-0.13
ZD-808446,2026-07-03T14:00:00,Checkout Error,NA,Issue with checkout error,Customer reported a problem regarding checkout error in NA.,-0.13
ZD-120344,2026-07-03T15:00:00,Mobile App Bug,NA,Issue with mobile app bug,Customer reported a problem regarding mobile app bug in NA.,0.74
ZD-939525,2026-07-03T15:00:00,Refund Request,LATAM,Issue with refund request,Customer reported a problem regarding refund request in LATAM.,0.55
ZD-148712,2026-07-03T18:00:00,Billing Inquiry,NA,Issue with billing inquiry,Customer reported a problem regarding billing inquiry in NA.,0.52
ZD-522061,2026-07-03T18:00:00,Billing Inquiry,GLOBAL,Issue with billing inquiry,Customer reported a problem regarding billing inquiry in GLOBAL.,0.55
ZD-544679,2026-07-03T19:00:00,Order Tracking,EMEA,Issue with order tracking,Customer reported a problem regarding order tracking in EMEA.,0.37
ZD-842403,2026-07-03T19:00:00,Account Access,GLOBAL,Issue with account access,Customer reported a problem regarding account access in GLOBAL.,0.58
ZD-148358,2026-07-03T19:00:00,Account Access,NA,Issue with account access,Customer reported a problem regarding account access in NA.,-0.02
ZD-570818,2026-07-03T20:00:00,Billing Inquiry,EMEA,Issue with billing inquiry,Customer reported a problem regarding billing inquiry in EMEA.,0.32
ZD-298504,2026-07-03T20:00:00,Checkout Error,APAC,Issue with checkout error,Customer reported a problem regarding checkout error in APAC.,0.49
ZD-307809,2026-07-03T23:00:00,Account Access,APAC,Issue with account access,Customer reported a problem regarding account access in APAC.,0.14
ZD-915885,2026-07-03T23:00:00,Payment Failure,LATAM,Issue with payment failure,Customer reported a problem regarding payment failure in LATAM.,0.23
ZD-163733,2026-07-04T00:00:00,Account Access,LATAM,Issue with account access,Customer reported a problem regarding account access in LATAM.,-0.29
ZD-755126,2026-07-04T00:00:00,Checkout Error,APAC,Issue with checkout error,Customer reported a problem regarding checkout error in APAC.,0.47
ZD-309075,2026-07-04T01:00:00,API Integration,GLOBAL,Issue with api integration,Customer reported a problem regarding api integration in GLOBAL.,0.49
ZD-503920,2026-07-04T01:00:00,Account Access,APAC,Issue with account access,Customer reported a problem regarding account access in APAC.,0.61
ZD-154134,2026-07-04T03:00:00,Refund Request,LATAM,Issue with refund request,Customer reported a problem regarding refund request in LATAM.,0.22
ZD-760895,2026-07-04T03:00:00,Performance Issue,GLOBAL,Issue with performance issue,Customer reported a problem regarding performance issue in GLOBAL.,-0.09
ZD-638819,2026-07-04T05:00:00,API Integration,EMEA,Issue with api integration,Customer reported a problem regarding api integration in EMEA.,0.1
ZD-567693,2026-07-04T05:00:00,Performance Issue,NA,Issue with performance issue,Customer reported a problem regarding performance issue in NA.,-0.15
ZD-626932,2026-07-04T05:00:00,Order Tracking,GLOBAL,Issue with order tracking,Customer reported a problem regarding order tracking in GLOBAL.,0.49
ZD-762285,2026-07-04T06:00:00,Mobile App Bug,GLOBAL,Issue with mobile app bug,Customer reported a problem regarding mobile app bug in GLOBAL.,-0.43
ZD-359045,2026-07-04T08:00:00,General Support,APAC,Issue with general support,Customer reported a problem regarding general support in APAC.,-0.27
ZD-593793,2026-07-04T09:00:00,General Support,NA,Issue with general support,Customer reported a problem regarding general support in NA.,-0.3
ZD-788166,2026-07-04T09:00:00,Order Tracking,APAC,Issue with order tracking,Customer reported a problem regarding order tracking in APAC.,0.44
ZD-741830,2026-07-04T09:00:00,Order Tracking,EU,Issue with order tracking,Customer reported a problem regarding order tracking in EU.,0.53
ZD-647099,2026-07-04T11:00:00,Billing Inquiry,GLOBAL,Issue with billing inquiry,Customer reported a problem regarding billing inquiry in GLOBAL.,-0.09
ZD-416156,2026-07-04T11:00:00,API Integration,EU,Issue with api integration,Customer reported a problem regarding api integration in EU.,0.17
ZD-177291,2026-07-04T11:00:00,Checkout Error,EMEA,Issue with checkout error,Customer reported a problem regarding checkout error in EMEA.,-0.0
ZD-709126,2026-07-04T12:00:00,Account Access,NA,Issue with account access,Customer reported a problem regarding account access in NA.,-0.03
ZD-646444,2026-07-04T12:00:00,Account Access,EMEA,Issue with account access,Customer reported a problem regarding account access in EMEA.,-0.33
ZD-815276,2026-07-04T13:00:00,Performance Issue,NA,Issue with performance issue,Customer reported a problem regarding performance issue in NA.,0.14
ZD-317287,2026-07-04T14:00:00,Order Tracking,APAC,Issue with order tracking,Customer reported a problem regarding order tracking in APAC.,0.19
ZD-679627,2026-07-04T15:00:00,General Support,EU,Issue with general support,Customer reported a problem regarding general support in EU.,0.49
ZD-937133,2026-07-04T16:00:00,Performance Issue,EU,Issue with performance issue,Customer reported a problem regarding performance issue in EU.,-0.39
ZD-353697,2026-07-04T18:00:00,Order Tracking,LATAM,Issue with order tracking,Customer reported a problem regarding order tracking in LATAM.,0.33
ZD-743919,2026-07-04T19:00:00,Checkout Error,LATAM,Issue with checkout error,Customer reported a problem regarding checkout error in LATAM.,-0.31
ZD-376519,2026-07-04T19:00:00,Order Tracking,APAC,Issue with order tracking,Customer reported a problem regarding order tracking in APAC.,0.02
ZD-305350,2026-07-04T22:00:00,Order Tracking,GLOBAL,Issue with order tracking,Customer reported a problem regarding order tracking in GLOBAL.,-0.05
ZD-139620,2026-07-04T23:00:00,Account Access,LATAM,Issue with account access,Customer reported a problem regarding account access in LATAM.,0.69
ZD-777922,2026-07-05T00:00:00,Checkout Error,NA,Issue with checkout error,Customer reported a problem regarding checkout error in NA.,0.58
ZD-771702,2026-07-05T00:00:00,Payment Failure,EMEA,Issue with payment failure,Customer reported a problem regarding payment failure in EMEA.,0.68
ZD-439115,2026-07-05T00:00:00,Order Tracking,NA,Issue with order tracking,Customer reported a problem regarding order tracking in NA.,0.38
ZD-773753,2026-07-05T01:00:00,Refund Request,EMEA,Issue with refund request,Customer reported a problem regarding refund request in EMEA.,0.53
ZD-925733,2026-07-05T05:00:00,Order Tracking,LATAM,Issue with order tracking,Customer reported a problem regarding order tracking in LATAM.,0.46
ZD-260296,2026-07-05T07:00:00,Billing Inquiry,APAC,Issue with billing inquiry,Customer reported a problem regarding billing inquiry in APAC.,0.08
ZD-886635,2026-07-05T08:00:00,General Support,EMEA,Issue with general support,Customer reported a problem regarding general support in EMEA.,-0.42
ZD-799592,2026-07-05T09:00:00,Checkout Error,LATAM,Issue with checkout error,Customer reported a problem regarding checkout error in LATAM.,0.01
ZD-936793,2026-07-05T10:00:00,API Integration,EMEA,Issue with api integration,Customer reported a problem regarding api integration in EMEA.,-0.24
ZD-206500,2026-07-05T11:00:00,API Integration,EU,Issue with api integration,Customer reported a problem regarding api integration in EU.,-0.47
ZD-234998,2026-07-05T11:00:00,Performance Issue,LATAM,Issue with performance issue,Customer reported a problem regarding performance issue in LATAM.,0.67
ZD-592866,2026-07-05T11:00:00,Billing Inquiry,NA,Issue with billing inquiry,Customer reported a problem regarding billing inquiry in NA.,0.45
ZD-577156,2026-07-05T11:00:00,Refund Request,APAC,Issue with refund request,Customer reported a problem regarding refund request in APAC.,-0.07
ZD-504100,2026-07-05T12:00:00,General Support,EMEA,Issue with general support,Customer reported a problem regarding general support in EMEA.,0.3
ZD-961874,2026-07-05T14:00:00,Payment Failure,APAC,Issue with payment failure,Customer reported a problem regarding payment failure in APAC.,0.15
ZD-947499,2026-07-05T16:00:00,Billing Inquiry,GLOBAL,Issue with billing inquiry,Customer reported a problem regarding billing inquiry in GLOBAL.,-0.41
ZD-740071,2026-07-05T16:00:00,General Support,EMEA,Issue with general support,Customer reported a problem regarding general support in EMEA.,0.54
ZD-312408,2026-07-05T17:00:00,Payment Failure,GLOBAL,Issue with payment failure,Customer reported a problem regarding payment failure in GLOBAL.,0.26
ZD-603415,2026-07-05T18:00:00,Account Access,LATAM,Issue with account access,Customer reported a problem regarding account access in LATAM.,0.44
ZD-465867,2026-07-05T18:00:00,Refund Request,GLOBAL,Issue with refund request,Customer reported a problem regarding refund request in GLOBAL.,0.35
ZD-313643,2026-07-05T19:00:00,Refund Request,EU,Issue with refund request,Customer reported a problem regarding refund request in EU.,-0.31
ZD-411409,2026-07-05T19:00:00,General Support,EU,Issue with general support,Customer reported a problem regarding general support in EU.,0.74
ZD-988423,2026-07-05T20:00:00,Payment Failure,EMEA,Issue with payment failure,Customer reported a problem regarding payment failure in EMEA.,-0.08
ZD-900498,2026-07-05T20:00:00,Order Tracking,LATAM,Issue with order tracking,Customer reported a problem regarding order tracking in LATAM.,-0.07
ZD-639668,2026-07-05T23:00:00,General Support,NA,Issue with general support,Customer reported a problem regarding general support in NA.,-0.14
ZD-421805,2026-07-05T23:00:00,Payment Failure,APAC,Issue with payment failure,Customer reported a problem regarding payment failure in APAC.,-0.36
ZD-920279,2026-07-05T23:00:00,Account Access,NA,Issue with account access,Customer reported a problem regarding account access in NA.,0.26
ZD-275557,2026-07-05T23:00:00,Order Tracking,EMEA,Issue with order tracking,Customer reported a problem regarding order tracking in EMEA.,0.11
ZD-563088,2026-07-06T00:00:00,API Integration,NA,Issue with api integration,Customer reported a problem regarding api integration in NA.,0.49
ZD-114124,2026-07-06T00:00:00,General Support,EU,Issue with general support,Customer reported a problem regarding general support in EU.,0.2
ZD-288105,2026-07-06T00:00:00,Billing Inquiry,EU,Issue with billing inquiry,Customer reported a problem regarding billing inquiry in EU.,-0.37
ZD-791355,2026-07-06T00:00:00,Account Access,APAC,Issue with account access,Customer reported a problem regarding account access in APAC.,0.22
ZD-497027,2026-07-06T00:00:00,General Support,APAC,Issue with general support,Customer reported a problem regarding general support in APAC.,0.68
ZD-693907,2026-07-06T00:00:00,Order Tracking,NA,Issue with order tracking,Customer reported a problem regarding order tracking in NA.,0.47
ZD-308124,2026-07-06T01:00:00,Refund Request,APAC,Issue with refund request,Customer reported a problem regarding refund request in APAC.,-0.31
ZD-503932,2026-07-06T02:00:00,API Integration,APAC,Issue with api integration,Customer reported a problem regarding api integration in APAC.,-0.26
ZD-912472,2026-07-06T03:00:00,Order Tracking,NA,Issue with order tracking,Customer reported a problem regarding order tracking in NA.,-0.17
ZD-538935,2026-07-06T03:00:00,Mobile App Bug,EU,Issue with mobile app bug,Customer reported a problem regarding mobile app bug in EU.,0.4
ZD-753845,2026-07-06T03:00:00,General Support,EU,Issue with general support,Customer reported a problem regarding general support in EU.,0.76
ZD-694693,2026-07-06T04:00:00,Checkout Error,EMEA,Issue with checkout error,Customer reported a problem regarding checkout error in EMEA.,0.56
ZD-744281,2026-07-06T04:00:00,Checkout Error,EMEA,Issue with checkout error,Customer reported a problem regarding checkout error in EMEA.,-0.29
ZD-338615,2026-07-06T05:00:00,Refund Request,APAC,Issue with refund request,Customer reported a problem regarding refund request in APAC.,0.6
ZD-442946,2026-07-06T05:00:00,API Integration,APAC,Issue with api integration,Customer reported a problem regarding api integration in APAC.,-0.14
ZD-291792,2026-07-06T05:00:00,API Integration,LATAM,Issue with api integration,Customer reported a problem regarding api integration in LATAM.,-0.13
ZD-186335,2026-07-06T06:00:00,General Support,LATAM,Issue with general support,Customer reported a problem regarding general support in LATAM.,0.63
ZD-364635,2026-07-06T07:00:00,Account Access,GLOBAL,Issue with account access,Customer reported a problem regarding account access in GLOBAL.,0.11
ZD-671308,2026-07-06T08:00:00,Checkout Error,GLOBAL,Issue with checkout error,Customer reported a problem regarding checkout error in GLOBAL.,0.16
ZD-854354,2026-07-06T08:00:00,Performance Issue,LATAM,Issue with performance issue,Customer reported a problem regarding performance issue in LATAM.,-0.13
ZD-624472,2026-07-06T09:00:00,Billing Inquiry,APAC,Issue with billing inquiry,Customer reported a problem regarding billing inquiry in APAC.,-0.25
ZD-125834,2026-07-06T09:00:00,Performance Issue,EMEA,Issue with performance issue,Customer reported a problem regarding performance issue in EMEA.,-0.12
ZD-159400,2026-07-06T09:00:00,Billing Inquiry,APAC,Issue with billing inquiry,Customer reported a problem regarding billing inquiry in APAC.,0.12
ZD-401130,2026-07-06T09:00:00,Payment Failure,EU,Issue with payment failure,Customer reported a problem regarding payment failure in EU.,-0.0
ZD-574437,2026-07-06T09:00:00,Order Tracking,APAC,Issue with order tracking,Customer reported a problem regarding order tracking in APAC.,-0.29
ZD-962208,2026-07-06T09:00:00,Mobile App Bug,GLOBAL,Issue with mobile app bug,Customer reported a problem regarding mobile app bug in GLOBAL.,-0.05
ZD-206220,2026-07-06T10:00:00,Account Access,APAC,Issue with account access,Customer reported a problem regarding account access in APAC.,0.66
ZD-751639,2026-07-06T10:00:00,Account Access,EU,Issue with account access,Customer reported a problem regarding account access in EU.,-0.19
ZD-665647,2026-07-06T10:00:00,Refund Request,NA,Issue with refund request,Customer reported a problem regarding refund request in NA.,-0.42
ZD-161914,2026-07-06T11:00:00,General Support,APAC,Issue with general support,Customer reported a problem regarding general support in APAC.,0.51
ZD-893677,2026-07-06T11:00:00,Refund Request,NA,Issue with refund request,Customer reported a problem regarding refund request in NA.,0.07
ZD-156701,2026-07-06T11:00:00,API Integration,GLOBAL,Issue with api integration,Customer reported a problem regarding api integration in GLOBAL.,0.8
ZD-624158,2026-07-06T12:00:00,API Integration,NA,Issue with api integration,Customer reported a problem regarding api integration in NA.,-0.08
ZD-503907,2026-07-06T12:00:00,Refund Request,EMEA,Issue with refund request,Customer reported a problem regarding refund request in EMEA.,0.03
ZD-761497,2026-07-06T14:00:00,Order Tracking,NA,Issue with order tracking,Customer reported a problem regarding order tracking in NA.,0.17
ZD-881219,2026-07-06T15:00:00,API Integration,NA,Issue with api integration,Customer reported a problem regarding api integration in NA.,0.2
ZD-493590,2026-07-06T16:00:00,Refund Request,EMEA,Issue with refund request,Customer reported a problem regarding refund request in EMEA.,0.33
ZD-999795,2026-07-06T16:00:00,Performance Issue,APAC,Issue with performance issue,Customer reported a problem regarding performance issue in APAC.,-0.15
ZD-355128,2026-07-06T17:00:00,Checkout Error,GLOBAL,Issue with checkout error,Customer reported a problem regarding checkout error in GLOBAL.,-0.48
ZD-936625,2026-07-06T17:00:00,General Support,LATAM,Issue with general support,Customer reported a problem regarding general support in LATAM.,-0.08
ZD-796375,2026-07-06T18:00:00,Refund Request,EMEA,Issue with refund request,Customer reported a problem regarding refund request in EMEA.,-0.24
ZD-282666,2026-07-06T19:00:00,Billing Inquiry,GLOBAL,Issue with billing inquiry,Customer reported a problem regarding billing inquiry in GLOBAL.,-0.42
ZD-744194,2026-07-06T21:00:00,General Support,NA,Issue with general support,Customer reported a problem regarding general support in NA.,-0.29
ZD-867501,2026-07-06T23:00:00,Refund Request,EU,Issue with refund request,Customer reported a problem regarding refund request in EU.,0.67
ZD-693301,2026-07-07T00:00:00,Payment Failure,NA,Issue with payment failure,Customer reported a problem regarding payment failure in NA.,0.17
ZD-630034,2026-07-07T00:00:00,Payment Failure,EU,Issue with payment failure,Customer reported a problem regarding payment failure in EU.,0.63
ZD-888558,2026-07-07T01:00:00,Account Access,LATAM,Issue with account access,Customer reported a problem regarding account access in LATAM.,-0.01
ZD-355893,2026-07-07T01:00:00,Order Tracking,APAC,Issue with order tracking,Customer reported a problem regarding order tracking in APAC.,-0.49
ZD-365636,2026-07-07T02:00:00,Performance Issue,EMEA,Issue with performance issue,Customer reported a problem regarding performance issue in EMEA.,0.39
ZD-800623,2026-07-07T04:00:00,Account Access,APAC,Issue with account access,Customer reported a problem regarding account access in APAC.,0.57
ZD-334446,2026-07-07T06:00:00,Mobile App Bug,EU,Issue with mobile app bug,Customer reported a problem regarding mobile app bug in EU.,0.68
ZD-861206,2026-07-07T11:00:00,Mobile App Bug,EMEA,Issue with mobile app bug,Customer reported a problem regarding mobile app bug in EMEA.,-0.2
ZD-313422,2026-07-07T11:00:00,Performance Issue,LATAM,Issue with performance issue,Customer reported a problem regarding performance issue in LATAM.,0.61
ZD-268497,2026-07-07T12:00:00,Order Tracking,EU,Issue with order tracking,Customer reported a problem regarding order tracking in EU.,-0.39
ZD-735569,2026-07-07T12:00:00,Refund Request,GLOBAL,Issue with refund request,Customer reported a problem regarding refund request in GLOBAL.,0.37
ZD-182253,2026-07-07T12:00:00,Performance Issue,EU,Issue with performance issue,Customer reported a problem regarding performance issue in EU.,0.54
ZD-211817,2026-07-07T12:00:00,Refund Request,APAC,Issue with refund request,Customer reported a problem regarding refund request in APAC.,0.15
ZD-169829,2026-07-07T12:00:00,Mobile App Bug,LATAM,Issue with mobile app bug,Customer reported a problem regarding mobile app bug in LATAM.,0.12
ZD-924418,2026-07-07T14:00:00,Refund Request,GLOBAL,Issue with refund request,Customer reported a problem regarding refund request in GLOBAL.,0.38
ZD-984034,2026-07-07T15:00:00,Billing Inquiry,EU,Issue with billing inquiry,Customer reported a problem regarding billing inquiry in EU.,0.8
ZD-163211,2026-07-07T15:00:00,Performance Issue,GLOBAL,Issue with performance issue,Customer reported a problem regarding performance issue in GLOBAL.,0.79
ZD-197150,2026-07-07T16:00:00,Mobile App Bug,GLOBAL,Issue with mobile app bug,Customer reported a problem regarding mobile app bug in GLOBAL.,0.57
ZD-346205,2026-07-07T16:00:00,Mobile App Bug,EU,Issue with mobile app bug,Customer reported a problem regarding mobile app bug in EU.,-0.33
ZD-887705,2026-07-07T17:00:00,Order Tracking,LATAM,Issue with order tracking,Customer reported a problem regarding order tracking in LATAM.,-0.11
ZD-187218,2026-07-07T17:00:00,Checkout Error,EU,Issue with checkout error,Customer reported a problem regarding checkout error in EU.,0.57
ZD-675158,2026-07-07T18:00:00,Checkout Error,APAC,Issue with checkout error,Customer reported a problem regarding checkout error in APAC.,0.72
ZD-612655,2026-07-07T19:00:00,Payment Failure,EMEA,Issue with payment failure,Customer reported a problem regarding payment failure in EMEA.,0.38
ZD-215358,2026-07-07T20:00:00,API Integration,LATAM,Issue with api integration,Customer reported a problem regarding api integration in LATAM.,-0.33
ZD-513027,2026-07-07T20:00:00,Account Access,LATAM,Issue with account access,Customer reported a problem regarding account access in LATAM.,0.27
ZD-376468,2026-07-07T20:00:00,API Integration,LATAM,Issue with api integration,Customer reported a problem regarding api integration in LATAM.,0.64
ZD-321050,2026-07-07T21:00:00,General Support,EU,Issue with general support,Customer reported a problem regarding general support in EU.,0.35
ZD-340873,2026-07-07T22:00:00,API Integration,EMEA,Issue with api integration,Customer reported a problem regarding api integration in EMEA.,0.13
ZD-591336,2026-07-08T01:00:00,Order Tracking,APAC,Issue with order tracking,Customer reported a problem regarding order tracking in APAC.,-0.42
ZD-948078,2026-07-08T01:00:00,Order Tracking,LATAM,Issue with order tracking,Customer reported a problem regarding order tracking in LATAM.,0.67
ZD-259776,2026-07-08T01:00:00,Mobile App Bug,APAC,Issue with mobile app bug,Customer reported a problem regarding mobile app bug in APAC.,0.05
ZD-776268,2026-07-08T02:00:00,Checkout Error,EU,Issue with checkout error,Customer reported a problem regarding checkout error in EU.,0.13
ZD-885582,2026-07-08T02:00:00,Performance Issue,EMEA,Issue with performance issue,Customer reported a problem regarding performance issue in EMEA.,0.5
ZD-255954,2026-07-08T03:00:00,API Integration,EU,Issue with api integration,Customer reported a problem regarding api integration in EU.,-0.07
ZD-982183,2026-07-08T03:00:00,Account Access,EMEA,Issue with account access,Customer reported a problem regarding account access in EMEA.,-0.06
ZD-103324,2026-07-08T03:00:00,Payment Failure,EU,Issue with payment failure,Customer reported a problem regarding payment failure in EU.,0.72
ZD-123475,2026-07-08T04:00:00,Order Tracking,EMEA,Issue with order tracking,Customer reported a problem regarding order tracking in EMEA.,-0.44
ZD-296687,2026-07-08T04:00:00,Mobile App Bug,APAC,Issue with mobile app bug,Customer reported a problem regarding mobile app bug in APAC.,-0.27
ZD-624239,2026-07-08T05:00:00,Billing Inquiry,NA,Issue with billing inquiry,Customer reported a problem regarding billing inquiry in NA.,-0.09
ZD-235263,2026-07-08T05:00:00,Billing Inquiry,APAC,Issue with billing inquiry,Customer reported a problem regarding billing inquiry in APAC.,0.13
ZD-309211,2026-07-08T06:00:00,Mobile App Bug,APAC,Issue with mobile app bug,Customer reported a problem regarding mobile app bug in APAC.,0.1
ZD-720481,2026-07-08T07:00:00,Checkout Error,GLOBAL,Issue with checkout error,Customer reported a problem regarding checkout error in GLOBAL.,-0.27
ZD-307728,2026-07-08T09:00:00,Performance Issue,EMEA,Issue with performance issue,Customer reported a problem regarding performance issue in EMEA.,0.06
ZD-734205,2026-07-08T10:00:00,Refund Request,APAC,Issue with refund request,Customer reported a problem regarding refund request in APAC.,-0.26
ZD-123132,2026-07-08T10:00:00,Refund Request,NA,Issue with refund request,Customer reported a problem regarding refund request in NA.,0.73
ZD-960237,2026-07-08T11:00:00,General Support,NA,Issue with general support,Customer reported a problem regarding general support in NA.,-0.31
ZD-591243,2026-07-08T11:00:00,Payment Failure,GLOBAL,Issue with payment failure,Customer reported a problem regarding payment failure in GLOBAL.,0.13
ZD-966121,2026-07-08T13:00:00,Mobile App Bug,EU,Issue with mobile app bug,Customer reported a problem regarding mobile app bug in EU.,0.05
ZD-822639,2026-07-08T14:00:00,Order Tracking,GLOBAL,Issue with order tracking,Customer reported a problem regarding order tracking in GLOBAL.,0.69
ZD-474611,2026-07-08T15:00:00,Performance Issue,APAC,Issue with performance issue,Customer reported a problem regarding performance issue in APAC.,0.02
ZD-381091,2026-07-08T15:00:00,API Integration,GLOBAL,Issue with api integration,Customer reported a problem regarding api integration in GLOBAL.,0.48
ZD-512734,2026-07-08T16:00:00,Order Tracking,EMEA,Issue with order tracking,Customer reported a problem regarding order tracking in EMEA.,-0.17
ZD-683189,2026-07-08T16:00:00,Refund Request,GLOBAL,Issue with refund request,Customer reported a problem regarding refund request in GLOBAL.,-0.18
ZD-425373,2026-07-08T17:00:00,Account Access,APAC,Issue with account access,Customer reported a problem regarding account access in APAC.,0.65
ZD-503574,2026-07-08T17:00:00,API Integration,LATAM,Issue with api integration,Customer reported a problem regarding api integration in LATAM.,-0.27
ZD-669085,2026-07-08T17:00:00,Refund Request,NA,Issue with refund request,Customer reported a problem regarding refund request in NA.,-0.35
ZD-296908,2026-07-08T17:00:00,Billing Inquiry,LATAM,Issue with billing inquiry,Customer reported a problem regarding billing inquiry in LATAM.,-0.49
ZD-393894,2026-07-08T18:00:00,Checkout Error,EMEA,Issue with checkout error,Customer reported a problem regarding checkout error in EMEA.,-0.05
ZD-471968,2026-07-08T18:00:00,Billing Inquiry,APAC,Issue with billing inquiry,Customer reported a problem regarding billing inquiry in APAC.,-0.4
ZD-984725,2026-07-08T19:00:00,Payment Failure,GLOBAL,Issue with payment failure,Customer reported a problem regarding payment failure in GLOBAL.,-0.1
ZD-305753,2026-07-08T19:00:00,General Support,LATAM,Issue with general support,Customer reported a problem regarding general support in LATAM.,0.02
ZD-320043,2026-07-08T19:00:00,Refund Request,EMEA,Issue with refund request,Customer reported a problem regarding refund request in EMEA.,-0.33
ZD-628004,2026-07-08T19:00:00,Refund Request,GLOBAL,Issue with refund request,Customer reported a problem regarding refund request in GLOBAL.,0.2
ZD-812131,2026-07-08T20:00:00,General Support,NA,Issue with general support,Customer reported a problem regarding general support in NA.,0.53
ZD-821381,2026-07-08T21:00:00,Checkout Error,APAC,Issue with checkout error,Customer reported a problem regarding checkout error in APAC.,-0.17
ZD-652351,2026-07-08T21:00:00,Checkout Error,EU,Issue with checkout error,Customer reported a problem regarding checkout error in EU.,-0.35
ZD-590032,2026-07-08T21:00:00,Refund Request,GLOBAL,Issue with refund request,Customer reported a problem regarding refund request in GLOBAL.,0.39
ZD-353453,2026-07-08T22:00:00,Performance Issue,NA,Issue with performance issue,Customer reported a problem regarding performance issue in NA.,0.16
ZD-647513,2026-07-09T00:00:00,Refund Request,EU,Issue with refund request,Customer reported a problem regarding refund request in EU.,-0.48
ZD-111321,2026-07-09T02:00:00,Checkout Error,EU,Issue with checkout error,Customer reported a problem regarding checkout error in EU.,-0.1
ZD-683329,2026-07-09T09:00:00,Mobile App Bug,LATAM,Issue with mobile app bug,Customer reported a problem regarding mobile app bug in LATAM.,0.66
ZD-911468,2026-07-09T15:00:00,Billing Inquiry,APAC,Issue with billing inquiry,Customer reported a problem regarding billing inquiry in APAC.,-0.15
ZD-957712,2026-07-09T16:00:00,Checkout Error,APAC,Issue with checkout error,Customer reported a problem regarding checkout error in APAC.,0.24
ZD-110284,2026-07-09T22:00:00,Billing Inquiry,APAC,Issue with billing inquiry,Customer reported a problem regarding billing inquiry in APAC.,-0.25
ZD-839739,2026-07-10T01:00:00,Refund Request,LATAM,Issue with refund request,Customer reported a problem regarding refund request in LATAM.,0.36
ZD-528725,2026-07-10T02:00:00,Refund Request,GLOBAL,Issue with refund request,Customer reported a problem regarding refund request in GLOBAL.,-0.31
ZD-441525,2026-07-10T03:00:00,Mobile App Bug,EMEA,Issue with mobile app bug,Customer reported a problem regarding mobile app bug in EMEA.,0.47
ZD-332702,2026-07-10T04:00:00,Refund Request,EMEA,Issue with refund request,Customer reported a problem regarding refund request in EMEA.,0.69
ZD-506031,2026-07-10T05:00:00,Account Access,NA,Issue with account access,Customer reported a problem regarding account access in NA.,0.04
ZD-758253,2026-07-10T05:00:00,Checkout Error,LATAM,Issue with checkout error,Customer reported a problem regarding checkout error in LATAM.,0.34
ZD-132181,2026-07-10T06:00:00,Performance Issue,NA,Issue with performance issue,Customer reported a problem regarding performance issue in NA.,0.1
ZD-456955,2026-07-10T07:00:00,Billing Inquiry,EMEA,Issue with billing inquiry,Customer reported a problem regarding billing inquiry in EMEA.,0.62
ZD-219069,2026-07-10T07:00:00,Order Tracking,EU,Issue with order tracking,Customer reported a problem regarding order tracking in EU.,0.11
ZD-564876,2026-07-10T09:00:00,Billing Inquiry,EU,Issue with billing inquiry,Customer reported a problem regarding billing inquiry in EU.,0.48
ZD-652085,2026-07-10T11:00:00,API Integration,NA,Issue with api integration,Customer reported a problem regarding api integration in NA.,-0.32
ZD-224496,2026-07-10T12:00:00,Checkout Error,APAC,Issue with checkout error,Customer reported a problem regarding checkout error in APAC.,0.25
ZD-471456,2026-07-10T13:00:00,Account Access,LATAM,Issue with account access,Customer reported a problem regarding account access in LATAM.,0.43
ZD-471317,2026-07-10T13:00:00,Mobile App Bug,NA,Issue with mobile app bug,Customer reported a problem regarding mobile app bug in NA.,0.21
ZD-357157,2026-07-10T15:00:00,Billing Inquiry,NA,Issue with billing inquiry,Customer reported a problem regarding billing inquiry in NA.,-0.26
ZD-808809,2026-07-10T15:00:00,Checkout Error,GLOBAL,Issue with checkout error,Customer reported a problem regarding checkout error in GLOBAL.,-0.17
ZD-788036,2026-07-10T15:00:00,Payment Failure,NA,Issue with payment failure,Customer reported a problem regarding payment failure in NA.,-0.32
ZD-508390,2026-07-10T15:00:00,Account Access,EMEA,Issue with account access,Customer reported a problem regarding account access in EMEA.,-0.33
ZD-406039,2026-07-10T15:00:00,Account Access,EU,Issue with account access,Customer reported a problem regarding account access in EU.,0.59
ZD-605963,2026-07-10T16:00:00,Checkout Error,APAC,Issue with checkout error,Customer reported a problem regarding checkout error in APAC.,0.39
ZD-797471,2026-07-10T17:00:00,Billing Inquiry,EMEA,Issue with billing inquiry,Customer reported a problem regarding billing inquiry in EMEA.,-0.02
ZD-585840,2026-07-10T17:00:00,Refund Request,APAC,Issue with refund request,Customer reported a problem regarding refund request in APAC.,0.57
ZD-531259,2026-07-10T19:00:00,Mobile App Bug,EMEA,Issue with mobile app bug,Customer reported a problem regarding mobile app bug in EMEA.,-0.48
ZD-964303,2026-07-10T20:00:00,Payment Failure,NA,Issue with payment failure,Customer reported a problem regarding payment failure in NA.,-0.34
ZD-710416,2026-07-10T20:00:00,Billing Inquiry,APAC,Issue with billing inquiry,Customer reported a problem regarding billing inquiry in APAC.,0.63
ZD-476826,2026-07-11T00:00:00,Account Access,NA,Issue with account access,Customer reported a problem regarding account access in NA.,-0.45
ZD-888762,2026-07-11T06:00:00,API Integration,EU,Issue with api integration,Customer reported a problem regarding api integration in EU.,-0.28
ZD-562425,2026-07-11T09:00:00,Payment Failure,GLOBAL,Issue with payment failure,Customer reported a problem regarding payment failure in GLOBAL.,0.7
ZD-374532,2026-07-11T11:00:00,Performance Issue,NA,Issue with performance issue,Customer reported a problem regarding performance issue in NA.,-0.26
ZD-385394,2026-07-11T12:00:00,Checkout Error,EMEA,Issue with checkout error,Customer reported a problem regarding checkout error in EMEA.,-0.02
ZD-406057,2026-07-11T12:00:00,Account Access,LATAM,Issue with account access,Customer reported a problem regarding account access in LATAM.,-0.09
ZD-682545,2026-07-11T13:00:00,Refund Request,LATAM,Issue with refund request,Customer reported a problem regarding refund request in LATAM.,0.03
ZD-341912,2026-07-11T15:00:00,Refund Request,EU,Issue with refund request,Customer reported a problem regarding refund request in EU.,-0.34
ZD-705962,2026-07-11T16:00:00,General Support,GLOBAL,Issue with general support,Customer reported a problem regarding general support in GLOBAL.,0.43
ZD-608265,2026-07-11T17:00:00,Performance Issue,EMEA,Issue with performance issue,Customer reported a problem regarding performance issue in EMEA.,0.52
ZD-205799,2026-07-11T18:00:00,Checkout Error,NA,Issue with checkout error,Customer reported a problem regarding checkout error in NA.,0.23
ZD-494995,2026-07-11T21:00:00,Order Tracking,NA,Issue with order tracking,Customer reported a problem regarding order tracking in NA.,0.01
ZD-476637,2026-07-11T23:00:00,Mobile App Bug,EMEA,Issue with mobile app bug,Customer reported a problem regarding mobile app bug in EMEA.,0.48
ZD-343395,2026-07-12T00:00:00,Checkout Error,LATAM,Issue with checkout error,Customer reported a problem regarding checkout error in LATAM.,0.71
ZD-616351,2026-07-12T01:00:00,Account Access,EU,Issue with account access,Customer reported a problem regarding account access in EU.,0.15
ZD-911352,2026-07-12T01:00:00,Refund Request,NA,Issue with refund request,Customer reported a problem regarding refund request in NA.,0.59
ZD-726335,2026-07-12T01:00:00,Order Tracking,NA,Issue with order tracking,Customer reported a problem regarding order tracking in NA.,0.29
ZD-307111,2026-07-12T01:00:00,Account Access,APAC,Issue with account access,Customer reported a problem regarding account access in APAC.,0.73
ZD-202432,2026-07-12T03:00:00,Payment Failure,EU,Issue with payment failure,Customer reported a problem regarding payment failure in EU.,-0.07
ZD-233757,2026-07-12T03:00:00,Mobile App Bug,GLOBAL,Issue with mobile app bug,Customer reported a problem regarding mobile app bug in GLOBAL.,0.77
ZD-300317,2026-07-12T03:00:00,Checkout Error,NA,Issue with checkout error,Customer reported a problem regarding checkout error in NA.,-0.45
ZD-932024,2026-07-12T03:00:00,Mobile App Bug,LATAM,Issue with mobile app bug,Customer reported a problem regarding mobile app bug in LATAM.,-0.07
ZD-139169,2026-07-12T04:00:00,Mobile App Bug,LATAM,Issue with mobile app bug,Customer reported a problem regarding mobile app bug in LATAM.,0.67
ZD-546977,2026-07-12T04:00:00,Payment Failure,NA,Issue with payment failure,Customer reported a problem regarding payment failure in NA.,0.58
ZD-218221,2026-07-12T05:00:00,Payment Failure,EU,Issue with payment failure,Customer reported a problem regarding payment failure in EU.,0.53
ZD-479607,2026-07-12T05:00:00,Performance Issue,EMEA,Issue with performance issue,Customer reported a problem regarding performance issue in EMEA.,-0.19
ZD-642195,2026-07-12T06:00:00,Performance Issue,EMEA,Issue with performance issue,Customer reported a problem regarding performance issue in EMEA.,0.18
ZD-161139,2026-07-12T06:00:00,Mobile App Bug,EMEA,Issue with mobile app bug,Customer reported a problem regarding mobile app bug in EMEA.,0.32
ZD-647800,2026-07-12T06:00:00,Mobile App Bug,GLOBAL,Issue with mobile app bug,Customer reported a problem regarding mobile app bug in GLOBAL.,-0.08
ZD-863131,2026-07-12T06:00:00,Order Tracking,EU,Issue with order tracking,Customer reported a problem regarding order tracking in EU.,0.42
ZD-847156,2026-07-12T06:00:00,Checkout Error,EMEA,Issue with checkout error,Customer reported a problem regarding checkout error in EMEA.,0.79
ZD-885644,2026-07-12T07:00:00,Refund Request,EMEA,Issue with refund request,Customer reported a problem regarding refund request in EMEA.,0.48
ZD-952285,2026-07-12T08:00:00,Refund Request,EU,Issue with refund request,Customer reported a problem regarding refund request in EU.,0.18
ZD-164432,2026-07-12T08:00:00,Mobile App Bug,EU,Issue with mobile app bug,Customer reported a problem regarding mobile app bug in EU.,0.77
ZD-851457,2026-07-12T08:00:00,Billing Inquiry,LATAM,Issue with billing inquiry,Customer reported a problem regarding billing inquiry in LATAM.,0.58
ZD-303776,2026-07-12T08:00:00,Checkout Error,LATAM,Issue with checkout error,Customer reported a problem regarding checkout error in LATAM.,0.13
ZD-876248,2026-07-12T09:00:00,API Integration,GLOBAL,Issue with api integration,Customer reported a problem regarding api integration in GLOBAL.,0.37
ZD-850248,2026-07-12T09:00:00,Mobile App Bug,EMEA,Issue with mobile app bug,Customer reported a problem regarding mobile app bug in EMEA.,0.41
ZD-987630,2026-07-12T09:00:00,Mobile App Bug,EMEA,Issue with mobile app bug,Customer reported a problem regarding mobile app bug in EMEA.,0.78
ZD-437850,2026-07-12T09:00:00,Refund Request,GLOBAL,Issue with refund request,Customer reported a problem regarding refund request in GLOBAL.,0.2
ZD-275071,2026-07-12T09:00:00,Checkout Error,GLOBAL,Issue with checkout error,Customer reported a problem regarding checkout error in GLOBAL.,0.55
ZD-233037,2026-07-12T09:00:00,Account Access,GLOBAL,Issue with account access,Customer reported a problem regarding account access in GLOBAL.,0.35
ZD-212064,2026-07-12T10:00:00,Billing Inquiry,GLOBAL,Issue with billing inquiry,Customer reported a problem regarding billing inquiry in GLOBAL.,-0.29
ZD-318882,2026-07-12T10:00:00,Checkout Error,LATAM,Issue with checkout error,Customer reported a problem regarding checkout error in LATAM.,-0.41
ZD-145161,2026-07-12T11:00:00,Order Tracking,LATAM,Issue with order tracking,Customer reported a problem regarding order tracking in LATAM.,0.04
ZD-968979,2026-07-12T12:00:00,Order Tracking,NA,Issue with order tracking,Customer reported a problem regarding order tracking in NA.,0.38
ZD-510281,2026-07-12T12:00:00,Account Access,EU,Issue with account access,Customer reported a problem regarding account access in EU.,0.03
ZD-658900,2026-07-12T14:00:00,Mobile App Bug,APAC,Issue with mobile app bug,Customer reported a problem regarding mobile app bug in APAC.,0.61
ZD-971187,2026-07-12T14:00:00,API Integration,NA,Issue with api integration,Customer reported a problem regarding api integration in NA.,-0.38
ZD-510292,2026-07-12T14:00:00,Refund Request,APAC,Issue with refund request,Customer reported a problem regarding refund request in APAC.,0.77
ZD-475915,2026-07-12T16:00:00,Checkout Error,EMEA,Issue with checkout error,Customer reported a problem regarding checkout error in EMEA.,0.03
ZD-611358,2026-07-12T16:00:00,Payment Failure,NA,Issue with payment failure,Customer reported a problem regarding payment failure in NA.,0.17
ZD-260534,2026-07-12T18:00:00,Billing Inquiry,NA,Issue with billing inquiry,Customer reported a problem regarding billing inquiry in NA.,-0.07
ZD-247908,2026-07-12T19:00:00,Account Access,LATAM,Issue with account access,Customer reported a problem regarding account access in LATAM.,0.37
ZD-137434,2026-07-12T19:00:00,Mobile App Bug,GLOBAL,Issue with mobile app bug,Customer reported a problem regarding mobile app bug in GLOBAL.,0.4
ZD-629975,2026-07-12T19:00:00,API Integration,GLOBAL,Issue with api integration,Customer reported a problem regarding api integration in GLOBAL.,0.02
ZD-831173,2026-07-12T20:00:00,API Integration,NA,Issue with api integration,Customer reported a problem regarding api integration in NA.,0.4
ZD-616870,2026-07-12T21:00:00,API Integration,NA,Issue with api integration,Customer reported a problem regarding api integration in NA.,0.42
ZD-346596,2026-07-12T21:00:00,Checkout Error,EU,Issue with checkout error,Customer reported a problem regarding checkout error in EU.,0.41
ZD-532006,2026-07-12T21:00:00,Account Access,APAC,Issue with account access,Customer reported a problem regarding account access in APAC.,0.67
ZD-502156,2026-07-12T22:00:00,Refund Request,NA,Issue with refund request,Customer reported a problem regarding refund request in NA.,-0.17
ZD-167804,2026-07-12T22:00:00,Order Tracking,LATAM,Issue with order tracking,Customer reported a problem regarding order tracking in LATAM.,-0.13
ZD-995520,2026-07-12T23:00:00,Order Tracking,GLOBAL,Issue with order tracking,Customer reported a problem regarding order tracking in GLOBAL.,-0.1
ZD-534039,2026-07-13T04:00:00,API Integration,NA,Issue with api integration,Customer reported a problem regarding api integration in NA.,0.55
ZD-858784,2026-07-13T05:00:00,Mobile App Bug,LATAM,Issue with mobile app bug,Customer reported a problem regarding mobile app bug in LATAM.,0.43
ZD-466352,2026-07-13T06:00:00,Performance Issue,NA,Issue with performance issue,Customer reported a problem regarding performance issue in NA.,-0.34
ZD-252880,2026-07-13T08:00:00,Payment Failure,GLOBAL,Issue with payment failure,Customer reported a problem regarding payment failure in GLOBAL.,0.72
ZD-389848,2026-07-13T10:00:00,Mobile App Bug,EU,Issue with mobile app bug,Customer reported a problem regarding mobile app bug in EU.,0.73
ZD-383705,2026-07-13T10:00:00,Checkout Error,LATAM,Issue with checkout error,Customer reported a problem regarding checkout error in LATAM.,0.45
ZD-928349,2026-07-13T11:00:00,Mobile App Bug,EU,Issue with mobile app bug,Customer reported a problem regarding mobile app bug in EU.,-0.42
ZD-736507,2026-07-13T12:00:00,Account Access,LATAM,Issue with account access,Customer reported a problem regarding account access in LATAM.,0.64
ZD-121353,2026-07-13T12:00:00,Payment Failure,LATAM,Issue with payment failure,Customer reported a problem regarding payment failure in LATAM.,0.67
ZD-696227,2026-07-13T14:00:00,Refund Request,NA,Issue with refund request,Customer reported a problem regarding refund request in NA.,0.13
ZD-943085,2026-07-13T15:00:00,API Integration,NA,Issue with api integration,Customer reported a problem regarding api integration in NA.,0.76
ZD-829095,2026-07-13T15:00:00,Billing Inquiry,LATAM,Issue with billing inquiry,Customer reported a problem regarding billing inquiry in LATAM.,0.06
ZD-496396,2026-07-13T16:00:00,Mobile App Bug,APAC,Issue with mobile app bug,Customer reported a problem regarding mobile app bug in APAC.,0.57
ZD-876974,2026-07-13T17:00:00,Account Access,NA,Issue with account access,Customer reported a problem regarding account access in NA.,0.58
ZD-578928,2026-07-13T17:00:00,API Integration,EMEA,Issue with api integration,Customer reported a problem regarding api integration in EMEA.,-0.02
ZD-668663,2026-07-13T20:00:00,Refund Request,EMEA,Issue with refund request,Customer reported a problem regarding refund request in EMEA.,-0.34
ZD-596554,2026-07-13T21:00:00,Account Access,APAC,Issue with account access,Customer reported a problem regarding account access in APAC.,0.68
ZD-262115,2026-07-13T22:00:00,Checkout Error,EU,Issue with checkout error,Customer reported a problem regarding checkout error in EU.,0.68
ZD-893273,2026-07-13T22:00:00,Account Access,NA,Issue with account access,Customer reported a problem regarding account access in NA.,0.72
ZD-961040,2026-07-13T23:00:00,Checkout Error,EMEA,Issue with checkout error,Customer reported a problem regarding checkout error in EMEA.,0.5
ZD-151858,2026-07-14T00:00:00,Order Tracking,APAC,Issue with order tracking,Customer reported a problem regarding order tracking in APAC.,0.6
ZD-231257,2026-07-14T00:00:00,Mobile App Bug,APAC,Issue with mobile app bug,Customer reported a problem regarding mobile app bug in APAC.,0.34
ZD-854833,2026-07-14T02:00:00,Billing Inquiry,GLOBAL,Issue with billing inquiry,Customer reported a problem regarding billing inquiry in GLOBAL.,0.29
ZD-136251,2026-07-14T02:00:00,General Support,LATAM,Issue with general support,Customer reported a problem regarding general support in LATAM.,0.36
ZD-205773,2026-07-14T04:00:00,Checkout Error,NA,Issue with checkout error,Customer reported a problem regarding checkout error in NA.,0.2
ZD-437138,2026-07-14T05:00:00,API Integration,GLOBAL,Issue with api integration,Customer reported a problem regarding api integration in GLOBAL.,-0.44
ZD-532677,2026-07-14T06:00:00,Mobile App Bug,GLOBAL,Issue with mobile app bug,Customer reported a problem regarding mobile app bug in GLOBAL.,-0.47
ZD-444080,2026-07-14T06:00:00,Billing Inquiry,NA,Issue with billing inquiry,Customer reported a problem regarding billing inquiry in NA.,0.25
ZD-751237,2026-07-14T07:00:00,Refund Request,APAC,Issue with refund request,Customer reported a problem regarding refund request in APAC.,-0.21
ZD-570425,2026-07-14T07:00:00,General Support,EU,Issue with general support,Customer reported a problem regarding general support in EU.,-0.15
ZD-834413,2026-07-14T07:00:00,Checkout Error,GLOBAL,Issue with checkout error,Customer reported a problem regarding checkout error in GLOBAL.,-0.38
ZD-691674,2026-07-14T07:00:00,Order Tracking,NA,Issue with order tracking,Customer reported a problem regarding order tracking in NA.,0.59
ZD-727639,2026-07-14T07:00:00,Order Tracking,EMEA,Issue with order tracking,Customer reported a problem regarding order tracking in EMEA.,0.06
ZD-459147,2026-07-14T07:00:00,Billing Inquiry,EMEA,Issue with billing inquiry,Customer reported a problem regarding billing inquiry in EMEA.,0.54
ZD-890462,2026-07-14T07:00:00,Refund Request,NA,Issue with refund request,Customer reported a problem regarding refund request in NA.,-0.17
ZD-119768,2026-07-14T08:00:00,General Support,EU,Issue with general support,Customer reported a problem regarding general support in EU.,-0.1
ZD-186349,2026-07-14T08:00:00,General Support,APAC,Issue with general support,Customer reported a problem regarding general support in APAC.,-0.36
ZD-226073,2026-07-14T09:00:00,Account Access,EMEA,Issue with account access,Customer reported a problem regarding account access in EMEA.,-0.38
ZD-487443,2026-07-14T09:00:00,Account Access,NA,Issue with account access,Customer reported a problem regarding account access in NA.,0.62
ZD-164702,2026-07-14T09:00:00,Account Access,GLOBAL,Issue with account access,Customer reported a problem regarding account access in GLOBAL.,0.2
ZD-620456,2026-07-14T09:00:00,General Support,NA,Issue with general support,Customer reported a problem regarding general support in NA.,-0.35
ZD-495752,2026-07-14T10:00:00,Checkout Error,NA,Issue with checkout error,Customer reported a problem regarding checkout error in NA.,0.72
ZD-117422,2026-07-14T10:00:00,Order Tracking,LATAM,Issue with order tracking,Customer reported a problem regarding order tracking in LATAM.,0.47
ZD-714636,2026-07-14T10:00:00,API Integration,APAC,Issue with api integration,Customer reported a problem regarding api integration in APAC.,-0.42
ZD-314275,2026-07-14T10:00:00,Performance Issue,EU,Issue with performance issue,Customer reported a problem regarding performance issue in EU.,0.47
ZD-779951,2026-07-14T10:00:00,Account Access,NA,Issue with account access,Customer reported a problem regarding account access in NA.,-0.45
ZD-361414,2026-07-14T11:00:00,Refund Request,NA,Issue with refund request,Customer reported a problem regarding refund request in NA.,0.29
ZD-267089,2026-07-14T13:00:00,Account Access,EMEA,Issue with account access,Customer reported a problem regarding account access in EMEA.,-0.01
ZD-566502,2026-07-14T14:00:00,API Integration,EU,Issue with api integration,Customer reported a problem regarding api integration in EU.,0.73
ZD-306190,2026-07-14T14:00:00,Order Tracking,EU,Issue with order tracking,Customer reported a problem regarding order tracking in EU.,-0.38
ZD-789377,2026-07-14T15:00:00,Order Tracking,EMEA,Issue with order tracking,Customer reported a problem regarding order tracking in EMEA.,0.24
ZD-143765,2026-07-14T16:00:00,Order Tracking,NA,Issue with order tracking,Customer reported a problem regarding order tracking in NA.,0.54
ZD-260365,2026-07-14T17:00:00,Mobile App Bug,APAC,Issue with mobile app bug,Customer reported a problem regarding mobile app bug in APAC.,-0.32
ZD-570552,2026-07-14T17:00:00,Checkout Error,EU,Issue with checkout error,Customer reported a problem regarding checkout error in EU.,-0.21
ZD-631655,2026-07-14T18:00:00,Refund Request,LATAM,Issue with refund request,Customer reported a problem regarding refund request in LATAM.,0.06
ZD-103585,2026-07-14T18:00:00,General Support,APAC,Issue with general support,Customer reported a problem regarding general support in APAC.,-0.03
ZD-857972,2026-07-14T18:00:00,Payment Failure,EMEA,Issue with payment failure,Customer reported a problem regarding payment failure in EMEA.,-0.34
ZD-869658,2026-07-14T18:00:00,Performance Issue,NA,Issue with performance issue,Customer reported a problem regarding performance issue in NA.,0.57
ZD-871439,2026-07-14T19:00:00,API Integration,EMEA,Issue with api integration,Customer reported a problem regarding api integration in EMEA.,0.22
ZD-193108,2026-07-14T19:00:00,Order Tracking,EMEA,Issue with order tracking,Customer reported a problem regarding order tracking in EMEA.,-0.01
ZD-767916,2026-07-14T20:00:00,Mobile App Bug,GLOBAL,Issue with mobile app bug,Customer reported a problem regarding mobile app bug in GLOBAL.,0.29
ZD-388900,2026-07-14T20:00:00,Mobile App Bug,EU,Issue with mobile app bug,Customer reported a problem regarding mobile app bug in EU.,-0.24
ZD-752529,2026-07-14T21:00:00,Payment Failure,EMEA,Issue with payment failure,Customer reported a problem regarding payment failure in EMEA.,0.7
ZD-999622,2026-07-14T21:00:00,Account Access,GLOBAL,Issue with account access,Customer reported a problem regarding account access in GLOBAL.,0.04
ZD-359016,2026-07-14T22:00:00,Performance Issue,EMEA,Issue with performance issue,Customer reported a problem regarding performance issue in EMEA.,0.47
ZD-850240,2026-07-14T22:00:00,API Integration,EU,Issue with api integration,Customer reported a problem regarding api integration in EU.,-0.18
ZD-382151,2026-07-14T22:00:00,Order Tracking,GLOBAL,Issue with order tracking,Customer reported a problem regarding order tracking in GLOBAL.,-0.16
ZD-610699,2026-07-14T23:00:00,Mobile App Bug,GLOBAL,Issue with mobile app bug,Customer reported a problem regarding mobile app bug in GLOBAL.,-0.06
ZD-154390,2026-07-14T23:00:00,Billing Inquiry,GLOBAL,Issue with billing inquiry,Customer reported a problem regarding billing inquiry in GLOBAL.,-0.01
ZD-655760,2026-07-15T00:00:00,Order Tracking,LATAM,Issue with order tracking,Customer reported a problem regarding order tracking in LATAM.,-0.26
ZD-909390,2026-07-15T03:00:00,API Integration,LATAM,Issue with api integration,Customer reported a problem regarding api integration in LATAM.,0.13
ZD-497470,2026-07-15T04:00:00,Performance Issue,EU,Cannot complete purchase - 502 error,"The website takes over 30 seconds to load the cart, and sometimes throws a 502 Bad Gateway.",-0.49
ZD-444660,2026-07-15T05:00:00,API Integration,EMEA,Issue with api integration,Customer reported a problem regarding api integration in EMEA.,-0.17
ZD-751550,2026-07-15T06:00:00,Account Access,NA,Issue with account access,Customer reported a problem regarding account access in NA.,0.06
ZD-430224,2026-07-15T07:00:00,Performance Issue,EU,Checkout spinner stuck on loading,"The website takes over 30 seconds to load the cart, and sometimes throws a 502 Bad Gateway.",-0.79
ZD-227892,2026-07-15T09:00:00,Performance Issue,EU,Site is very slow today,"The website takes over 30 seconds to load the cart, and sometimes throws a 502 Bad Gateway.",-0.74
ZD-538635,2026-07-15T09:00:00,General Support,EMEA,Issue with general support,Customer reported a problem regarding general support in EMEA.,0.07
ZD-732785,2026-07-15T10:00:00,Checkout Error,NA,Issue with checkout error,Customer reported a problem regarding checkout error in NA.,0.14
ZD-834899,2026-07-15T11:00:00,Checkout Error,LATAM,Issue with checkout error,Customer reported a problem regarding checkout error in LATAM.,0.52
ZD-816430,2026-07-15T13:00:00,Performance Issue,EU,Checkout spinner stuck on loading,"The website takes over 30 seconds to load the cart, and sometimes throws a 502 Bad Gateway.",-0.45
ZD-607712,2026-07-15T13:00:00,Mobile App Bug,APAC,Issue with mobile app bug,Customer reported a problem regarding mobile app bug in APAC.,0.38
ZD-537195,2026-07-15T15:00:00,Performance Issue,EU,Site is very slow today,"The website takes over 30 seconds to load the cart, and sometimes throws a 502 Bad Gateway.",-0.63
ZD-840676,2026-07-15T15:00:00,Performance Issue,EU,Cannot complete purchase - 502 error,"The website takes over 30 seconds to load the cart, and sometimes throws a 502 Bad Gateway.",-0.53
ZD-519282,2026-07-15T15:00:00,Performance Issue,EU,Cannot complete purchase - 502 error,"The website takes over 30 seconds to load the cart, and sometimes throws a 502 Bad Gateway.",-0.73
ZD-750162,2026-07-15T17:00:00,Performance Issue,EU,Checkout spinner stuck on loading,"The website takes over 30 seconds to load the cart, and sometimes throws a 502 Bad Gateway.",-0.48
ZD-683339,2026-07-15T17:00:00,Performance Issue,EU,Cannot complete purchase - 502 error,"The website takes over 30 seconds to load the cart, and sometimes throws a 502 Bad Gateway.",-0.42
ZD-246115,2026-07-15T19:00:00,Performance Issue,EU,Checkout spinner stuck on loading,"The website takes over 30 seconds to load the cart, and sometimes throws a 502 Bad Gateway.",-0.7
ZD-149629,2026-07-15T20:00:00,Performance Issue,EU,Cannot complete purchase - 502 error,"The website takes over 30 seconds to load the cart, and sometimes throws a 502 Bad Gateway.",-0.59
ZD-694546,2026-07-15T22:00:00,Performance Issue,EU,Site is very slow today,"The website takes over 30 seconds to load the cart, and sometimes throws a 502 Bad Gateway.",-0.59
ZD-969930,2026-07-15T23:00:00,Checkout Error,LATAM,Issue with checkout error,Customer reported a problem regarding checkout error in LATAM.,-0.07
ZD-976700,2026-07-16T02:00:00,Performance Issue,EU,Site is very slow today,"The website takes over 30 seconds to load the cart, and sometimes throws a 502 Bad Gateway.",-0.64
ZD-445599,2026-07-16T03:00:00,Performance Issue,EU,Cannot complete purchase - 502 error,"The website takes over 30 seconds to load the cart, and sometimes throws a 502 Bad Gateway.",-0.63
ZD-140557,2026-07-16T04:00:00,Performance Issue,EU,Site is very slow today,"The website takes over 30 seconds to load the cart, and sometimes throws a 502 Bad Gateway.",-0.74
ZD-181815,2026-07-16T06:00:00,Performance Issue,EU,Cannot complete purchase - 502 error,"The website takes over 30 seconds to load the cart, and sometimes throws a 502 Bad Gateway.",-0.43
ZD-801461,2026-07-16T06:00:00,Performance Issue,EU,Cannot complete purchase - 502 error,"The website takes over 30 seconds to load the cart, and sometimes throws a 502 Bad Gateway.",-0.44
ZD-134777,2026-07-16T06:00:00,Mobile App Bug,LATAM,Issue with mobile app bug,Customer reported a problem regarding mobile app bug in LATAM.,0.06
ZD-602111,2026-07-16T07:00:00,Account Access,LATAM,Issue with account access,Customer reported a problem regarding account access in LATAM.,-0.01
ZD-614220,2026-07-16T07:00:00,Performance Issue,EU,Site is very slow today,"The website takes over 30 seconds to load the cart, and sometimes throws a 502 Bad Gateway.",-0.55
ZD-150089,2026-07-16T08:00:00,Performance Issue,EU,Cannot complete purchase - 502 error,"The website takes over 30 seconds to load the cart, and sometimes throws a 502 Bad Gateway.",-0.59
ZD-132530,2026-07-16T09:00:00,Performance Issue,EU,Cannot complete purchase - 502 error,"The website takes over 30 seconds to load the cart, and sometimes throws a 502 Bad Gateway.",-0.44
ZD-671242,2026-07-16T10:00:00,General Support,EMEA,Issue with general support,Customer reported a problem regarding general support in EMEA.,-0.08
ZD-184641,2026-07-16T10:00:00,Checkout Error,APAC,Issue with checkout error,Customer reported a problem regarding checkout error in APAC.,0.57
ZD-125044,2026-07-16T11:00:00,Performance Issue,EU,Cannot complete purchase - 502 error,"The website takes over 30 seconds to load the cart, and sometimes throws a 502 Bad Gateway.",-0.44
ZD-849388,2026-07-16T11:00:00,Performance Issue,EU,Site is very slow today,"The website takes over 30 seconds to load the cart, and sometimes throws a 502 Bad Gateway.",-0.41
ZD-986192,2026-07-16T11:00:00,API Integration,EMEA,Issue with api integration,Customer reported a problem regarding api integration in EMEA.,0.11
ZD-812989,2026-07-16T12:00:00,Performance Issue,EU,Site is very slow today,"The website takes over 30 seconds to load the cart, and sometimes throws a 502 Bad Gateway.",-0.71
ZD-493502,2026-07-16T14:00:00,Performance Issue,EU,Checkout spinner stuck on loading,"The website takes over 30 seconds to load the cart, and sometimes throws a 502 Bad Gateway.",-0.73
ZD-859976,2026-07-16T14:00:00,Order Tracking,EMEA,Issue with order tracking,Customer reported a problem regarding order tracking in EMEA.,-0.2
ZD-501260,2026-07-16T15:00:00,Account Access,EMEA,Issue with account access,Customer reported a problem regarding account access in EMEA.,0.38
ZD-301884,2026-07-16T16:00:00,Order Tracking,EMEA,Issue with order tracking,Customer reported a problem regarding order tracking in EMEA.,0.7
ZD-696692,2026-07-16T16:00:00,Performance Issue,EU,Cannot complete purchase - 502 error,"The website takes over 30 seconds to load the cart, and sometimes throws a 502 Bad Gateway.",-0.59
ZD-431399,2026-07-16T18:00:00,Performance Issue,EU,Checkout spinner stuck on loading,"The website takes over 30 seconds to load the cart, and sometimes throws a 502 Bad Gateway.",-0.52
ZD-265825,2026-07-16T19:00:00,Performance Issue,EU,Checkout spinner stuck on loading,"The website takes over 30 seconds to load the cart, and sometimes throws a 502 Bad Gateway.",-0.43
ZD-982765,2026-07-16T21:00:00,Performance Issue,EU,Checkout spinner stuck on loading,"The website takes over 30 seconds to load the cart, and sometimes throws a 502 Bad Gateway.",-0.79
ZD-532549,2026-07-17T02:00:00,Performance Issue,EU,Checkout spinner stuck on loading,"The website takes over 30 seconds to load the cart, and sometimes throws a 502 Bad Gateway.",-0.43
ZD-122140,2026-07-17T09:00:00,Performance Issue,EU,Checkout spinner stuck on loading,"The website takes over 30 seconds to load the cart, and sometimes throws a 502 Bad Gateway.",-0.65
ZD-214051,2026-07-17T11:00:00,Performance Issue,EU,Site is very slow today,"The website takes over 30 seconds to load the cart, and sometimes throws a 502 Bad Gateway.",-0.53
ZD-956481,2026-07-17T16:00:00,Performance Issue,EU,Site is very slow today,"The website takes over 30 seconds to load the cart, and sometimes throws a 502 Bad Gateway.",-0.48
ZD-778537,2026-07-17T18:00:00,Performance Issue,EU,Checkout spinner stuck on loading,"The website takes over 30 seconds to load the cart, and sometimes throws a 502 Bad Gateway.",-0.41
ZD-730321,2026-07-17T22:00:00,Performance Issue,EU,Site is very slow today,"The website takes over 30 seconds to load the cart, and sometimes throws a 502 Bad Gateway.",-0.51
ZD-380632,2026-07-17T23:00:00,Performance Issue,EU,Site is very slow today,"The website takes over 30 seconds to load the cart, and sometimes throws a 502 Bad Gateway.",-0.73
ZD-339082,2026-07-17T23:00:00,General Support,EMEA,Issue with general support,Customer reported a problem regarding general support in EMEA.,0.36
ZD-780036,2026-07-17T23:00:00,Performance Issue,EU,Checkout spinner stuck on loading,"The website takes over 30 seconds to load the cart, and sometimes throws a 502 Bad Gateway.",-0.54
ZD-674961,2026-07-17T23:00:00,Performance Issue,EU,Cannot complete purchase - 502 error,"The website takes over 30 seconds to load the cart, and sometimes throws a 502 Bad Gateway.",-0.69
ZD-426833,2026-07-18T00:00:00,Mobile App Bug,GLOBAL,Issue with mobile app bug,Customer reported a problem regarding mobile app bug in GLOBAL.,-0.47
ZD-422453,2026-07-18T03:00:00,Performance Issue,EU,Cannot complete purchase - 502 error,"The website takes over 30 seconds to load the cart, and sometimes throws a 502 Bad Gateway.",-0.46
ZD-103147,2026-07-18T03:00:00,Performance Issue,EU,Cannot complete purchase - 502 error,"The website takes over 30 seconds to load the cart, and sometimes throws a 502 Bad Gateway.",-0.62
ZD-987444,2026-07-18T04:00:00,Performance Issue,EU,Checkout spinner stuck on loading,"The website takes over 30 seconds to load the cart, and sometimes throws a 502 Bad Gateway.",-0.61
ZD-268644,2026-07-18T04:00:00,Performance Issue,EU,Checkout spinner stuck on loading,"The website takes over 30 seconds to load the cart, and sometimes throws a 502 Bad Gateway.",-0.45
ZD-515565,2026-07-18T05:00:00,Performance Issue,EU,Checkout spinner stuck on loading,"The website takes over 30 seconds to load the cart, and sometimes throws a 502 Bad Gateway.",-0.7
ZD-471593,2026-07-18T05:00:00,Refund Request,LATAM,Issue with refund request,Customer reported a problem regarding refund request in LATAM.,-0.22
ZD-615650,2026-07-18T06:00:00,Performance Issue,EU,Site is very slow today,"The website takes over 30 seconds to load the cart, and sometimes throws a 502 Bad Gateway.",-0.61
ZD-404945,2026-07-18T08:00:00,Performance Issue,EU,Cannot complete purchase - 502 error,"The website takes over 30 seconds to load the cart, and sometimes throws a 502 Bad Gateway.",-0.78
ZD-523057,2026-07-18T10:00:00,Performance Issue,EU,Site is very slow today,"The website takes over 30 seconds to load the cart, and sometimes throws a 502 Bad Gateway.",-0.65
ZD-775519,2026-07-18T11:00:00,Performance Issue,EU,Site is very slow today,"The website takes over 30 seconds to load the cart, and sometimes throws a 502 Bad Gateway.",-0.45
ZD-569100,2026-07-18T11:00:00,Payment Failure,NA,Issue with payment failure,Customer reported a problem regarding payment failure in NA.,0.48
ZD-134040,2026-07-18T12:00:00,Mobile App Bug,APAC,Issue with mobile app bug,Customer reported a problem regarding mobile app bug in APAC.,0.19
ZD-776468,2026-07-18T13:00:00,Order Tracking,LATAM,Issue with order tracking,Customer reported a problem regarding order tracking in LATAM.,-0.46
ZD-573570,2026-07-18T13:00:00,Performance Issue,EU,Site is very slow today,"The website takes over 30 seconds to load the cart, and sometimes throws a 502 Bad Gateway.",-0.78
ZD-411463,2026-07-18T14:00:00,Performance Issue,EU,Checkout spinner stuck on loading,"The website takes over 30 seconds to load the cart, and sometimes throws a 502 Bad Gateway.",-0.69
ZD-518475,2026-07-18T15:00:00,Checkout Error,EU,Issue with checkout error,Customer reported a problem regarding checkout error in EU.,-0.18
ZD-613865,2026-07-18T16:00:00,Order Tracking,GLOBAL,Issue with order tracking,Customer reported a problem regarding order tracking in GLOBAL.,0.75
ZD-277861,2026-07-18T16:00:00,Performance Issue,EU,Checkout spinner stuck on loading,"The website takes over 30 seconds to load the cart, and sometimes throws a 502 Bad Gateway.",-0.75
ZD-863591,2026-07-18T16:00:00,Performance Issue,EU,Site is very slow today,"The website takes over 30 seconds to load the cart, and sometimes throws a 502 Bad Gateway.",-0.73
ZD-821946,2026-07-18T19:00:00,Performance Issue,EU,Site is very slow today,"The website takes over 30 seconds to load the cart, and sometimes throws a 502 Bad Gateway.",-0.54
ZD-723857,2026-07-18T19:00:00,Performance Issue,EU,Checkout spinner stuck on loading,"The website takes over 30 seconds to load the cart, and sometimes throws a 502 Bad Gateway.",-0.46
ZD-736661,2026-07-18T20:00:00,Performance Issue,EU,Checkout spinner stuck on loading,"The website takes over 30 seconds to load the cart, and sometimes throws a 502 Bad Gateway.",-0.59
ZD-995726,2026-07-18T22:00:00,Performance Issue,EU,Cannot complete purchase - 502 error,"The website takes over 30 seconds to load the cart, and sometimes throws a 502 Bad Gateway.",-0.48
ZD-192039,2026-07-19T00:00:00,Performance Issue,EU,Cannot complete purchase - 502 error,"The website takes over 30 seconds to load the cart, and sometimes throws a 502 Bad Gateway.",-0.65
ZD-256914,2026-07-19T00:00:00,Performance Issue,EU,Cannot complete purchase - 502 error,"The website takes over 30 seconds to load the cart, and sometimes throws a 502 Bad Gateway.",-0.53
ZD-913232,2026-07-19T01:00:00,Performance Issue,EU,Site is very slow today,"The website takes over 30 seconds to load the cart, and sometimes throws a 502 Bad Gateway.",-0.67
ZD-783979,2026-07-19T01:00:00,Performance Issue,EU,Cannot complete purchase - 502 error,"The website takes over 30 seconds to load the cart, and sometimes throws a 502 Bad Gateway.",-0.55
ZD-576094,2026-07-19T02:00:00,Performance Issue,GLOBAL,Issue with performance issue,Customer reported a problem regarding performance issue in GLOBAL.,-0.04
ZD-483896,2026-07-19T02:00:00,Performance Issue,EU,Site is very slow today,"The website takes over 30 seconds to load the cart, and sometimes throws a 502 Bad Gateway.",-0.7
ZD-920122,2026-07-19T03:00:00,General Support,EMEA,Issue with general support,Customer reported a problem regarding general support in EMEA.,0.63
ZD-925302,2026-07-19T03:00:00,Performance Issue,EU,Checkout spinner stuck on loading,"The website takes over 30 seconds to load the cart, and sometimes throws a 502 Bad Gateway.",-0.77
ZD-140036,2026-07-19T03:00:00,Refund Request,LATAM,Issue with refund request,Customer reported a problem regarding refund request in LATAM.,0.28
ZD-826066,2026-07-19T04:00:00,Performance Issue,EU,Site is very slow today,"The website takes over 30 seconds to load the cart, and sometimes throws a 502 Bad Gateway.",-0.62
ZD-564695,2026-07-19T05:00:00,Performance Issue,EU,Checkout spinner stuck on loading,"The website takes over 30 seconds to load the cart, and sometimes throws a 502 Bad Gateway.",-0.64
ZD-118290,2026-07-19T05:00:00,Performance Issue,EU,Cannot complete purchase - 502 error,"The website takes over 30 seconds to load the cart, and sometimes throws a 502 Bad Gateway.",-0.6
ZD-910898,2026-07-19T06:00:00,Performance Issue,EU,Checkout spinner stuck on loading,"The website takes over 30 seconds to load the cart, and sometimes throws a 502 Bad Gateway.",-0.55
ZD-901991,2026-07-19T06:00:00,Checkout Error,EU,Issue with checkout error,Customer reported a problem regarding checkout error in EU.,0.49
ZD-964841,2026-07-19T07:00:00,Performance Issue,EU,Site is very slow today,"The website takes over 30 seconds to load the cart, and sometimes throws a 502 Bad Gateway.",-0.76
ZD-524115,2026-07-19T07:00:00,Performance Issue,EU,Site is very slow today,"The website takes over 30 seconds to load the cart, and sometimes throws a 502 Bad Gateway.",-0.52
ZD-386721,2026-07-19T08:00:00,Performance Issue,EU,Site is very slow today,"The website takes over 30 seconds to load the cart, and sometimes throws a 502 Bad Gateway.",-0.65
ZD-789196,2026-07-19T08:00:00,Performance Issue,EU,Cannot complete purchase - 502 error,"The website takes over 30 seconds to load the cart, and sometimes throws a 502 Bad Gateway.",-0.46
ZD-711439,2026-07-19T09:00:00,Performance Issue,EU,Site is very slow today,"The website takes over 30 seconds to load the cart, and sometimes throws a 502 Bad Gateway.",-0.57
ZD-715709,2026-07-19T10:00:00,Performance Issue,EU,Checkout spinner stuck on loading,"The website takes over 30 seconds to load the cart, and sometimes throws a 502 Bad Gateway.",-0.48
ZD-552017,2026-07-19T11:00:00,Performance Issue,EU,Checkout spinner stuck on loading,"The website takes over 30 seconds to load the cart, and sometimes throws a 502 Bad Gateway.",-0.7
ZD-328128,2026-07-19T11:00:00,Performance Issue,EU,Checkout spinner stuck on loading,"The website takes over 30 seconds to load the cart, and sometimes throws a 502 Bad Gateway.",-0.66
ZD-309207,2026-07-19T12:00:00,Checkout Error,NA,Issue with checkout error,Customer reported a problem regarding checkout error in NA.,0.6
ZD-575223,2026-07-19T13:00:00,Performance Issue,EU,Cannot complete purchase - 502 error,"The website takes over 30 seconds to load the cart, and sometimes throws a 502 Bad Gateway.",-0.6
ZD-655563,2026-07-19T13:00:00,Performance Issue,EU,Checkout spinner stuck on loading,"The website takes over 30 seconds to load the cart, and sometimes throws a 502 Bad Gateway.",-0.8
ZD-539715,2026-07-19T14:00:00,Performance Issue,EU,Checkout spinner stuck on loading,"The website takes over 30 seconds to load the cart, and sometimes throws a 502 Bad Gateway.",-0.77
ZD-404496,2026-07-19T14:00:00,Performance Issue,EU,Checkout spinner stuck on loading,"The website takes over 30 seconds to load the cart, and sometimes throws a 502 Bad Gateway.",-0.55
ZD-727702,2026-07-19T14:00:00,Performance Issue,EU,Cannot complete purchase - 502 error,"The website takes over 30 seconds to load the cart, and sometimes throws a 502 Bad Gateway.",-0.69
ZD-676646,2026-07-19T15:00:00,Performance Issue,EU,Site is very slow today,"The website takes over 30 seconds to load the cart, and sometimes throws a 502 Bad Gateway.",-0.53
ZD-605195,2026-07-19T15:00:00,Performance Issue,EU,Cannot complete purchase - 502 error,"The website takes over 30 seconds to load the cart, and sometimes throws a 502 Bad Gateway.",-0.5
ZD-438738,2026-07-19T17:00:00,Performance Issue,EU,Checkout spinner stuck on loading,"The website takes over 30 seconds to load the cart, and sometimes throws a 502 Bad Gateway.",-0.6
ZD-805257,2026-07-19T18:00:00,Performance Issue,EU,Checkout spinner stuck on loading,"The website takes over 30 seconds to load the cart, and sometimes throws a 502 Bad Gateway.",-0.51
ZD-719489,2026-07-19T21:00:00,Performance Issue,EU,Checkout spinner stuck on loading,"The website takes over 30 seconds to load the cart, and sometimes throws a 502 Bad Gateway.",-0.56
ZD-439912,2026-07-20T01:00:00,Order Tracking,EU,Issue with order tracking,Customer reported a problem regarding order tracking in EU.,-0.43
ZD-506221,2026-07-20T02:00:00,Performance Issue,EU,Checkout spinner stuck on loading,"The website takes over 30 seconds to load the cart, and sometimes throws a 502 Bad Gateway.",-0.6
ZD-194272,2026-07-20T06:00:00,Performance Issue,EU,Checkout spinner stuck on loading,"The website takes over 30 seconds to load the cart, and sometimes throws a 502 Bad Gateway.",-0.76
ZD-834694,2026-07-20T08:00:00,Performance Issue,EU,Checkout spinner stuck on loading,"The website takes over 30 seconds to load the cart, and sometimes throws a 502 Bad Gateway.",-0.69
ZD-161592,2026-07-20T09:00:00,Performance Issue,EU,Site is very slow today,"The website takes over 30 seconds to load the cart, and sometimes throws a 502 Bad Gateway.",-0.45
ZD-544584,2026-07-20T10:00:00,Performance Issue,EU,Site is very slow today,"The website takes over 30 seconds to load the cart, and sometimes throws a 502 Bad Gateway.",-0.68
ZD-129183,2026-07-20T11:00:00,Performance Issue,EU,Cannot complete purchase - 502 error,"The website takes over 30 seconds to load the cart, and sometimes throws a 502 Bad Gateway.",-0.7
ZD-543665,2026-07-20T12:00:00,Mobile App Bug,APAC,Issue with mobile app bug,Customer reported a problem regarding mobile app bug in APAC.,0.58
ZD-478652,2026-07-20T14:00:00,Performance Issue,EU,Site is very slow today,"The website takes over 30 seconds to load the cart, and sometimes throws a 502 Bad Gateway.",-0.56
ZD-760887,2026-07-20T14:00:00,Performance Issue,EU,Checkout spinner stuck on loading,"The website takes over 30 seconds to load the cart, and sometimes throws a 502 Bad Gateway.",-0.55
ZD-827456,2026-07-20T15:00:00,Performance Issue,EU,Cannot complete purchase - 502 error,"The website takes over 30 seconds to load the cart, and sometimes throws a 502 Bad Gateway.",-0.71
ZD-260802,2026-07-20T18:00:00,Performance Issue,EU,Cannot complete purchase - 502 error,"The website takes over 30 seconds to load the cart, and sometimes throws a 502 Bad Gateway.",-0.49
ZD-863411,2026-07-20T18:00:00,Billing Inquiry,APAC,Issue with billing inquiry,Customer reported a problem regarding billing inquiry in APAC.,-0.37
ZD-962011,2026-07-20T19:00:00,Performance Issue,EU,Site is very slow today,"The website takes over 30 seconds to load the cart, and sometimes throws a 502 Bad Gateway.",-0.65
ZD-994731,2026-07-20T19:00:00,Refund Request,APAC,Issue with refund request,Customer reported a problem regarding refund request in APAC.,0.52
ZD-743235,2026-07-20T20:00:00,Performance Issue,EU,Cannot complete purchase - 502 error,"The website takes over 30 seconds to load the cart, and sometimes throws a 502 Bad Gateway.",-0.48
ZD-753352,2026-07-20T20:00:00,Performance Issue,EU,Site is very slow today,"The website takes over 30 seconds to load the cart, and sometimes throws a 502 Bad Gateway.",-0.52
ZD-888476,2026-07-20T22:00:00,Performance Issue,EU,Site is very slow today,"The website takes over 30 seconds to load the cart, and sometimes throws a 502 Bad Gateway.",-0.74
ZD-814226,2026-07-20T22:00:00,Performance Issue,EU,Cannot complete purchase - 502 error,"The website takes over 30 seconds to load the cart, and sometimes throws a 502 Bad Gateway.",-0.66
ZD-609948,2026-07-20T23:00:00,Mobile App Bug,NA,Issue with mobile app bug,Customer reported a problem regarding mobile app bug in NA.,0.76
ZD-806859,2026-07-21T00:00:00,Performance Issue,EU,Cannot complete purchase - 502 error,"The website takes over 30 seconds to load the cart, and sometimes throws a 502 Bad Gateway.",-0.67
ZD-180027,2026-07-21T03:00:00,Performance Issue,EU,Checkout spinner stuck on loading,"The website takes over 30 seconds to load the cart, and sometimes throws a 502 Bad Gateway.",-0.75
ZD-437514,2026-07-21T04:00:00,Performance Issue,EU,Checkout spinner stuck on loading,"The website takes over 30 seconds to load the cart, and sometimes throws a 502 Bad Gateway.",-0.41
ZD-263786,2026-07-21T04:00:00,API Integration,EU,Issue with api integration,Customer reported a problem regarding api integration in EU.,-0.15
ZD-708211,2026-07-21T07:00:00,Performance Issue,EU,Checkout spinner stuck on loading,"The website takes over 30 seconds to load the cart, and sometimes throws a 502 Bad Gateway.",-0.42
ZD-412885,2026-07-21T09:00:00,General Support,GLOBAL,Issue with general support,Customer reported a problem regarding general support in GLOBAL.,-0.0
ZD-768229,2026-07-21T10:00:00,Performance Issue,EU,Site is very slow today,"The website takes over 30 seconds to load the cart, and sometimes throws a 502 Bad Gateway.",-0.6
ZD-596600,2026-07-21T10:00:00,Performance Issue,EU,Cannot complete purchase - 502 error,"The website takes over 30 seconds to load the cart, and sometimes throws a 502 Bad Gateway.",-0.57
ZD-314473,2026-07-21T18:00:00,Performance Issue,EU,Site is very slow today,"The website takes over 30 seconds to load the cart, and sometimes throws a 502 Bad Gateway.",-0.6
ZD-874689,2026-07-21T19:00:00,Performance Issue,EU,Site is very slow today,"The website takes over 30 seconds to load the cart, and sometimes throws a 502 Bad Gateway.",-0.64
ZD-985151,2026-07-21T19:00:00,Account Access,EU,Issue with account access,Customer reported a problem regarding account access in EU.,0.36
ZD-710352,2026-07-21T20:00:00,Performance Issue,EU,Site is very slow today,"The website takes over 30 seconds to load the cart, and sometimes throws a 502 Bad Gateway.",-0.74
ZD-365046,2026-07-21T21:00:00,Performance Issue,EU,Checkout spinner stuck on loading,"The website takes over 30 seconds to load the cart, and sometimes throws a 502 Bad Gateway.",-0.52
ZD-400933,2026-07-21T22:00:00,Performance Issue,EU,Cannot complete purchase - 502 error,"The website takes over 30 seconds to load the cart, and sometimes throws a 502 Bad Gateway.",-0.76
ZD-333079,2026-07-21T23:00:00,Performance Issue,EU,Checkout spinner stuck on loading,"The website takes over 30 seconds to load the cart, and sometimes throws a 502 Bad Gateway.",-0.43
ZD-385069,2026-07-22T02:00:00,General Support,EU,Issue with general support,Customer reported a problem regarding general support in EU.,-0.12
ZD-567382,2026-07-22T02:00:00,Performance Issue,EU,Checkout spinner stuck on loading,"The website takes over 30 seconds to load the cart, and sometimes throws a 502 Bad Gateway.",-0.67
ZD-754750,2026-07-22T03:00:00,Checkout Error,APAC,Issue with checkout error,Customer reported a problem regarding checkout error in APAC.,0.74
ZD-111117,2026-07-22T04:00:00,Performance Issue,EU,Checkout spinner stuck on loading,"The website takes over 30 seconds to load the cart, and sometimes throws a 502 Bad Gateway.",-0.42
ZD-979948,2026-07-22T04:00:00,Performance Issue,EU,Site is very slow today,"The website takes over 30 seconds to load the cart, and sometimes throws a 502 Bad Gateway.",-0.45
ZD-934138,2026-07-22T04:00:00,Performance Issue,EU,Cannot complete purchase - 502 error,"The website takes over 30 seconds to load the cart, and sometimes throws a 502 Bad Gateway.",-0.68
ZD-606529,2026-07-22T05:00:00,Performance Issue,EU,Site is very slow today,"The website takes over 30 seconds to load the cart, and sometimes throws a 502 Bad Gateway.",-0.62
ZD-392007,2026-07-22T05:00:00,Performance Issue,EU,Site is very slow today,"The website takes over 30 seconds to load the cart, and sometimes throws a 502 Bad Gateway.",-0.41
ZD-459204,2026-07-22T06:00:00,Performance Issue,EU,Site is very slow today,"The website takes over 30 seconds to load the cart, and sometimes throws a 502 Bad Gateway.",-0.53
ZD-636103,2026-07-22T07:00:00,Performance Issue,EU,Checkout spinner stuck on loading,"The website takes over 30 seconds to load the cart, and sometimes throws a 502 Bad Gateway.",-0.66
ZD-146794,2026-07-22T07:00:00,Performance Issue,EU,Checkout spinner stuck on loading,"The website takes over 30 seconds to load the cart, and sometimes throws a 502 Bad Gateway.",-0.74
ZD-552852,2026-07-22T08:00:00,Performance Issue,EU,Site is very slow today,"The website takes over 30 seconds to load the cart, and sometimes throws a 502 Bad Gateway.",-0.73
ZD-489921,2026-07-22T10:00:00,Payment Failure,LATAM,Issue with payment failure,Customer reported a problem regarding payment failure in LATAM.,0.29
ZD-757378,2026-07-22T10:00:00,Performance Issue,EU,Site is very slow today,"The website takes over 30 seconds to load the cart, and sometimes throws a 502 Bad Gateway.",-0.68
ZD-107747,2026-07-22T11:00:00,General Support,EU,Issue with general support,Customer reported a problem regarding general support in EU.,0.23
ZD-686151,2026-07-22T11:00:00,Refund Request,GLOBAL,Issue with refund request,Customer reported a problem regarding refund request in GLOBAL.,0.18
ZD-609249,2026-07-22T12:00:00,Performance Issue,EU,Site is very slow today,"The website takes over 30 seconds to load the cart, and sometimes throws a 502 Bad Gateway.",-0.44
ZD-370416,2026-07-22T12:00:00,Performance Issue,EU,Cannot complete purchase - 502 error,"The website takes over 30 seconds to load the cart, and sometimes throws a 502 Bad Gateway.",-0.49
ZD-175956,2026-07-22T13:00:00,Performance Issue,EU,Site is very slow today,"The website takes over 30 seconds to load the cart, and sometimes throws a 502 Bad Gateway.",-0.64
ZD-747286,2026-07-22T14:00:00,Performance Issue,EU,Cannot complete purchase - 502 error,"The website takes over 30 seconds to load the cart, and sometimes throws a 502 Bad Gateway.",-0.5
ZD-630011,2026-07-22T16:00:00,Performance Issue,EU,Checkout spinner stuck on loading,"The website takes over 30 seconds to load the cart, and sometimes throws a 502 Bad Gateway.",-0.52
ZD-122630,2026-07-22T17:00:00,Performance Issue,EU,Cannot complete purchase - 502 error,"The website takes over 30 seconds to load the cart, and sometimes throws a 502 Bad Gateway.",-0.67
ZD-415224,2026-07-22T17:00:00,Performance Issue,EU,Site is very slow today,"The website takes over 30 seconds to load the cart, and sometimes throws a 502 Bad Gateway.",-0.79
ZD-576169,2026-07-22T17:00:00,Performance Issue,EU,Site is very slow today,"The website takes over 30 seconds to load the cart, and sometimes throws a 502 Bad Gateway.",-0.5
ZD-337154,2026-07-22T18:00:00,Performance Issue,EU,Site is very slow today,"The website takes over 30 seconds to load the cart, and sometimes throws a 502 Bad Gateway.",-0.53
ZD-614979,2026-07-22T18:00:00,Performance Issue,EU,Cannot complete purchase - 502 error,"The website takes over 30 seconds to load the cart, and sometimes throws a 502 Bad Gateway.",-0.46
ZD-676464,2026-07-22T19:00:00,Account Access,NA,Issue with account access,Customer reported a problem regarding account access in NA.,-0.32
ZD-505231,2026-07-22T20:00:00,Performance Issue,EU,Cannot complete purchase - 502 error,"The website takes over 30 seconds to load the cart, and sometimes throws a 502 Bad Gateway.",-0.44
ZD-816198,2026-07-22T20:00:00,Performance Issue,EU,Cannot complete purchase - 502 error,"The website takes over 30 seconds to load the cart, and sometimes throws a 502 Bad Gateway.",-0.79
ZD-697492,2026-07-22T20:00:00,Performance Issue,EU,Site is very slow today,"The website takes over 30 seconds to load the cart, and sometimes throws a 502 Bad Gateway.",-0.73
ZD-499131,2026-07-22T20:00:00,Performance Issue,EU,Site is very slow today,"The website takes over 30 seconds to load the cart, and sometimes throws a 502 Bad Gateway.",-0.45
ZD-116498,2026-07-22T21:00:00,Performance Issue,EU,Checkout spinner stuck on loading,"The website takes over 30 seconds to load the cart, and sometimes throws a 502 Bad Gateway.",-0.43
ZD-199224,2026-07-22T22:00:00,Refund Request,APAC,Issue with refund request,Customer reported a problem regarding refund request in APAC.,-0.25
ZD-616822,2026-07-22T22:00:00,Performance Issue,EU,Site is very slow today,"The website takes over 30 seconds to load the cart, and sometimes throws a 502 Bad Gateway.",-0.45
ZD-290100,2026-07-22T22:00:00,Refund Request,APAC,Issue with refund request,Customer reported a problem regarding refund request in APAC.,0.15
ZD-804611,2026-07-22T22:00:00,Performance Issue,EU,Cannot complete purchase - 502 error,"The website takes over 30 seconds to load the cart, and sometimes throws a 502 Bad Gateway.",-0.55
ZD-972326,2026-07-22T23:00:00,Performance Issue,EU,Site is very slow today,"The website takes over 30 seconds to load the cart, and sometimes throws a 502 Bad Gateway.",-0.51
ZD-875355,2026-07-22T23:00:00,Performance Issue,EU,Checkout spinner stuck on loading,"The website takes over 30 seconds to load the cart, and sometimes throws a 502 Bad Gateway.",-0.43
ZD-456565,2026-07-23T00:00:00,Performance Issue,EU,Site is very slow today,"The website takes over 30 seconds to load the cart, and sometimes throws a 502 Bad Gateway.",-0.5
ZD-643725,2026-07-23T00:00:00,Checkout Error,APAC,Issue with checkout error,Customer reported a problem regarding checkout error in APAC.,-0.2
ZD-507807,2026-07-23T03:00:00,Performance Issue,EU,Checkout spinner stuck on loading,"The website takes over 30 seconds to load the cart, and sometimes throws a 502 Bad Gateway.",-0.74
ZD-971853,2026-07-23T04:00:00,Performance Issue,EU,Site is very slow today,"The website takes over 30 seconds to load the cart, and sometimes throws a 502 Bad Gateway.",-0.54
ZD-174471,2026-07-23T04:00:00,Performance Issue,EU,Cannot complete purchase - 502 error,"The website takes over 30 seconds to load the cart, and sometimes throws a 502 Bad Gateway.",-0.69
ZD-374889,2026-07-23T04:00:00,Account Access,EU,Issue with account access,Customer reported a problem regarding account access in EU.,0.21
ZD-555825,2026-07-23T05:00:00,Performance Issue,EU,Checkout spinner stuck on loading,"The website takes over 30 seconds to load the cart, and sometimes throws a 502 Bad Gateway.",-0.42
ZD-584093,2026-07-23T06:00:00,Performance Issue,EU,Site is very slow today,"The website takes over 30 seconds to load the cart, and sometimes throws a 502 Bad Gateway.",-0.66
ZD-599260,2026-07-23T07:00:00,Performance Issue,EU,Cannot complete purchase - 502 error,"The website takes over 30 seconds to load the cart, and sometimes throws a 502 Bad Gateway.",-0.42
ZD-431897,2026-07-23T07:00:00,Performance Issue,EU,Site is very slow today,"The website takes over 30 seconds to load the cart, and sometimes throws a 502 Bad Gateway.",-0.57
ZD-704093,2026-07-23T07:00:00,Performance Issue,EU,Site is very slow today,"The website takes over 30 seconds to load the cart, and sometimes throws a 502 Bad Gateway.",-0.78
ZD-750947,2026-07-23T08:00:00,Performance Issue,EU,Checkout spinner stuck on loading,"The website takes over 30 seconds to load the cart, and sometimes throws a 502 Bad Gateway.",-0.71
ZD-799886,2026-07-23T08:00:00,Performance Issue,EU,Site is very slow today,"The website takes over 30 seconds to load the cart, and sometimes throws a 502 Bad Gateway.",-0.59
ZD-845871,2026-07-23T08:00:00,Performance Issue,EU,Cannot complete purchase - 502 error,"The website takes over 30 seconds to load the cart, and sometimes throws a 502 Bad Gateway.",-0.44
ZD-517236,2026-07-23T10:00:00,Checkout Error,GLOBAL,Issue with checkout error,Customer reported a problem regarding checkout error in GLOBAL.,0.36
ZD-180487,2026-07-23T10:00:00,Performance Issue,EU,Cannot complete purchase - 502 error,"The website takes over 30 seconds to load the cart, and sometimes throws a 502 Bad Gateway.",-0.47
ZD-910208,2026-07-23T12:00:00,Payment Failure,GLOBAL,Issue with payment failure,Customer reported a problem regarding payment failure in GLOBAL.,-0.4
ZD-541013,2026-07-23T17:00:00,Payment Failure,APAC,Issue with payment failure,Customer reported a problem regarding payment failure in APAC.,-0.3
ZD-555991,2026-07-23T18:00:00,Performance Issue,EU,Cannot complete purchase - 502 error,"The website takes over 30 seconds to load the cart, and sometimes throws a 502 Bad Gateway.",-0.42
ZD-676204,2026-07-23T19:00:00,Performance Issue,EU,Cannot complete purchase - 502 error,"The website takes over 30 seconds to load the cart, and sometimes throws a 502 Bad Gateway.",-0.4
ZD-616279,2026-07-23T20:00:00,Refund Request,GLOBAL,Issue with refund request,Customer reported a problem regarding refund request in GLOBAL.,0.62
ZD-927271,2026-07-23T21:00:00,Performance Issue,EU,Cannot complete purchase - 502 error,"The website takes over 30 seconds to load the cart, and sometimes throws a 502 Bad Gateway.",-0.61
ZD-224331,2026-07-23T22:00:00,Performance Issue,EU,Cannot complete purchase - 502 error,"The website takes over 30 seconds to load the cart, and sometimes throws a 502 Bad Gateway.",-0.55
ZD-661756,2026-07-23T23:00:00,Performance Issue,EU,Cannot complete purchase - 502 error,"The website takes over 30 seconds to load the cart, and sometimes throws a 502 Bad Gateway.",-0.43
ZD-506103,2026-07-24T00:00:00,Performance Issue,EU,Checkout spinner stuck on loading,"The website takes over 30 seconds to load the cart, and sometimes throws a 502 Bad Gateway.",-0.64
ZD-217903,2026-07-24T01:00:00,Performance Issue,EU,Cannot complete purchase - 502 error,"The website takes over 30 seconds to load the cart, and sometimes throws a 502 Bad Gateway.",-0.45
ZD-147668,2026-07-24T02:00:00,Performance Issue,EU,Checkout spinner stuck on loading,"The website takes over 30 seconds to load the cart, and sometimes throws a 502 Bad Gateway.",-0.69
ZD-315212,2026-07-24T03:00:00,Performance Issue,EU,Site is very slow today,"The website takes over 30 seconds to load the cart, and sometimes throws a 502 Bad Gateway.",-0.42
ZD-993022,2026-07-24T04:00:00,Performance Issue,EU,Site is very slow today,"The website takes over 30 seconds to load the cart, and sometimes throws a 502 Bad Gateway.",-0.69
ZD-910559,2026-07-24T06:00:00,API Integration,EU,Issue with api integration,Customer reported a problem regarding api integration in EU.,-0.04
ZD-485222,2026-07-24T06:00:00,Performance Issue,EU,Cannot complete purchase - 502 error,"The website takes over 30 seconds to load the cart, and sometimes throws a 502 Bad Gateway.",-0.42
ZD-608949,2026-07-24T07:00:00,Performance Issue,EU,Checkout spinner stuck on loading,"The website takes over 30 seconds to load the cart, and sometimes throws a 502 Bad Gateway.",-0.71
ZD-388967,2026-07-24T10:00:00,Performance Issue,EU,Cannot complete purchase - 502 error,"The website takes over 30 seconds to load the cart, and sometimes throws a 502 Bad Gateway.",-0.54
ZD-544274,2026-07-24T11:00:00,Payment Failure,LATAM,Issue with payment failure,Customer reported a problem regarding payment failure in LATAM.,0.73
ZD-599921,2026-07-24T11:00:00,Billing Inquiry,LATAM,Issue with billing inquiry,Customer reported a problem regarding billing inquiry in LATAM.,0.42
ZD-219070,2026-07-24T12:00:00,Performance Issue,EU,Checkout spinner stuck on loading,"The website takes over 30 seconds to load the cart, and sometimes throws a 502 Bad Gateway.",-0.68
ZD-977772,2026-07-24T13:00:00,Performance Issue,EU,Checkout spinner stuck on loading,"The website takes over 30 seconds to load the cart, and sometimes throws a 502 Bad Gateway.",-0.78
ZD-486580,2026-07-24T13:00:00,Performance Issue,APAC,Issue with performance issue,Customer reported a problem regarding performance issue in APAC.,-0.37
ZD-733443,2026-07-24T14:00:00,Performance Issue,EU,Cannot complete purchase - 502 error,"The website takes over 30 seconds to load the cart, and sometimes throws a 502 Bad Gateway.",-0.55
ZD-390022,2026-07-24T16:00:00,API Integration,EMEA,Issue with api integration,Customer reported a problem regarding api integration in EMEA.,0.28
ZD-712369,2026-07-24T17:00:00,Performance Issue,EU,Cannot complete purchase - 502 error,"The website takes over 30 seconds to load the cart, and sometimes throws a 502 Bad Gateway.",-0.76
ZD-313930,2026-07-24T19:00:00,Order Tracking,NA,Issue with order tracking,Customer reported a problem regarding order tracking in NA.,0.13
ZD-753186,2026-07-24T20:00:00,Performance Issue,EU,Cannot complete purchase - 502 error,"The website takes over 30 seconds to load the cart, and sometimes throws a 502 Bad Gateway.",-0.75
ZD-885460,2026-07-24T21:00:00,Payment Failure,EMEA,Issue with payment failure,Customer reported a problem regarding payment failure in EMEA.,0.19
ZD-530964,2026-07-24T22:00:00,Performance Issue,EU,Checkout spinner stuck on loading,"The website takes over 30 seconds to load the cart, and sometimes throws a 502 Bad Gateway.",-0.67
ZD-821248,2026-07-24T23:00:00,Performance Issue,EU,Cannot complete purchase - 502 error,"The website takes over 30 seconds to load the cart, and sometimes throws a 502 Bad Gateway.",-0.53
ZD-671532,2026-07-25T04:00:00,Performance Issue,EU,Cannot complete purchase - 502 error,"The website takes over 30 seconds to load the cart, and sometimes throws a 502 Bad Gateway.",-0.78
ZD-545777,2026-07-25T05:00:00,General Support,EU,Issue with general support,Customer reported a problem regarding general support in EU.,0.18
ZD-219556,2026-07-25T06:00:00,General Support,EU,Issue with general support,Customer reported a problem regarding general support in EU.,0.11
ZD-153382,2026-07-25T08:00:00,Performance Issue,EU,Checkout spinner stuck on loading,"The website takes over 30 seconds to load the cart, and sometimes throws a 502 Bad Gateway.",-0.57
ZD-982207,2026-07-25T09:00:00,Performance Issue,EU,Checkout spinner stuck on loading,"The website takes over 30 seconds to load the cart, and sometimes throws a 502 Bad Gateway.",-0.78
ZD-879951,2026-07-25T12:00:00,Checkout Error,LATAM,Issue with checkout error,Customer reported a problem regarding checkout error in LATAM.,0.46
ZD-234669,2026-07-25T15:00:00,Checkout Error,APAC,Issue with checkout error,Customer reported a problem regarding checkout error in APAC.,0.16
ZD-917728,2026-07-25T17:00:00,Performance Issue,EU,Cannot complete purchase - 502 error,"The website takes over 30 seconds to load the cart, and sometimes throws a 502 Bad Gateway.",-0.55
ZD-233257,2026-07-25T20:00:00,General Support,EU,Issue with general support,Customer reported a problem regarding general support in EU.,0.52
ZD-735779,2026-07-25T22:00:00,Performance Issue,EU,Checkout spinner stuck on loading,"The website takes over 30 seconds to load the cart, and sometimes throws a 502 Bad Gateway.",-0.45
ZD-257010,2026-07-26T01:00:00,Performance Issue,EU,Site is very slow today,"The website takes over 30 seconds to load the cart, and sometimes throws a 502 Bad Gateway.",-0.68
ZD-972461,2026-07-26T04:00:00,Performance Issue,EU,Site is very slow today,"The website takes over 30 seconds to load the cart, and sometimes throws a 502 Bad Gateway.",-0.56
ZD-303612,2026-07-26T04:00:00,Performance Issue,EU,Cannot complete purchase - 502 error,"The website takes over 30 seconds to load the cart, and sometimes throws a 502 Bad Gateway.",-0.4
ZD-899412,2026-07-26T05:00:00,Performance Issue,EU,Site is very slow today,"The website takes over 30 seconds to load the cart, and sometimes throws a 502 Bad Gateway.",-0.43
ZD-141354,2026-07-26T07:00:00,Refund Request,EMEA,Issue with refund request,Customer reported a problem regarding refund request in EMEA.,-0.24
ZD-697803,2026-07-26T08:00:00,API Integration,GLOBAL,Issue with api integration,Customer reported a problem regarding api integration in GLOBAL.,-0.42
ZD-219832,2026-07-26T08:00:00,Performance Issue,EU,Checkout spinner stuck on loading,"The website takes over 30 seconds to load the cart, and sometimes throws a 502 Bad Gateway.",-0.7
ZD-142508,2026-07-26T08:00:00,Performance Issue,EU,Cannot complete purchase - 502 error,"The website takes over 30 seconds to load the cart, and sometimes throws a 502 Bad Gateway.",-0.77
ZD-207807,2026-07-26T08:00:00,Mobile App Bug,APAC,Issue with mobile app bug,Customer reported a problem regarding mobile app bug in APAC.,0.25
ZD-913073,2026-07-26T08:00:00,Performance Issue,EU,Cannot complete purchase - 502 error,"The website takes over 30 seconds to load the cart, and sometimes throws a 502 Bad Gateway.",-0.68
ZD-782929,2026-07-26T10:00:00,Performance Issue,EU,Checkout spinner stuck on loading,"The website takes over 30 seconds to load the cart, and sometimes throws a 502 Bad Gateway.",-0.75
ZD-190225,2026-07-26T10:00:00,Performance Issue,EU,Checkout spinner stuck on loading,"The website takes over 30 seconds to load the cart, and sometimes throws a 502 Bad Gateway.",-0.61
ZD-889250,2026-07-26T12:00:00,Performance Issue,EU,Checkout spinner stuck on loading,"The website takes over 30 seconds to load the cart, and sometimes throws a 502 Bad Gateway.",-0.59
ZD-874153,2026-07-26T13:00:00,Performance Issue,EU,Cannot complete purchase - 502 error,"The website takes over 30 seconds to load the cart, and sometimes throws a 502 Bad Gateway.",-0.66
ZD-362068,2026-07-26T14:00:00,Performance Issue,EU,Cannot complete purchase - 502 error,"The website takes over 30 seconds to load the cart, and sometimes throws a 502 Bad Gateway.",-0.44
ZD-948222,2026-07-26T15:00:00,Performance Issue,EU,Cannot complete purchase - 502 error,"The website takes over 30 seconds to load the cart, and sometimes throws a 502 Bad Gateway.",-0.5
ZD-424720,2026-07-26T16:00:00,Performance Issue,EU,Site is very slow today,"The website takes over 30 seconds to load the cart, and sometimes throws a 502 Bad Gateway.",-0.55
ZD-300580,2026-07-26T16:00:00,Performance Issue,EU,Site is very slow today,"The website takes over 30 seconds to load the cart, and sometimes throws a 502 Bad Gateway.",-0.72
ZD-673127,2026-07-26T16:00:00,Payment Failure,EU,Issue with payment failure,Customer reported a problem regarding payment failure in EU.,0.0
ZD-340937,2026-07-26T17:00:00,Performance Issue,EU,Site is very slow today,"The website takes over 30 seconds to load the cart, and sometimes throws a 502 Bad Gateway.",-0.64
ZD-566908,2026-07-26T20:00:00,Account Access,NA,Issue with account access,Customer reported a problem regarding account access in NA.,0.36
ZD-469695,2026-07-26T21:00:00,Performance Issue,EU,Site is very slow today,"The website takes over 30 seconds to load the cart, and sometimes throws a 502 Bad Gateway.",-0.4
ZD-683972,2026-07-26T22:00:00,Checkout Error,EMEA,Issue with checkout error,Customer reported a problem regarding checkout error in EMEA.,0.26
ZD-860679,2026-07-27T00:00:00,Performance Issue,EU,Cannot complete purchase - 502 error,"The website takes over 30 seconds to load the cart, and sometimes throws a 502 Bad Gateway.",-0.73
ZD-765015,2026-07-27T03:00:00,Performance Issue,EU,Cannot complete purchase - 502 error,"The website takes over 30 seconds to load the cart, and sometimes throws a 502 Bad Gateway.",-0.54
ZD-646619,2026-07-27T06:00:00,Checkout Error,EMEA,Issue with checkout error,Customer reported a problem regarding checkout error in EMEA.,0.34
ZD-813862,2026-07-27T06:00:00,Performance Issue,EU,Checkout spinner stuck on loading,"The website takes over 30 seconds to load the cart, and sometimes throws a 502 Bad Gateway.",-0.58
ZD-792549,2026-07-27T07:00:00,Performance Issue,EU,Cannot complete purchase - 502 error,"The website takes over 30 seconds to load the cart, and sometimes throws a 502 Bad Gateway.",-0.69
ZD-302527,2026-07-27T08:00:00,Performance Issue,EU,Checkout spinner stuck on loading,"The website takes over 30 seconds to load the cart, and sometimes throws a 502 Bad Gateway.",-0.65
ZD-955413,2026-07-27T08:00:00,Performance Issue,NA,Issue with performance issue,Customer reported a problem regarding performance issue in NA.,0.46
ZD-721283,2026-07-27T10:00:00,Performance Issue,EU,Cannot complete purchase - 502 error,"The website takes over 30 seconds to load the cart, and sometimes throws a 502 Bad Gateway.",-0.49
ZD-932720,2026-07-27T10:00:00,Performance Issue,EU,Site is very slow today,"The website takes over 30 seconds to load the cart, and sometimes throws a 502 Bad Gateway.",-0.71
ZD-272367,2026-07-27T12:00:00,API Integration,LATAM,Issue with api integration,Customer reported a problem regarding api integration in LATAM.,-0.05
ZD-745479,2026-07-27T13:00:00,Refund Request,EMEA,Issue with refund request,Customer reported a problem regarding refund request in EMEA.,0.62
ZD-873144,2026-07-27T14:00:00,Checkout Error,NA,Issue with checkout error,Customer reported a problem regarding checkout error in NA.,0.32
ZD-286897,2026-07-27T14:00:00,Account Access,NA,Issue with account access,Customer reported a problem regarding account access in NA.,0.02
ZD-867502,2026-07-27T16:00:00,Performance Issue,EU,Site is very slow today,"The website takes over 30 seconds to load the cart, and sometimes throws a 502 Bad Gateway.",-0.49
ZD-102371,2026-07-27T16:00:00,Billing Inquiry,GLOBAL,Issue with billing inquiry,Customer reported a problem regarding billing inquiry in GLOBAL.,0.54
ZD-236852,2026-07-27T17:00:00,Performance Issue,EU,Cannot complete purchase - 502 error,"The website takes over 30 seconds to load the cart, and sometimes throws a 502 Bad Gateway.",-0.48
ZD-425896,2026-07-27T22:00:00,Performance Issue,EU,Checkout spinner stuck on loading,"The website takes over 30 seconds to load the cart, and sometimes throws a 502 Bad Gateway.",-0.58
ZD-414757,2026-07-27T22:00:00,Performance Issue,EU,Checkout spinner stuck on loading,"The website takes over 30 seconds to load the cart, and sometimes throws a 502 Bad Gateway.",-0.53
ZD-445946,2026-07-27T23:00:00,Account Access,GLOBAL,Issue with account access,Customer reported a problem regarding account access in GLOBAL.,0.64
ZD-282098,2026-07-27T23:00:00,Performance Issue,EU,Cannot complete purchase - 502 error,"The website takes over 30 seconds to load the cart, and sometimes throws a 502 Bad Gateway.",-0.6
ZD-449740,2026-07-28T00:00:00,Performance Issue,EU,Site is very slow today,"The website takes over 30 seconds to load the cart, and sometimes throws a 502 Bad Gateway.",-0.74
ZD-685501,2026-07-28T00:00:00,Performance Issue,EU,Site is very slow today,"The website takes over 30 seconds to load the cart, and sometimes throws a 502 Bad Gateway.",-0.57
ZD-758133,2026-07-28T00:00:00,Performance Issue,EU,Checkout spinner stuck on loading,"The website takes over 30 seconds to load the cart, and sometimes throws a 502 Bad Gateway.",-0.56
ZD-772913,2026-07-28T02:00:00,Performance Issue,EU,Cannot complete purchase - 502 error,"The website takes over 30 seconds to load the cart, and sometimes throws a 502 Bad Gateway.",-0.46
ZD-672270,2026-07-28T04:00:00,Performance Issue,EU,Checkout spinner stuck on loading,"The website takes over 30 seconds to load the cart, and sometimes throws a 502 Bad Gateway.",-0.59
ZD-177924,2026-07-28T04:00:00,Performance Issue,EU,Cannot complete purchase - 502 error,"The website takes over 30 seconds to load the cart, and sometimes throws a 502 Bad Gateway.",-0.76
ZD-712035,2026-07-28T04:00:00,Performance Issue,EU,Checkout spinner stuck on loading,"The website takes over 30 seconds to load the cart, and sometimes throws a 502 Bad Gateway.",-0.79
ZD-666755,2026-07-28T05:00:00,Performance Issue,EU,Site is very slow today,"The website takes over 30 seconds to load the cart, and sometimes throws a 502 Bad Gateway.",-0.49
ZD-620320,2026-07-28T06:00:00,Performance Issue,EU,Site is very slow today,"The website takes over 30 seconds to load the cart, and sometimes throws a 502 Bad Gateway.",-0.47
ZD-601213,2026-07-28T06:00:00,Refund Request,APAC,Issue with refund request,Customer reported a problem regarding refund request in APAC.,0.09
ZD-476785,2026-07-28T06:00:00,Performance Issue,EU,Cannot complete purchase - 502 error,"The website takes over 30 seconds to load the cart, and sometimes throws a 502 Bad Gateway.",-0.41
ZD-888084,2026-07-28T08:00:00,Performance Issue,EU,Cannot complete purchase - 502 error,"The website takes over 30 seconds to load the cart, and sometimes throws a 502 Bad Gateway.",-0.58
ZD-503099,2026-07-28T08:00:00,Performance Issue,EU,Checkout spinner stuck on loading,"The website takes over 30 seconds to load the cart, and sometimes throws a 502 Bad Gateway.",-0.56
ZD-685158,2026-07-28T08:00:00,General Support,NA,Issue with general support,Customer reported a problem regarding general support in NA.,0.28
ZD-844314,2026-07-28T08:00:00,Performance Issue,EU,Checkout spinner stuck on loading,"The website takes over 30 seconds to load the cart, and sometimes throws a 502 Bad Gateway.",-0.61
ZD-358190,2026-07-28T08:00:00,Performance Issue,EU,Cannot complete purchase - 502 error,"The website takes over 30 seconds to load the cart, and sometimes throws a 502 Bad Gateway.",-0.69
ZD-808112,2026-07-28T08:00:00,Performance Issue,EU,Cannot complete purchase - 502 error,"The website takes over 30 seconds to load the cart, and sometimes throws a 502 Bad Gateway.",-0.61
ZD-675949,2026-07-28T09:00:00,Performance Issue,EU,Checkout spinner stuck on loading,"The website takes over 30 seconds to load the cart, and sometimes throws a 502 Bad Gateway.",-0.62
ZD-439052,2026-07-28T09:00:00,Performance Issue,EU,Checkout spinner stuck on loading,"The website takes over 30 seconds to load the cart, and sometimes throws a 502 Bad Gateway.",-0.76
ZD-117110,2026-07-28T11:00:00,Performance Issue,EU,Cannot complete purchase - 502 error,"The website takes over 30 seconds to load the cart, and sometimes throws a 502 Bad Gateway.",-0.43
ZD-280115,2026-07-28T12:00:00,Performance Issue,EU,Site is very slow today,"The website takes over 30 seconds to load the cart, and sometimes throws a 502 Bad Gateway.",-0.66
ZD-657957,2026-07-28T12:00:00,Performance Issue,EU,Site is very slow today,"The website takes over 30 seconds to load the cart, and sometimes throws a 502 Bad Gateway.",-0.49
ZD-500596,2026-07-28T12:00:00,Mobile App Bug,EMEA,Issue with mobile app bug,Customer reported a problem regarding mobile app bug in EMEA.,0.03
ZD-347183,2026-07-28T12:00:00,Checkout Error,EMEA,Issue with checkout error,Customer reported a problem regarding checkout error in EMEA.,-0.05
ZD-219865,2026-07-28T12:00:00,Performance Issue,EU,Checkout spinner stuck on loading,"The website takes over 30 seconds to load the cart, and sometimes throws a 502 Bad Gateway.",-0.73
ZD-108456,2026-07-28T13:00:00,Performance Issue,EU,Site is very slow today,"The website takes over 30 seconds to load the cart, and sometimes throws a 502 Bad Gateway.",-0.77
ZD-597013,2026-07-28T13:00:00,Performance Issue,EU,Cannot complete purchase - 502 error,"The website takes over 30 seconds to load the cart, and sometimes throws a 502 Bad Gateway.",-0.8
ZD-478449,2026-07-28T15:00:00,Performance Issue,EU,Checkout spinner stuck on loading,"The website takes over 30 seconds to load the cart, and sometimes throws a 502 Bad Gateway.",-0.63
ZD-820176,2026-07-28T16:00:00,Performance Issue,EU,Checkout spinner stuck on loading,"The website takes over 30 seconds to load the cart, and sometimes throws a 502 Bad Gateway.",-0.59
ZD-713526,2026-07-28T16:00:00,Performance Issue,EU,Cannot complete purchase - 502 error,"The website takes over 30 seconds to load the cart, and sometimes throws a 502 Bad Gateway.",-0.54
ZD-379899,2026-07-28T18:00:00,Performance Issue,EU,Checkout spinner stuck on loading,"The website takes over 30 seconds to load the cart, and sometimes throws a 502 Bad Gateway.",-0.44
ZD-403226,2026-07-28T18:00:00,Performance Issue,EU,Checkout spinner stuck on loading,"The website takes over 30 seconds to load the cart, and sometimes throws a 502 Bad Gateway.",-0.76
ZD-797206,2026-07-28T18:00:00,Performance Issue,EU,Site is very slow today,"The website takes over 30 seconds to load the cart, and sometimes throws a 502 Bad Gateway.",-0.51
ZD-103064,2026-07-28T19:00:00,Account Access,APAC,Issue with account access,Customer reported a problem regarding account access in APAC.,-0.42
ZD-986559,2026-07-28T19:00:00,Refund Request,LATAM,Issue with refund request,Customer reported a problem regarding refund request in LATAM.,0.74
ZD-269403,2026-07-28T19:00:00,Performance Issue,EMEA,Issue with performance issue,Customer reported a problem regarding performance issue in EMEA.,0.24
ZD-763018,2026-07-28T19:00:00,Performance Issue,EU,Site is very slow today,"The website takes over 30 seconds to load the cart, and sometimes throws a 502 Bad Gateway.",-0.61
ZD-613282,2026-07-28T20:00:00,Performance Issue,EU,Site is very slow today,"The website takes over 30 seconds to load the cart, and sometimes throws a 502 Bad Gateway.",-0.59
ZD-272302,2026-07-28T20:00:00,Performance Issue,EU,Checkout spinner stuck on loading,"The website takes over 30 seconds to load the cart, and sometimes throws a 502 Bad Gateway.",-0.79
ZD-564859,2026-07-28T20:00:00,Performance Issue,EU,Cannot complete purchase - 502 error,"The website takes over 30 seconds to load the cart, and sometimes throws a 502 Bad Gateway.",-0.64
ZD-527098,2026-07-28T20:00:00,Performance Issue,EU,Checkout spinner stuck on loading,"The website takes over 30 seconds to load the cart, and sometimes throws a 502 Bad Gateway.",-0.46
ZD-415839,2026-07-28T20:00:00,Account Access,NA,Issue with account access,Customer reported a problem regarding account access in NA.,-0.33
ZD-399549,2026-07-28T22:00:00,Performance Issue,EU,Cannot complete purchase - 502 error,"The website takes over 30 seconds to load the cart, and sometimes throws a 502 Bad Gateway.",-0.76
ZD-758549,2026-07-28T23:00:00,Performance Issue,EU,Site is very slow today,"The website takes over 30 seconds to load the cart, and sometimes throws a 502 Bad Gateway.",-0.69
ZD-516403,2026-07-28T23:00:00,Performance Issue,EU,Cannot complete purchase - 502 error,"The website takes over 30 seconds to load the cart, and sometimes throws a 502 Bad Gateway.",-0.51
ZD-604678,2026-07-29T03:00:00,Performance Issue,EU,Checkout spinner stuck on loading,"The website takes over 30 seconds to load the cart, and sometimes throws a 502 Bad Gateway.",-0.68
ZD-575303,2026-07-29T06:00:00,Performance Issue,EU,Site is very slow today,"The website takes over 30 seconds to load the cart, and sometimes throws a 502 Bad Gateway.",-0.68
ZD-340067,2026-07-29T06:00:00,Performance Issue,EU,Cannot complete purchase - 502 error,"The website takes over 30 seconds to load the cart, and sometimes throws a 502 Bad Gateway.",-0.66
ZD-996114,2026-07-29T07:00:00,Performance Issue,EU,Cannot complete purchase - 502 error,"The website takes over 30 seconds to load the cart, and sometimes throws a 502 Bad Gateway.",-0.57
ZD-540794,2026-07-29T08:00:00,Performance Issue,EU,Site is very slow today,"The website takes over 30 seconds to load the cart, and sometimes throws a 502 Bad Gateway.",-0.76
ZD-803186,2026-07-29T09:00:00,Performance Issue,EU,Checkout spinner stuck on loading,"The website takes over 30 seconds to load the cart, and sometimes throws a 502 Bad Gateway.",-0.62
ZD-676115,2026-07-29T10:00:00,Refund Request,LATAM,Issue with refund request,Customer reported a problem regarding refund request in LATAM.,-0.03
ZD-744467,2026-07-29T10:00:00,Performance Issue,EU,Site is very slow today,"The website takes over 30 seconds to load the cart, and sometimes throws a 502 Bad Gateway.",-0.59
ZD-631403,2026-07-29T12:00:00,Performance Issue,EU,Site is very slow today,"The website takes over 30 seconds to load the cart, and sometimes throws a 502 Bad Gateway.",-0.59
ZD-860600,2026-07-29T12:00:00,Performance Issue,EU,Site is very slow today,"The website takes over 30 seconds to load the cart, and sometimes throws a 502 Bad Gateway.",-0.42
ZD-403962,2026-07-29T13:00:00,Performance Issue,NA,Issue with performance issue,Customer reported a problem regarding performance issue in NA.,0.15
ZD-388780,2026-07-29T17:00:00,Checkout Error,EMEA,Issue with checkout error,Customer reported a problem regarding checkout error in EMEA.,0.54
ZD-474669,2026-07-29T17:00:00,Performance Issue,EU,Cannot complete purchase - 502 error,"The website takes over 30 seconds to load the cart, and sometimes throws a 502 Bad Gateway.",-0.56
ZD-764056,2026-07-29T17:00:00,Performance Issue,EU,Checkout spinner stuck on loading,"The website takes over 30 seconds to load the cart, and sometimes throws a 502 Bad Gateway.",-0.76
ZD-430985,2026-07-29T19:00:00,Performance Issue,EU,Cannot complete purchase - 502 error,"The website takes over 30 seconds to load the cart, and sometimes throws a 502 Bad Gateway.",-0.6
ZD-777596,2026-07-29T19:00:00,Performance Issue,EU,Checkout spinner stuck on loading,"The website takes over 30 seconds to load the cart, and sometimes throws a 502 Bad Gateway.",-0.76
ZD-242371,2026-07-29T19:00:00,Performance Issue,EU,Site is very slow today,"The website takes over 30 seconds to load the cart, and sometimes throws a 502 Bad Gateway.",-0.73
ZD-341579,2026-07-29T20:00:00,General Support,EMEA,Issue with general support,Customer reported a problem regarding general support in EMEA.,-0.11
ZD-307409,2026-07-29T23:00:00,Performance Issue,EU,Cannot complete purchase - 502 error,"The website takes over 30 seconds to load the cart, and sometimes throws a 502 Bad Gateway.",-0.66
ZD-198718,2026-07-30T01:00:00,Billing Inquiry,EU,Issue with billing inquiry,Customer reported a problem regarding billing inquiry in EU.,-0.38
ZD-764102,2026-07-30T02:00:00,Account Access,EU,Issue with account access,Customer reported a problem regarding account access in EU.,-0.35
ZD-944586,2026-07-30T04:00:00,Account Access,NA,Issue with account access,Customer reported a problem regarding account access in NA.,0.42
ZD-931114,2026-07-30T05:00:00,Performance Issue,EU,Site is very slow today,"The website takes over 30 seconds to load the cart, and sometimes throws a 502 Bad Gateway.",-0.6
ZD-437551,2026-07-30T09:00:00,Mobile App Bug,GLOBAL,Issue with mobile app bug,Customer reported a problem regarding mobile app bug in GLOBAL.,0.59
ZD-954354,2026-07-30T09:00:00,Performance Issue,EU,Cannot complete purchase - 502 error,"The website takes over 30 seconds to load the cart, and sometimes throws a 502 Bad Gateway.",-0.72
ZD-150922,2026-07-30T11:00:00,Performance Issue,EU,Site is very slow today,"The website takes over 30 seconds to load the cart, and sometimes throws a 502 Bad Gateway.",-0.7
ZD-207041,2026-07-30T11:00:00,Performance Issue,EU,Cannot complete purchase - 502 error,"The website takes over 30 seconds to load the cart, and sometimes throws a 502 Bad Gateway.",-0.52
ZD-260375,2026-07-30T13:00:00,Refund Request,LATAM,Issue with refund request,Customer reported a problem regarding refund request in LATAM.,0.79
ZD-520478,2026-07-30T14:00:00,Performance Issue,EU,Checkout spinner stuck on loading,"The website takes over 30 seconds to load the cart, and sometimes throws a 502 Bad Gateway.",-0.61
ZD-137827,2026-07-30T17:00:00,Checkout Error,APAC,Issue with checkout error,Customer reported a problem regarding checkout error in APAC.,-0.28
ZD-842985,2026-07-30T20:00:00,Account Access,GLOBAL,Issue with account access,Customer reported a problem regarding account access in GLOBAL.,-0.02
ZD-368169,2026-07-30T21:00:00,API Integration,GLOBAL,Issue with api integration,Customer reported a problem regarding api integration in GLOBAL.,-0.39
ZD-309819,2026-07-30T21:00:00,Performance Issue,EU,Checkout spinner stuck on loading,"The website takes over 30 seconds to load the cart, and sometimes throws a 502 Bad Gateway.",-0.54
ZD-244298,2026-07-30T21:00:00,Payment Failure,EU,Issue with payment failure,Customer reported a problem regarding payment failure in EU.,0.38
ZD-981452,2026-07-31T02:00:00,General Support,EMEA,Issue with general support,Customer reported a problem regarding general support in EMEA.,-0.2
ZD-853374,2026-07-31T02:00:00,Billing Inquiry,EMEA,Issue with billing inquiry,Customer reported a problem regarding billing inquiry in EMEA.,0.45
ZD-299848,2026-07-31T03:00:00,Performance Issue,EU,Site is very slow today,"The website takes over 30 seconds to load the cart, and sometimes throws a 502 Bad Gateway.",-0.53
ZD-390288,2026-07-31T07:00:00,Performance Issue,EU,Site is very slow today,"The website takes over 30 seconds to load the cart, and sometimes throws a 502 Bad Gateway.",-0.47
ZD-476558,2026-07-31T07:00:00,Performance Issue,EU,Cannot complete purchase - 502 error,"The website takes over 30 seconds to load the cart, and sometimes throws a 502 Bad Gateway.",-0.44
ZD-950201,2026-07-31T10:00:00,Performance Issue,EU,Checkout spinner stuck on loading,"The website takes over 30 seconds to load the cart, and sometimes throws a 502 Bad Gateway.",-0.57
ZD-520072,2026-07-31T14:00:00,Performance Issue,EU,Site is very slow today,"The website takes over 30 seconds to load the cart, and sometimes throws a 502 Bad Gateway.",-0.4
ZD-425847,2026-07-31T17:00:00,Mobile App Bug,LATAM,Issue with mobile app bug,Customer reported a problem regarding mobile app bug in LATAM.,-0.09
ZD-721297,2026-07-31T23:00:00,Performance Issue,EU,Cannot complete purchase - 502 error,"The website takes over 30 seconds to load the cart, and sometimes throws a 502 Bad Gateway.",-0.56
ZD-177691,2026-08-01T01:00:00,Performance Issue,EMEA,Issue with performance issue,Customer reported a problem regarding performance issue in EMEA.,-0.44
ZD-174171,2026-08-01T02:00:00,Order Tracking,LATAM,Issue with order tracking,Customer reported a problem regarding order tracking in LATAM.,0.29
ZD-173912,2026-08-01T05:00:00,Performance Issue,EU,Cannot complete purchase - 502 error,"The website takes over 30 seconds to load the cart, and sometimes throws a 502 Bad Gateway.",-0.76
ZD-158342,2026-08-01T05:00:00,Performance Issue,EU,Checkout spinner stuck on loading,"The website takes over 30 seconds to load the cart, and sometimes throws a 502 Bad Gateway.",-0.76
ZD-640411,2026-08-01T06:00:00,Performance Issue,EU,Cannot complete purchase - 502 error,"The website takes over 30 seconds to load the cart, and sometimes throws a 502 Bad Gateway.",-0.75
ZD-846122,2026-08-01T10:00:00,Performance Issue,EU,Site is very slow today,"The website takes over 30 seconds to load the cart, and sometimes throws a 502 Bad Gateway.",-0.48
ZD-854035,2026-08-01T10:00:00,Performance Issue,EU,Checkout spinner stuck on loading,"The website takes over 30 seconds to load the cart, and sometimes throws a 502 Bad Gateway.",-0.44
ZD-702184,2026-08-01T14:00:00,Account Access,NA,Issue with account access,Customer reported a problem regarding account access in NA.,0.43
ZD-937861,2026-08-01T14:00:00,Performance Issue,EU,Cannot complete purchase - 502 error,"The website takes over 30 seconds to load the cart, and sometimes throws a 502 Bad Gateway.",-0.5
ZD-432594,2026-08-01T14:00:00,Performance Issue,EU,Site is very slow today,"The website takes over 30 seconds to load the cart, and sometimes throws a 502 Bad Gateway.",-0.63
ZD-718233,2026-08-01T15:00:00,Billing Inquiry,EU,Issue with billing inquiry,Customer reported a problem regarding billing inquiry in EU.,0.03
ZD-742760,2026-08-01T17:00:00,Performance Issue,EU,Site is very slow today,"The website takes over 30 seconds to load the cart, and sometimes throws a 502 Bad Gateway.",-0.43
ZD-870009,2026-08-01T18:00:00,General Support,EU,Issue with general support,Customer reported a problem regarding general support in EU.,-0.25
ZD-757206,2026-08-01T18:00:00,Performance Issue,EU,Checkout spinner stuck on loading,"The website takes over 30 seconds to load the cart, and sometimes throws a 502 Bad Gateway.",-0.45
ZD-434045,2026-08-01T18:00:00,Performance Issue,EU,Site is very slow today,"The website takes over 30 seconds to load the cart, and sometimes throws a 502 Bad Gateway.",-0.5
ZD-437939,2026-08-01T19:00:00,Performance Issue,EU,Cannot complete purchase - 502 error,"The website takes over 30 seconds to load the cart, and sometimes throws a 502 Bad Gateway.",-0.74
ZD-417402,2026-08-01T22:00:00,General Support,LATAM,Issue with general support,Customer reported a problem regarding general support in LATAM.,0.15
ZD-652772,2026-08-01T22:00:00,Performance Issue,EU,Cannot complete purchase - 502 error,"The website takes over 30 seconds to load the cart, and sometimes throws a 502 Bad Gateway.",-0.78
ZD-853088,2026-08-01T23:00:00,Performance Issue,EU,Cannot complete purchase - 502 error,"The website takes over 30 seconds to load the cart, and sometimes throws a 502 Bad Gateway.",-0.51
ZD-972383,2026-08-02T01:00:00,API Integration,APAC,Issue with api integration,Customer reported a problem regarding api integration in APAC.,-0.09
ZD-429587,2026-08-02T01:00:00,Performance Issue,EU,Checkout spinner stuck on loading,"The website takes over 30 seconds to load the cart, and sometimes throws a 502 Bad Gateway.",-0.62
ZD-823774,2026-08-02T02:00:00,Account Access,APAC,Issue with account access,Customer reported a problem regarding account access in APAC.,-0.02
ZD-946337,2026-08-02T02:00:00,Performance Issue,EU,Checkout spinner stuck on loading,"The website takes over 30 seconds to load the cart, and sometimes throws a 502 Bad Gateway.",-0.63
ZD-597198,2026-08-02T04:00:00,API Integration,EU,Issue with api integration,Customer reported a problem regarding api integration in EU.,-0.15
ZD-423347,2026-08-02T06:00:00,Refund Request,APAC,Issue with refund request,Customer reported a problem regarding refund request in APAC.,0.26
ZD-629531,2026-08-02T06:00:00,General Support,LATAM,Issue with general support,Customer reported a problem regarding general support in LATAM.,0.17
ZD-672380,2026-08-02T06:00:00,Performance Issue,EU,Site is very slow today,"The website takes over 30 seconds to load the cart, and sometimes throws a 502 Bad Gateway.",-0.69
ZD-900222,2026-08-02T07:00:00,Account Access,EU,Issue with account access,Customer reported a problem regarding account access in EU.,0.61
ZD-130138,2026-08-02T11:00:00,Performance Issue,EU,Cannot complete purchase - 502 error,"The website takes over 30 seconds to load the cart, and sometimes throws a 502 Bad Gateway.",-0.64
ZD-523553,2026-08-02T12:00:00,Performance Issue,EU,Checkout spinner stuck on loading,"The website takes over 30 seconds to load the cart, and sometimes throws a 502 Bad Gateway.",-0.77
ZD-722232,2026-08-02T12:00:00,Performance Issue,EU,Site is very slow today,"The website takes over 30 seconds to load the cart, and sometimes throws a 502 Bad Gateway.",-0.73
ZD-197267,2026-08-02T15:00:00,Performance Issue,EU,Site is very slow today,"The website takes over 30 seconds to load the cart, and sometimes throws a 502 Bad Gateway.",-0.55
ZD-963939,2026-08-02T18:00:00,Refund Request,GLOBAL,Issue with refund request,Customer reported a problem regarding refund request in GLOBAL.,0.67
ZD-900303,2026-08-02T18:00:00,Performance Issue,EU,Cannot complete purchase - 502 error,"The website takes over 30 seconds to load the cart, and sometimes throws a 502 Bad Gateway.",-0.41
ZD-975284,2026-08-02T18:00:00,Performance Issue,EU,Cannot complete purchase - 502 error,"The website takes over 30 seconds to load the cart, and sometimes throws a 502 Bad Gateway.",-0.66
ZD-647140,2026-08-02T19:00:00,Performance Issue,EU,Checkout spinner stuck on loading,"The website takes over 30 seconds to load the cart, and sometimes throws a 502 Bad Gateway.",-0.48
ZD-863477,2026-08-02T20:00:00,Performance Issue,EU,Cannot complete purchase - 502 error,"The website takes over 30 seconds to load the cart, and sometimes throws a 502 Bad Gateway.",-0.62
ZD-561659,2026-08-02T20:00:00,Performance Issue,EU,Cannot complete purchase - 502 error,"The website takes over 30 seconds to load the cart, and sometimes throws a 502 Bad Gateway.",-0.49
ZD-310241,2026-08-02T21:00:00,Billing Inquiry,LATAM,Issue with billing inquiry,Customer reported a problem regarding billing inquiry in LATAM.,0.16
ZD-865701,2026-08-02T21:00:00,Performance Issue,EU,Checkout spinner stuck on loading,"The website takes over 30 seconds to load the cart, and sometimes throws a 502 Bad Gateway.",-0.78
ZD-817836,2026-08-02T22:00:00,Account Access,NA,Issue with account access,Customer reported a problem regarding account access in NA.,0.75
ZD-951075,2026-08-02T23:00:00,Refund Request,NA,Issue with refund request,Customer reported a problem regarding refund request in NA.,0.49
ZD-567908,2026-08-03T01:00:00,Performance Issue,EU,Checkout spinner stuck on loading,"The website takes over 30 seconds to load the cart, and sometimes throws a 502 Bad Gateway.",-0.49
ZD-667594,2026-08-03T01:00:00,Performance Issue,EU,Site is very slow today,"The website takes over 30 seconds to load the cart, and sometimes throws a 502 Bad Gateway.",-0.41
ZD-726485,2026-08-03T01:00:00,Performance Issue,EU,Site is very slow today,"The website takes over 30 seconds to load the cart, and sometimes throws a 502 Bad Gateway.",-0.76
ZD-735672,2026-08-03T02:00:00,General Support,APAC,Issue with general support,Customer reported a problem regarding general support in APAC.,-0.34
ZD-319502,2026-08-03T02:00:00,Performance Issue,EU,Cannot complete purchase - 502 error,"The website takes over 30 seconds to load the cart, and sometimes throws a 502 Bad Gateway.",-0.73
ZD-247670,2026-08-03T03:00:00,Performance Issue,EU,Checkout spinner stuck on loading,"The website takes over 30 seconds to load the cart, and sometimes throws a 502 Bad Gateway.",-0.56
ZD-338817,2026-08-03T04:00:00,Performance Issue,EU,Cannot complete purchase - 502 error,"The website takes over 30 seconds to load the cart, and sometimes throws a 502 Bad Gateway.",-0.53
ZD-151768,2026-08-03T04:00:00,Refund Request,LATAM,Issue with refund request,Customer reported a problem regarding refund request in LATAM.,-0.39
ZD-987363,2026-08-03T04:00:00,Performance Issue,EU,Site is very slow today,"The website takes over 30 seconds to load the cart, and sometimes throws a 502 Bad Gateway.",-0.52
ZD-492216,2026-08-03T07:00:00,Account Access,GLOBAL,Issue with account access,Customer reported a problem regarding account access in GLOBAL.,-0.11
ZD-353438,2026-08-03T07:00:00,Performance Issue,EU,Site is very slow today,"The website takes over 30 seconds to load the cart, and sometimes throws a 502 Bad Gateway.",-0.59
ZD-528216,2026-08-03T08:00:00,Payment Failure,APAC,Issue with payment failure,Customer reported a problem regarding payment failure in APAC.,-0.36
ZD-986236,2026-08-03T08:00:00,Performance Issue,EU,Cannot complete purchase - 502 error,"The website takes over 30 seconds to load the cart, and sometimes throws a 502 Bad Gateway.",-0.48
ZD-818872,2026-08-03T09:00:00,Performance Issue,EU,Cannot complete purchase - 502 error,"The website takes over 30 seconds to load the cart, and sometimes throws a 502 Bad Gateway.",-0.58
ZD-355620,2026-08-03T09:00:00,Performance Issue,LATAM,Issue with performance issue,Customer reported a problem regarding performance issue in LATAM.,-0.12
ZD-420363,2026-08-03T11:00:00,Performance Issue,EU,Checkout spinner stuck on loading,"The website takes over 30 seconds to load the cart, and sometimes throws a 502 Bad Gateway.",-0.53
ZD-211931,2026-08-03T11:00:00,Performance Issue,EU,Checkout spinner stuck on loading,"The website takes over 30 seconds to load the cart, and sometimes throws a 502 Bad Gateway.",-0.77
ZD-420116,2026-08-03T12:00:00,General Support,LATAM,Issue with general support,Customer reported a problem regarding general support in LATAM.,0.09
ZD-815156,2026-08-03T15:00:00,Mobile App Bug,EU,Issue with mobile app bug,Customer reported a problem regarding mobile app bug in EU.,-0.1
ZD-250185,2026-08-03T15:00:00,Performance Issue,EU,Site is very slow today,"The website takes over 30 seconds to load the cart, and sometimes throws a 502 Bad Gateway.",-0.67
ZD-416137,2026-08-03T16:00:00,Performance Issue,EU,Checkout spinner stuck on loading,"The website takes over 30 seconds to load the cart, and sometimes throws a 502 Bad Gateway.",-0.61
ZD-160033,2026-08-03T16:00:00,Performance Issue,EU,Cannot complete purchase - 502 error,"The website takes over 30 seconds to load the cart, and sometimes throws a 502 Bad Gateway.",-0.6
ZD-696423,2026-08-03T17:00:00,Performance Issue,EU,Checkout spinner stuck on loading,"The website takes over 30 seconds to load the cart, and sometimes throws a 502 Bad Gateway.",-0.44
ZD-565697,2026-08-03T18:00:00,Performance Issue,EU,Site is very slow today,"The website takes over 30 seconds to load the cart, and sometimes throws a 502 Bad Gateway.",-0.47
ZD-879050,2026-08-03T19:00:00,API Integration,GLOBAL,Issue with api integration,Customer reported a problem regarding api integration in GLOBAL.,0.1
ZD-271991,2026-08-03T19:00:00,Billing Inquiry,LATAM,Issue with billing inquiry,Customer reported a problem regarding billing inquiry in LATAM.,0.48
ZD-109986,2026-08-03T19:00:00,Performance Issue,EU,Checkout spinner stuck on loading,"The website takes over 30 seconds to load the cart, and sometimes throws a 502 Bad Gateway.",-0.42
ZD-850867,2026-08-03T20:00:00,Performance Issue,EU,Checkout spinner stuck on loading,"The website takes over 30 seconds to load the cart, and sometimes throws a 502 Bad Gateway.",-0.49
ZD-557664,2026-08-03T22:00:00,Performance Issue,EU,Checkout spinner stuck on loading,"The website takes over 30 seconds to load the cart, and sometimes throws a 502 Bad Gateway.",-0.71
ZD-614670,2026-08-03T23:00:00,Performance Issue,EU,Cannot complete purchase - 502 error,"The website takes over 30 seconds to load the cart, and sometimes throws a 502 Bad Gateway.",-0.69
ZD-936259,2026-08-04T01:00:00,Performance Issue,EU,Cannot complete purchase - 502 error,"The website takes over 30 seconds to load the cart, and sometimes throws a 502 Bad Gateway.",-0.6
ZD-542437,2026-08-04T01:00:00,Checkout Error,GLOBAL,Issue with checkout error,Customer reported a problem regarding checkout error in GLOBAL.,0.15
ZD-644189,2026-08-04T03:00:00,Performance Issue,EU,Site is very slow today,"The website takes over 30 seconds to load the cart, and sometimes throws a 502 Bad Gateway.",-0.79
ZD-506871,2026-08-04T03:00:00,Performance Issue,EU,Checkout spinner stuck on loading,"The website takes over 30 seconds to load the cart, and sometimes throws a 502 Bad Gateway.",-0.49
ZD-571452,2026-08-04T03:00:00,Checkout Error,APAC,Issue with checkout error,Customer reported a problem regarding checkout error in APAC.,0.73
ZD-940723,2026-08-04T03:00:00,Performance Issue,EU,Site is very slow today,"The website takes over 30 seconds to load the cart, and sometimes throws a 502 Bad Gateway.",-0.69
ZD-772661,2026-08-04T03:00:00,Performance Issue,EU,Cannot complete purchase - 502 error,"The website takes over 30 seconds to load the cart, and sometimes throws a 502 Bad Gateway.",-0.54
ZD-985804,2026-08-04T04:00:00,General Support,EMEA,Issue with general support,Customer reported a problem regarding general support in EMEA.,-0.28
ZD-290646,2026-08-04T04:00:00,General Support,GLOBAL,Issue with general support,Customer reported a problem regarding general support in GLOBAL.,-0.41
ZD-607906,2026-08-04T05:00:00,General Support,LATAM,Issue with general support,Customer reported a problem regarding general support in LATAM.,0.42
ZD-322528,2026-08-04T06:00:00,Performance Issue,EU,Site is very slow today,"The website takes over 30 seconds to load the cart, and sometimes throws a 502 Bad Gateway.",-0.74
ZD-914805,2026-08-04T06:00:00,Performance Issue,EU,Cannot complete purchase - 502 error,"The website takes over 30 seconds to load the cart, and sometimes throws a 502 Bad Gateway.",-0.55
ZD-848319,2026-08-04T06:00:00,Performance Issue,EU,Checkout spinner stuck on loading,"The website takes over 30 seconds to load the cart, and sometimes throws a 502 Bad Gateway.",-0.68
ZD-161028,2026-08-04T06:00:00,Performance Issue,EU,Site is very slow today,"The website takes over 30 seconds to load the cart, and sometimes throws a 502 Bad Gateway.",-0.69
ZD-666478,2026-08-04T06:00:00,Order Tracking,EMEA,Issue with order tracking,Customer reported a problem regarding order tracking in EMEA.,-0.15
ZD-143056,2026-08-04T07:00:00,Performance Issue,EU,Checkout spinner stuck on loading,"The website takes over 30 seconds to load the cart, and sometimes throws a 502 Bad Gateway.",-0.5
ZD-554794,2026-08-04T07:00:00,Performance Issue,EU,Site is very slow today,"The website takes over 30 seconds to load the cart, and sometimes throws a 502 Bad Gateway.",-0.43
ZD-901330,2026-08-04T08:00:00,Performance Issue,EU,Site is very slow today,"The website takes over 30 seconds to load the cart, and sometimes throws a 502 Bad Gateway.",-0.54
ZD-144556,2026-08-04T09:00:00,Refund Request,EMEA,Issue with refund request,Customer reported a problem regarding refund request in EMEA.,0.13
ZD-898503,2026-08-04T10:00:00,Performance Issue,EU,Cannot complete purchase - 502 error,"The website takes over 30 seconds to load the cart, and sometimes throws a 502 Bad Gateway.",-0.67
ZD-958960,2026-08-04T13:00:00,Performance Issue,EU,Checkout spinner stuck on loading,"The website takes over 30 seconds to load the cart, and sometimes throws a 502 Bad Gateway.",-0.48
ZD-751870,2026-08-04T13:00:00,Performance Issue,EU,Checkout spinner stuck on loading,"The website takes over 30 seconds to load the cart, and sometimes throws a 502 Bad Gateway.",-0.63
ZD-338062,2026-08-04T15:00:00,Mobile App Bug,LATAM,Issue with mobile app bug,Customer reported a problem regarding mobile app bug in LATAM.,-0.38
ZD-752682,2026-08-04T15:00:00,Performance Issue,EU,Cannot complete purchase - 502 error,"The website takes over 30 seconds to load the cart, and sometimes throws a 502 Bad Gateway.",-0.69
ZD-208573,2026-08-04T16:00:00,Performance Issue,EU,Cannot complete purchase - 502 error,"The website takes over 30 seconds to load the cart, and sometimes throws a 502 Bad Gateway.",-0.68
ZD-684085,2026-08-04T18:00:00,Order Tracking,GLOBAL,Issue with order tracking,Customer reported a problem regarding order tracking in GLOBAL.,-0.44
ZD-576814,2026-08-04T18:00:00,Performance Issue,EU,Checkout spinner stuck on loading,"The website takes over 30 seconds to load the cart, and sometimes throws a 502 Bad Gateway.",-0.68
ZD-916657,2026-08-04T19:00:00,Payment Failure,APAC,Issue with payment failure,Customer reported a problem regarding payment failure in APAC.,0.35
ZD-979618,2026-08-04T19:00:00,Performance Issue,EU,Site is very slow today,"The website takes over 30 seconds to load the cart, and sometimes throws a 502 Bad Gateway.",-0.79
ZD-315431,2026-08-04T22:00:00,Performance Issue,EU,Site is very slow today,"The website takes over 30 seconds to load the cart, and sometimes throws a 502 Bad Gateway.",-0.63
ZD-441348,2026-08-04T23:00:00,Account Access,GLOBAL,Issue with account access,Customer reported a problem regarding account access in GLOBAL.,-0.5
ZD-922500,2026-08-04T23:00:00,Account Access,EMEA,Issue with account access,Customer reported a problem regarding account access in EMEA.,0.4
ZD-312688,2026-08-04T23:00:00,Performance Issue,EU,Cannot complete purchase - 502 error,"The website takes over 30 seconds to load the cart, and sometimes throws a 502 Bad Gateway.",-0.43
ZD-280070,2026-08-04T23:00:00,Performance Issue,EU,Cannot complete purchase - 502 error,"The website takes over 30 seconds to load the cart, and sometimes throws a 502 Bad Gateway.",-0.71
ZD-368829,2026-08-05T01:00:00,General Support,EMEA,Issue with general support,Customer reported a problem regarding general support in EMEA.,0.35
ZD-565408,2026-08-05T03:00:00,Performance Issue,EU,Cannot complete purchase - 502 error,"The website takes over 30 seconds to load the cart, and sometimes throws a 502 Bad Gateway.",-0.46
ZD-688339,2026-08-05T03:00:00,Performance Issue,EU,Site is very slow today,"The website takes over 30 seconds to load the cart, and sometimes throws a 502 Bad Gateway.",-0.67
ZD-314257,2026-08-05T05:00:00,Checkout Error,NA,Issue with checkout error,Customer reported a problem regarding checkout error in NA.,-0.17
ZD-452999,2026-08-05T07:00:00,Mobile App Bug,LATAM,Issue with mobile app bug,Customer reported a problem regarding mobile app bug in LATAM.,0.1
ZD-724533,2026-08-05T07:00:00,Performance Issue,APAC,Issue with performance issue,Customer reported a problem regarding performance issue in APAC.,0.58
ZD-105482,2026-08-05T10:00:00,Performance Issue,EU,Checkout spinner stuck on loading,"The website takes over 30 seconds to load the cart, and sometimes throws a 502 Bad Gateway.",-0.45
ZD-574531,2026-08-05T11:00:00,Performance Issue,EU,Site is very slow today,"The website takes over 30 seconds to load the cart, and sometimes throws a 502 Bad Gateway.",-0.63
ZD-811372,2026-08-05T13:00:00,Performance Issue,EU,Checkout spinner stuck on loading,"The website takes over 30 seconds to load the cart, and sometimes throws a 502 Bad Gateway.",-0.49
ZD-135267,2026-08-05T15:00:00,Performance Issue,EU,Cannot complete purchase - 502 error,"The website takes over 30 seconds to load the cart, and sometimes throws a 502 Bad Gateway.",-0.63
ZD-550770,2026-08-05T18:00:00,Performance Issue,EU,Site is very slow today,"The website takes over 30 seconds to load the cart, and sometimes throws a 502 Bad Gateway.",-0.79
ZD-254924,2026-08-05T19:00:00,Performance Issue,EU,Cannot complete purchase - 502 error,"The website takes over 30 seconds to load the cart, and sometimes throws a 502 Bad Gateway.",-0.78
ZD-419681,2026-08-05T22:00:00,Performance Issue,EU,Site is very slow today,"The website takes over 30 seconds to load the cart, and sometimes throws a 502 Bad Gateway.",-0.55
ZD-128258,2026-08-05T23:00:00,Performance Issue,EU,Site is very slow today,"The website takes over 30 seconds to load the cart, and sometimes throws a 502 Bad Gateway.",-0.52
ZD-962035,2026-08-06T01:00:00,Performance Issue,EU,Cannot complete purchase - 502 error,"The website takes over 30 seconds to load the cart, and sometimes throws a 502 Bad Gateway.",-0.77
ZD-223949,2026-08-06T02:00:00,Performance Issue,EU,Site is very slow today,"The website takes over 30 seconds to load the cart, and sometimes throws a 502 Bad Gateway.",-0.57
ZD-429862,2026-08-06T05:00:00,Performance Issue,EU,Cannot complete purchase - 502 error,"The website takes over 30 seconds to load the cart, and sometimes throws a 502 Bad Gateway.",-0.75
ZD-392608,2026-08-06T06:00:00,Order Tracking,EU,Issue with order tracking,Customer reported a problem regarding order tracking in EU.,0.02
ZD-581372,2026-08-06T09:00:00,Performance Issue,EU,Cannot complete purchase - 502 error,"The website takes over 30 seconds to load the cart, and sometimes throws a 502 Bad Gateway.",-0.48
ZD-895622,2026-08-06T12:00:00,Performance Issue,EU,Checkout spinner stuck on loading,"The website takes over 30 seconds to load the cart, and sometimes throws a 502 Bad Gateway.",-0.73
ZD-710203,2026-08-06T13:00:00,Performance Issue,EU,Site is very slow today,"The website takes over 30 seconds to load the cart, and sometimes throws a 502 Bad Gateway.",-0.41
ZD-484251,2026-08-06T14:00:00,Performance Issue,EU,Cannot complete purchase - 502 error,"The website takes over 30 seconds to load the cart, and sometimes throws a 502 Bad Gateway.",-0.6
ZD-664815,2026-08-06T18:00:00,Performance Issue,EU,Site is very slow today,"The website takes over 30 seconds to load the cart, and sometimes throws a 502 Bad Gateway.",-0.75
ZD-325212,2026-08-06T22:00:00,Billing Inquiry,GLOBAL,Issue with billing inquiry,Customer reported a problem regarding billing inquiry in GLOBAL.,-0.05
ZD-591019,2026-08-07T05:00:00,Performance Issue,EU,Cannot complete purchase - 502 error,"The website takes over 30 seconds to load the cart, and sometimes throws a 502 Bad Gateway.",-0.47
ZD-165153,2026-08-07T08:00:00,Performance Issue,EU,Checkout spinner stuck on loading,"The website takes over 30 seconds to load the cart, and sometimes throws a 502 Bad Gateway.",-0.43
ZD-808898,2026-08-07T13:00:00,API Integration,EMEA,Issue with api integration,Customer reported a problem regarding api integration in EMEA.,0.17
ZD-805277,2026-08-07T14:00:00,Performance Issue,EU,Site is very slow today,"The website takes over 30 seconds to load the cart, and sometimes throws a 502 Bad Gateway.",-0.52
ZD-719792,2026-08-07T14:00:00,General Support,NA,Issue with general support,Customer reported a problem regarding general support in NA.,-0.23
ZD-596006,2026-08-07T15:00:00,Checkout Error,NA,Issue with checkout error,Customer reported a problem regarding checkout error in NA.,-0.41
ZD-693765,2026-08-07T17:00:00,Performance Issue,EU,Checkout spinner stuck on loading,"The website takes over 30 seconds to load the cart, and sometimes throws a 502 Bad Gateway.",-0.58
ZD-515980,2026-08-07T19:00:00,Performance Issue,EU,Checkout spinner stuck on loading,"The website takes over 30 seconds to load the cart, and sometimes throws a 502 Bad Gateway.",-0.54
ZD-890700,2026-08-07T19:00:00,Performance Issue,EU,Checkout spinner stuck on loading,"The website takes over 30 seconds to load the cart, and sometimes throws a 502 Bad Gateway.",-0.69
ZD-368253,2026-08-07T19:00:00,Performance Issue,EU,Cannot complete purchase - 502 error,"The website takes over 30 seconds to load the cart, and sometimes throws a 502 Bad Gateway.",-0.43
ZD-461247,2026-08-07T22:00:00,Order Tracking,NA,Issue with order tracking,Customer reported a problem regarding order tracking in NA.,0.62
ZD-898995,2026-08-07T23:00:00,Performance Issue,EU,Site is very slow today,"The website takes over 30 seconds to load the cart, and sometimes throws a 502 Bad Gateway.",-0.73
ZD-788494,2026-08-08T00:00:00,API Integration,LATAM,Issue with api integration,Customer reported a problem regarding api integration in LATAM.,0.64
ZD-120712,2026-08-08T00:00:00,Performance Issue,EU,Cannot complete purchase - 502 error,"The website takes over 30 seconds to load the cart, and sometimes throws a 502 Bad Gateway.",-0.64
ZD-496063,2026-08-08T02:00:00,Performance Issue,EU,Checkout spinner stuck on loading,"The website takes over 30 seconds to load the cart, and sometimes throws a 502 Bad Gateway.",-0.4
ZD-464728,2026-08-08T03:00:00,Performance Issue,EU,Site is very slow today,"The website takes over 30 seconds to load the cart, and sometimes throws a 502 Bad Gateway.",-0.64
ZD-775321,2026-08-08T03:00:00,Checkout Error,EMEA,Issue with checkout error,Customer reported a problem regarding checkout error in EMEA.,0.08
ZD-434864,2026-08-08T05:00:00,Performance Issue,EU,Site is very slow today,"The website takes over 30 seconds to load the cart, and sometimes throws a 502 Bad Gateway.",-0.43
ZD-856537,2026-08-08T05:00:00,Performance Issue,EU,Checkout spinner stuck on loading,"The website takes over 30 seconds to load the cart, and sometimes throws a 502 Bad Gateway.",-0.71
ZD-701194,2026-08-08T06:00:00,Account Access,EU,Issue with account access,Customer reported a problem regarding account access in EU.,0.53
ZD-515079,2026-08-08T07:00:00,Performance Issue,EU,Site is very slow today,"The website takes over 30 seconds to load the cart, and sometimes throws a 502 Bad Gateway.",-0.75
ZD-791472,2026-08-08T08:00:00,Performance Issue,EU,Checkout spinner stuck on loading,"The website takes over 30 seconds to load the cart, and sometimes throws a 502 Bad Gateway.",-0.59
ZD-381652,2026-08-08T08:00:00,Performance Issue,EU,Site is very slow today,"The website takes over 30 seconds to load the cart, and sometimes throws a 502 Bad Gateway.",-0.76
ZD-787435,2026-08-08T09:00:00,Billing Inquiry,NA,Issue with billing inquiry,Customer reported a problem regarding billing inquiry in NA.,-0.33
ZD-767545,2026-08-08T09:00:00,Performance Issue,EU,Checkout spinner stuck on loading,"The website takes over 30 seconds to load the cart, and sometimes throws a 502 Bad Gateway.",-0.77
ZD-402343,2026-08-08T09:00:00,Performance Issue,EU,Checkout spinner stuck on loading,"The website takes over 30 seconds to load the cart, and sometimes throws a 502 Bad Gateway.",-0.44
ZD-543950,2026-08-08T10:00:00,Performance Issue,EU,Cannot complete purchase - 502 error,"The website takes over 30 seconds to load the cart, and sometimes throws a 502 Bad Gateway.",-0.42
ZD-906641,2026-08-08T11:00:00,Performance Issue,EU,Checkout spinner stuck on loading,"The website takes over 30 seconds to load the cart, and sometimes throws a 502 Bad Gateway.",-0.65
ZD-476325,2026-08-08T15:00:00,Performance Issue,EU,Cannot complete purchase - 502 error,"The website takes over 30 seconds to load the cart, and sometimes throws a 502 Bad Gateway.",-0.59
ZD-435942,2026-08-08T17:00:00,Performance Issue,EU,Cannot complete purchase - 502 error,"The website takes over 30 seconds to load the cart, and sometimes throws a 502 Bad Gateway.",-0.71
ZD-819719,2026-08-08T17:00:00,Performance Issue,EU,Checkout spinner stuck on loading,"The website takes over 30 seconds to load the cart, and sometimes throws a 502 Bad Gateway.",-0.55
ZD-578726,2026-08-08T18:00:00,Account Access,EMEA,Issue with account access,Customer reported a problem regarding account access in EMEA.,-0.49
ZD-441332,2026-08-08T20:00:00,Performance Issue,EU,Checkout spinner stuck on loading,"The website takes over 30 seconds to load the cart, and sometimes throws a 502 Bad Gateway.",-0.75
ZD-931737,2026-08-08T21:00:00,Performance Issue,EU,Issue with performance issue,Customer reported a problem regarding performance issue in EU.,0.57
ZD-650469,2026-08-08T22:00:00,General Support,NA,Issue with general support,Customer reported a problem regarding general support in NA.,0.64
ZD-788993,2026-08-08T22:00:00,Order Tracking,EMEA,Issue with order tracking,Customer reported a problem regarding order tracking in EMEA.,0.14
ZD-386038,2026-08-08T23:00:00,Performance Issue,EU,Site is very slow today,"The website takes over 30 seconds to load the cart, and sometimes throws a 502 Bad Gateway.",-0.68
ZD-679281,2026-08-09T00:00:00,Refund Request,APAC,Issue with refund request,Customer reported a problem regarding refund request in APAC.,-0.32
ZD-602836,2026-08-09T01:00:00,Performance Issue,EU,Site is very slow today,"The website takes over 30 seconds to load the cart, and sometimes throws a 502 Bad Gateway.",-0.46
ZD-381686,2026-08-09T03:00:00,Performance Issue,EU,Cannot complete purchase - 502 error,"The website takes over 30 seconds to load the cart, and sometimes throws a 502 Bad Gateway.",-0.7
ZD-223308,2026-08-09T03:00:00,Performance Issue,EU,Site is very slow today,"The website takes over 30 seconds to load the cart, and sometimes throws a 502 Bad Gateway.",-0.4
ZD-130400,2026-08-09T04:00:00,Performance Issue,EU,Checkout spinner stuck on loading,"The website takes over 30 seconds to load the cart, and sometimes throws a 502 Bad Gateway.",-0.53
ZD-616544,2026-08-09T04:00:00,Performance Issue,EU,Checkout spinner stuck on loading,"The website takes over 30 seconds to load the cart, and sometimes throws a 502 Bad Gateway.",-0.56
ZD-260917,2026-08-09T04:00:00,Performance Issue,EU,Checkout spinner stuck on loading,"The website takes over 30 seconds to load the cart, and sometimes throws a 502 Bad Gateway.",-0.71
ZD-214678,2026-08-09T04:00:00,Billing Inquiry,EMEA,Issue with billing inquiry,Customer reported a problem regarding billing inquiry in EMEA.,-0.09
ZD-572027,2026-08-09T06:00:00,Performance Issue,EU,Checkout spinner stuck on loading,"The website takes over 30 seconds to load the cart, and sometimes throws a 502 Bad Gateway.",-0.47
ZD-311842,2026-08-09T08:00:00,Performance Issue,LATAM,Issue with performance issue,Customer reported a problem regarding performance issue in LATAM.,-0.12
ZD-832209,2026-08-09T09:00:00,General Support,GLOBAL,Issue with general support,Customer reported a problem regarding general support in GLOBAL.,-0.19
ZD-464871,2026-08-09T11:00:00,Performance Issue,EU,Cannot complete purchase - 502 error,"The website takes over 30 seconds to load the cart, and sometimes throws a 502 Bad Gateway.",-0.76
ZD-893532,2026-08-09T15:00:00,Performance Issue,EU,Checkout spinner stuck on loading,"The website takes over 30 seconds to load the cart, and sometimes throws a 502 Bad Gateway.",-0.43
ZD-392088,2026-08-09T15:00:00,Performance Issue,GLOBAL,Issue with performance issue,Customer reported a problem regarding performance issue in GLOBAL.,0.44
ZD-420420,2026-08-09T16:00:00,Performance Issue,EU,Cannot complete purchase - 502 error,"The website takes over 30 seconds to load the cart, and sometimes throws a 502 Bad Gateway.",-0.72
ZD-285146,2026-08-09T16:00:00,Performance Issue,EU,Cannot complete purchase - 502 error,"The website takes over 30 seconds to load the cart, and sometimes throws a 502 Bad Gateway.",-0.75
ZD-998777,2026-08-09T16:00:00,Performance Issue,EU,Checkout spinner stuck on loading,"The website takes over 30 seconds to load the cart, and sometimes throws a 502 Bad Gateway.",-0.46
ZD-764915,2026-08-09T16:00:00,Payment Failure,EMEA,Issue with payment failure,Customer reported a problem regarding payment failure in EMEA.,0.15
ZD-575521,2026-08-09T17:00:00,Performance Issue,EU,Cannot complete purchase - 502 error,"The website takes over 30 seconds to load the cart, and sometimes throws a 502 Bad Gateway.",-0.53
ZD-193320,2026-08-09T19:00:00,Performance Issue,EU,Checkout spinner stuck on loading,"The website takes over 30 seconds to load the cart, and sometimes throws a 502 Bad Gateway.",-0.57
ZD-179231,2026-08-09T20:00:00,Refund Request,LATAM,Issue with refund request,Customer reported a problem regarding refund request in LATAM.,0.55
ZD-776114,2026-08-09T21:00:00,Billing Inquiry,GLOBAL,Issue with billing inquiry,Customer reported a problem regarding billing inquiry in GLOBAL.,0.23
ZD-561116,2026-08-09T22:00:00,Account Access,EMEA,Issue with account access,Customer reported a problem regarding account access in EMEA.,0.12
ZD-821672,2026-08-09T23:00:00,Performance Issue,EU,Checkout spinner stuck on loading,"The website takes over 30 seconds to load the cart, and sometimes throws a 502 Bad Gateway.",-0.6
ZD-561194,2026-08-10T02:00:00,Billing Inquiry,GLOBAL,Issue with billing inquiry,Customer reported a problem regarding billing inquiry in GLOBAL.,0.6
ZD-329349,2026-08-10T03:00:00,Performance Issue,EU,Site is very slow today,"The website takes over 30 seconds to load the cart, and sometimes throws a 502 Bad Gateway.",-0.71
ZD-950878,2026-08-10T03:00:00,Mobile App Bug,EMEA,Issue with mobile app bug,Customer reported a problem regarding mobile app bug in EMEA.,0.3
ZD-493677,2026-08-10T03:00:00,Mobile App Bug,GLOBAL,Issue with mobile app bug,Customer reported a problem regarding mobile app bug in GLOBAL.,0.37
ZD-558552,2026-08-10T04:00:00,Performance Issue,EU,Site is very slow today,"The website takes over 30 seconds to load the cart, and sometimes throws a 502 Bad Gateway.",-0.47
ZD-527012,2026-08-10T05:00:00,Performance Issue,EU,Site is very slow today,"The website takes over 30 seconds to load the cart, and sometimes throws a 502 Bad Gateway.",-0.67
ZD-650945,2026-08-10T05:00:00,Performance Issue,EU,Cannot complete purchase - 502 error,"The website takes over 30 seconds to load the cart, and sometimes throws a 502 Bad Gateway.",-0.63
ZD-303440,2026-08-10T05:00:00,Checkout Error,NA,Issue with checkout error,Customer reported a problem regarding checkout error in NA.,0.25
ZD-696073,2026-08-10T06:00:00,Performance Issue,EU,Cannot complete purchase - 502 error,"The website takes over 30 seconds to load the cart, and sometimes throws a 502 Bad Gateway.",-0.65
ZD-164628,2026-08-10T06:00:00,Performance Issue,EU,Site is very slow today,"The website takes over 30 seconds to load the cart, and sometimes throws a 502 Bad Gateway.",-0.44
ZD-709989,2026-08-10T07:00:00,Performance Issue,EU,Cannot complete purchase - 502 error,"The website takes over 30 seconds to load the cart, and sometimes throws a 502 Bad Gateway.",-0.43
ZD-816942,2026-08-10T07:00:00,Performance Issue,EU,Site is very slow today,"The website takes over 30 seconds to load the cart, and sometimes throws a 502 Bad Gateway.",-0.42
ZD-304141,2026-08-10T08:00:00,API Integration,EU,Issue with api integration,Customer reported a problem regarding api integration in EU.,-0.27
ZD-561007,2026-08-10T09:00:00,API Integration,NA,Issue with api integration,Customer reported a problem regarding api integration in NA.,-0.42
ZD-271451,2026-08-10T10:00:00,Performance Issue,EU,Checkout spinner stuck on loading,"The website takes over 30 seconds to load the cart, and sometimes throws a 502 Bad Gateway.",-0.54
ZD-298048,2026-08-10T11:00:00,Billing Inquiry,NA,Issue with billing inquiry,Customer reported a problem regarding billing inquiry in NA.,0.27
ZD-655415,2026-08-10T11:00:00,Performance Issue,EU,Site is very slow today,"The website takes over 30 seconds to load the cart, and sometimes throws a 502 Bad Gateway.",-0.58
ZD-789466,2026-08-10T13:00:00,Performance Issue,EU,Site is very slow today,"The website takes over 30 seconds to load the cart, and sometimes throws a 502 Bad Gateway.",-0.64
ZD-434550,2026-08-10T15:00:00,Mobile App Bug,APAC,Issue with mobile app bug,Customer reported a problem regarding mobile app bug in APAC.,-0.27
ZD-545492,2026-08-10T15:00:00,Performance Issue,EU,Cannot complete purchase - 502 error,"The website takes over 30 seconds to load the cart, and sometimes throws a 502 Bad Gateway.",-0.75
ZD-102719,2026-08-10T15:00:00,API Integration,APAC,Issue with api integration,Customer reported a problem regarding api integration in APAC.,0.44
ZD-285218,2026-08-10T16:00:00,Performance Issue,EU,Checkout spinner stuck on loading,"The website takes over 30 seconds to load the cart, and sometimes throws a 502 Bad Gateway.",-0.61
ZD-500702,2026-08-10T16:00:00,Performance Issue,EU,Cannot complete purchase - 502 error,"The website takes over 30 seconds to load the cart, and sometimes throws a 502 Bad Gateway.",-0.47
ZD-395392,2026-08-10T17:00:00,API Integration,LATAM,Issue with api integration,Customer reported a problem regarding api integration in LATAM.,-0.27
ZD-313626,2026-08-10T17:00:00,Performance Issue,EU,Checkout spinner stuck on loading,"The website takes over 30 seconds to load the cart, and sometimes throws a 502 Bad Gateway.",-0.7
ZD-758340,2026-08-10T18:00:00,Performance Issue,EU,Cannot complete purchase - 502 error,"The website takes over 30 seconds to load the cart, and sometimes throws a 502 Bad Gateway.",-0.62
ZD-592347,2026-08-10T18:00:00,Refund Request,GLOBAL,Issue with refund request,Customer reported a problem regarding refund request in GLOBAL.,0.53
ZD-110483,2026-08-10T18:00:00,Performance Issue,EU,Cannot complete purchase - 502 error,"The website takes over 30 seconds to load the cart, and sometimes throws a 502 Bad Gateway.",-0.75
ZD-842232,2026-08-10T18:00:00,Performance Issue,EU,Site is very slow today,"The website takes over 30 seconds to load the cart, and sometimes throws a 502 Bad Gateway.",-0.4
ZD-967821,2026-08-10T19:00:00,Performance Issue,EU,Checkout spinner stuck on loading,"The website takes over 30 seconds to load the cart, and sometimes throws a 502 Bad Gateway.",-0.74
ZD-119560,2026-08-10T19:00:00,Performance Issue,EU,Cannot complete purchase - 502 error,"The website takes over 30 seconds to load the cart, and sometimes throws a 502 Bad Gateway.",-0.57
ZD-760599,2026-08-10T20:00:00,Performance Issue,EU,Cannot complete purchase - 502 error,"The website takes over 30 seconds to load the cart, and sometimes throws a 502 Bad Gateway.",-0.64
ZD-864486,2026-08-10T20:00:00,Performance Issue,EU,Cannot complete purchase - 502 error,"The website takes over 30 seconds to load the cart, and sometimes throws a 502 Bad Gateway.",-0.74
ZD-854235,2026-08-10T20:00:00,Performance Issue,NA,Issue with performance issue,Customer reported a problem regarding performance issue in NA.,-0.35
ZD-778609,2026-08-10T20:00:00,Refund Request,EU,Issue with refund request,Customer reported a problem regarding refund request in EU.,-0.28
ZD-637448,2026-08-10T21:00:00,Performance Issue,EU,Checkout spinner stuck on loading,"The website takes over 30 seconds to load the cart, and sometimes throws a 502 Bad Gateway.",-0.44
ZD-247904,2026-08-10T22:00:00,Performance Issue,EU,Checkout spinner stuck on loading,"The website takes over 30 seconds to load the cart, and sometimes throws a 502 Bad Gateway.",-0.65
ZD-265552,2026-08-10T23:00:00,Performance Issue,EU,Checkout spinner stuck on loading,"The website takes over 30 seconds to load the cart, and sometimes throws a 502 Bad Gateway.",-0.53
ZD-296177,2026-08-10T23:00:00,Performance Issue,EU,Cannot complete purchase - 502 error,"The website takes over 30 seconds to load the cart, and sometimes throws a 502 Bad Gateway.",-0.68
ZD-775307,2026-08-11T01:00:00,Performance Issue,EU,Cannot complete purchase - 502 error,"The website takes over 30 seconds to load the cart, and sometimes throws a 502 Bad Gateway.",-0.69
ZD-332366,2026-08-11T01:00:00,Billing Inquiry,NA,Issue with billing inquiry,Customer reported a problem regarding billing inquiry in NA.,-0.07
ZD-780364,2026-08-11T02:00:00,Performance Issue,EU,Cannot complete purchase - 502 error,"The website takes over 30 seconds to load the cart, and sometimes throws a 502 Bad Gateway.",-0.63
ZD-972691,2026-08-11T06:00:00,Performance Issue,EU,Site is very slow today,"The website takes over 30 seconds to load the cart, and sometimes throws a 502 Bad Gateway.",-0.79
ZD-853460,2026-08-11T07:00:00,Performance Issue,EU,Site is very slow today,"The website takes over 30 seconds to load the cart, and sometimes throws a 502 Bad Gateway.",-0.41
ZD-185909,2026-08-11T09:00:00,Performance Issue,EU,Checkout spinner stuck on loading,"The website takes over 30 seconds to load the cart, and sometimes throws a 502 Bad Gateway.",-0.58
ZD-302348,2026-08-11T10:00:00,Order Tracking,EMEA,Issue with order tracking,Customer reported a problem regarding order tracking in EMEA.,-0.38
ZD-549209,2026-08-11T13:00:00,Performance Issue,EU,Site is very slow today,"The website takes over 30 seconds to load the cart, and sometimes throws a 502 Bad Gateway.",-0.79
ZD-751700,2026-08-11T13:00:00,Performance Issue,EU,Cannot complete purchase - 502 error,"The website takes over 30 seconds to load the cart, and sometimes throws a 502 Bad Gateway.",-0.42
ZD-763100,2026-08-11T14:00:00,Performance Issue,EU,Site is very slow today,"The website takes over 30 seconds to load the cart, and sometimes throws a 502 Bad Gateway.",-0.51
ZD-732803,2026-08-11T14:00:00,Performance Issue,EU,Site is very slow today,"The website takes over 30 seconds to load the cart, and sometimes throws a 502 Bad Gateway.",-0.59
ZD-403348,2026-08-11T14:00:00,Refund Request,GLOBAL,Issue with refund request,Customer reported a problem regarding refund request in GLOBAL.,0.14
ZD-221122,2026-08-11T15:00:00,Performance Issue,EU,Site is very slow today,"The website takes over 30 seconds to load the cart, and sometimes throws a 502 Bad Gateway.",-0.47
ZD-962906,2026-08-11T17:00:00,General Support,EU,Issue with general support,Customer reported a problem regarding general support in EU.,0.03
ZD-779136,2026-08-11T19:00:00,Performance Issue,EU,Cannot complete purchase - 502 error,"The website takes over 30 seconds to load the cart, and sometimes throws a 502 Bad Gateway.",-0.61
ZD-506767,2026-08-11T20:00:00,Payment Failure,EU,Issue with payment failure,Customer reported a problem regarding payment failure in EU.,0.12
ZD-950430,2026-08-12T01:00:00,Performance Issue,EU,Site is very slow today,"The website takes over 30 seconds to load the cart, and sometimes throws a 502 Bad Gateway.",-0.6
ZD-257117,2026-08-12T02:00:00,Performance Issue,EU,Cannot complete purchase - 502 error,"The website takes over 30 seconds to load the cart, and sometimes throws a 502 Bad Gateway.",-0.77
ZD-854889,2026-08-12T02:00:00,Performance Issue,EU,Site is very slow today,"The website takes over 30 seconds to load the cart, and sometimes throws a 502 Bad Gateway.",-0.58
ZD-833030,2026-08-12T03:00:00,Performance Issue,EU,Issue with performance issue,Customer reported a problem regarding performance issue in EU.,-0.31
ZD-433015,2026-08-12T04:00:00,Account Access,NA,Issue with account access,Customer reported a problem regarding account access in NA.,0.77
ZD-139561,2026-08-12T04:00:00,Performance Issue,EU,Site is very slow today,"The website takes over 30 seconds to load the cart, and sometimes throws a 502 Bad Gateway.",-0.58
ZD-200056,2026-08-12T05:00:00,Performance Issue,EU,Cannot complete purchase - 502 error,"The website takes over 30 seconds to load the cart, and sometimes throws a 502 Bad Gateway.",-0.78
ZD-630791,2026-08-12T06:00:00,Performance Issue,EU,Checkout spinner stuck on loading,"The website takes over 30 seconds to load the cart, and sometimes throws a 502 Bad Gateway.",-0.48
ZD-801828,2026-08-12T08:00:00,Performance Issue,EU,Checkout spinner stuck on loading,"The website takes over 30 seconds to load the cart, and sometimes throws a 502 Bad Gateway.",-0.55
ZD-791832,2026-08-12T09:00:00,Performance Issue,EU,Site is very slow today,"The website takes over 30 seconds to load the cart, and sometimes throws a 502 Bad Gateway.",-0.42
ZD-186063,2026-08-12T09:00:00,Performance Issue,EU,Checkout spinner stuck on loading,"The website takes over 30 seconds to load the cart, and sometimes throws a 502 Bad Gateway.",-0.69
ZD-518106,2026-08-12T09:00:00,Payment Failure,NA,Issue with payment failure,Customer reported a problem regarding payment failure in NA.,-0.03
ZD-765344,2026-08-12T10:00:00,Mobile App Bug,NA,Issue with mobile app bug,Customer reported a problem regarding mobile app bug in NA.,-0.46
ZD-458198,2026-08-12T12:00:00,Performance Issue,EU,Checkout spinner stuck on loading,"The website takes over 30 seconds to load the cart, and sometimes throws a 502 Bad Gateway.",-0.49
ZD-113118,2026-08-12T13:00:00,Account Access,APAC,Issue with account access,Customer reported a problem regarding account access in APAC.,0.49
ZD-577105,2026-08-12T13:00:00,Account Access,EU,Issue with account access,Customer reported a problem regarding account access in EU.,-0.29
ZD-639463,2026-08-12T14:00:00,Checkout Error,APAC,Issue with checkout error,Customer reported a problem regarding checkout error in APAC.,0.36
ZD-248728,2026-08-12T15:00:00,Performance Issue,APAC,Issue with performance issue,Customer reported a problem regarding performance issue in APAC.,0.16
ZD-432401,2026-08-12T18:00:00,Performance Issue,EU,Site is very slow today,"The website takes over 30 seconds to load the cart, and sometimes throws a 502 Bad Gateway.",-0.74
ZD-499504,2026-08-12T20:00:00,Performance Issue,EU,Cannot complete purchase - 502 error,"The website takes over 30 seconds to load the cart, and sometimes throws a 502 Bad Gateway.",-0.63
ZD-329351,2026-08-12T20:00:00,Performance Issue,EU,Cannot complete purchase - 502 error,"The website takes over 30 seconds to load the cart, and sometimes throws a 502 Bad Gateway.",-0.62
ZD-936822,2026-08-12T20:00:00,Performance Issue,EU,Cannot complete purchase - 502 error,"The website takes over 30 seconds to load the cart, and sometimes throws a 502 Bad Gateway.",-0.55
ZD-698251,2026-08-12T21:00:00,Checkout Error,NA,Issue with checkout error,Customer reported a problem regarding checkout error in NA.,-0.19
ZD-924436,2026-08-13T02:00:00,Performance Issue,EU,Cannot complete purchase - 502 error,"The website takes over 30 seconds to load the cart, and sometimes throws a 502 Bad Gateway.",-0.63
ZD-331252,2026-08-13T03:00:00,Performance Issue,EU,Site is very slow today,"The website takes over 30 seconds to load the cart, and sometimes throws a 502 Bad Gateway.",-0.62
ZD-386257,2026-08-13T04:00:00,Performance Issue,EU,Cannot complete purchase - 502 error,"The website takes over 30 seconds to load the cart, and sometimes throws a 502 Bad Gateway.",-0.43
ZD-431367,2026-08-13T05:00:00,Performance Issue,EU,Cannot complete purchase - 502 error,"The website takes over 30 seconds to load the cart, and sometimes throws a 502 Bad Gateway.",-0.65
ZD-943632,2026-08-13T08:00:00,Performance Issue,EU,Site is very slow today,"The website takes over 30 seconds to load the cart, and sometimes throws a 502 Bad Gateway.",-0.48
ZD-266144,2026-08-13T09:00:00,Performance Issue,EU,Site is very slow today,"The website takes over 30 seconds to load the cart, and sometimes throws a 502 Bad Gateway.",-0.61
ZD-266440,2026-08-13T09:00:00,Performance Issue,EU,Site is very slow today,"The website takes over 30 seconds to load the cart, and sometimes throws a 502 Bad Gateway.",-0.73
ZD-856522,2026-08-13T12:00:00,Performance Issue,LATAM,Issue with performance issue,Customer reported a problem regarding performance issue in LATAM.,0.41
ZD-403256,2026-08-13T17:00:00,Performance Issue,EU,Checkout spinner stuck on loading,"The website takes over 30 seconds to load the cart, and sometimes throws a 502 Bad Gateway.",-0.69
ZD-689413,2026-08-13T17:00:00,Checkout Error,LATAM,Issue with checkout error,Customer reported a problem regarding checkout error in LATAM.,0.5
ZD-351138,2026-08-13T18:00:00,Performance Issue,EU,Site is very slow today,"The website takes over 30 seconds to load the cart, and sometimes throws a 502 Bad Gateway.",-0.41
ZD-714222,2026-08-14T02:00:00,Payment Failure,APAC,Payment declined after entering OTP,User tried to pay multiple times but gets stuck at the OTP screen or receives a decline error.,-0.92
ZD-588671,2026-08-14T02:00:00,Payment Failure,APAC,3DS verification failed repeatedly,User tried to pay multiple times but gets stuck at the OTP screen or receives a decline error.,-0.65
ZD-738965,2026-08-14T03:00:00,Payment Failure,APAC,Card rejected at checkout,User tried to pay multiple times but gets stuck at the OTP screen or receives a decline error.,-0.95
ZD-800877,2026-08-14T03:00:00,Order Tracking,GLOBAL,Issue with order tracking,Customer reported a problem regarding order tracking in GLOBAL.,0.39
ZD-659434,2026-08-14T04:00:00,Payment Failure,APAC,3DS verification failed repeatedly,User tried to pay multiple times but gets stuck at the OTP screen or receives a decline error.,-0.74
ZD-571658,2026-08-14T04:00:00,Payment Failure,APAC,Card rejected at checkout,User tried to pay multiple times but gets stuck at the OTP screen or receives a decline error.,-0.62
ZD-351343,2026-08-14T04:00:00,Payment Failure,APAC,Card rejected at checkout,User tried to pay multiple times but gets stuck at the OTP screen or receives a decline error.,-0.63
ZD-335951,2026-08-14T05:00:00,Account Access,NA,Issue with account access,Customer reported a problem regarding account access in NA.,0.54
ZD-558106,2026-08-14T06:00:00,General Support,NA,Issue with general support,Customer reported a problem regarding general support in NA.,0.03
ZD-960218,2026-08-14T07:00:00,Payment Failure,APAC,Card rejected at checkout,User tried to pay multiple times but gets stuck at the OTP screen or receives a decline error.,-0.92
ZD-953082,2026-08-14T09:00:00,API Integration,NA,Issue with api integration,Customer reported a problem regarding api integration in NA.,0.64
ZD-940845,2026-08-14T09:00:00,Payment Failure,APAC,3DS verification failed repeatedly,User tried to pay multiple times but gets stuck at the OTP screen or receives a decline error.,-0.92
ZD-895759,2026-08-14T09:00:00,Payment Failure,APAC,3DS verification failed repeatedly,User tried to pay multiple times but gets stuck at the OTP screen or receives a decline error.,-0.86
ZD-893031,2026-08-14T10:00:00,General Support,NA,Issue with general support,Customer reported a problem regarding general support in NA.,-0.38
ZD-347578,2026-08-14T10:00:00,Refund Request,LATAM,Issue with refund request,Customer reported a problem regarding refund request in LATAM.,-0.32
ZD-563782,2026-08-14T10:00:00,Payment Failure,APAC,Card rejected at checkout,User tried to pay multiple times but gets stuck at the OTP screen or receives a decline error.,-0.66
ZD-369247,2026-08-14T10:00:00,Payment Failure,APAC,Card rejected at checkout,User tried to pay multiple times but gets stuck at the OTP screen or receives a decline error.,-0.83
ZD-562544,2026-08-14T10:00:00,Payment Failure,APAC,Payment declined after entering OTP,User tried to pay multiple times but gets stuck at the OTP screen or receives a decline error.,-0.61
ZD-574500,2026-08-14T10:00:00,Payment Failure,APAC,Payment declined after entering OTP,User tried to pay multiple times but gets stuck at the OTP screen or receives a decline error.,-0.81
ZD-875275,2026-08-14T12:00:00,Payment Failure,APAC,Card rejected at checkout,User tried to pay multiple times but gets stuck at the OTP screen or receives a decline error.,-0.72
ZD-619124,2026-08-14T12:00:00,API Integration,APAC,Issue with api integration,Customer reported a problem regarding api integration in APAC.,0.55
ZD-391091,2026-08-14T12:00:00,Payment Failure,EU,Issue with payment failure,Customer reported a problem regarding payment failure in EU.,0.2
ZD-968443,2026-08-14T13:00:00,Payment Failure,APAC,Payment declined after entering OTP,User tried to pay multiple times but gets stuck at the OTP screen or receives a decline error.,-0.65
ZD-922128,2026-08-14T13:00:00,Checkout Error,EU,Issue with checkout error,Customer reported a problem regarding checkout error in EU.,0.53
ZD-271222,2026-08-14T14:00:00,Payment Failure,APAC,3DS verification failed repeatedly,User tried to pay multiple times but gets stuck at the OTP screen or receives a decline error.,-0.72
ZD-878820,2026-08-14T14:00:00,Performance Issue,NA,Issue with performance issue,Customer reported a problem regarding performance issue in NA.,0.36
ZD-924877,2026-08-14T14:00:00,Payment Failure,APAC,Card rejected at checkout,User tried to pay multiple times but gets stuck at the OTP screen or receives a decline error.,-0.8
ZD-637574,2026-08-14T15:00:00,Payment Failure,APAC,Card rejected at checkout,User tried to pay multiple times but gets stuck at the OTP screen or receives a decline error.,-0.81
ZD-941481,2026-08-14T17:00:00,Payment Failure,APAC,3DS verification failed repeatedly,User tried to pay multiple times but gets stuck at the OTP screen or receives a decline error.,-0.67
ZD-503567,2026-08-14T17:00:00,Payment Failure,APAC,Payment declined after entering OTP,User tried to pay multiple times but gets stuck at the OTP screen or receives a decline error.,-0.69
ZD-826233,2026-08-14T17:00:00,Mobile App Bug,GLOBAL,Issue with mobile app bug,Customer reported a problem regarding mobile app bug in GLOBAL.,-0.2
ZD-767269,2026-08-14T19:00:00,Payment Failure,APAC,Payment declined after entering OTP,User tried to pay multiple times but gets stuck at the OTP screen or receives a decline error.,-0.77
ZD-940960,2026-08-14T19:00:00,Payment Failure,APAC,Payment declined after entering OTP,User tried to pay multiple times but gets stuck at the OTP screen or receives a decline error.,-0.9
ZD-829437,2026-08-14T19:00:00,Billing Inquiry,LATAM,Issue with billing inquiry,Customer reported a problem regarding billing inquiry in LATAM.,0.21
ZD-645896,2026-08-14T20:00:00,Payment Failure,APAC,Payment declined after entering OTP,User tried to pay multiple times but gets stuck at the OTP screen or receives a decline error.,-0.92
ZD-208677,2026-08-14T20:00:00,Account Access,APAC,Issue with account access,Customer reported a problem regarding account access in APAC.,0.01
ZD-507074,2026-08-14T21:00:00,Payment Failure,APAC,Card rejected at checkout,User tried to pay multiple times but gets stuck at the OTP screen or receives a decline error.,-0.8
ZD-940316,2026-08-14T21:00:00,Payment Failure,APAC,3DS verification failed repeatedly,User tried to pay multiple times but gets stuck at the OTP screen or receives a decline error.,-0.77
ZD-121910,2026-08-14T23:00:00,Payment Failure,APAC,3DS verification failed repeatedly,User tried to pay multiple times but gets stuck at the OTP screen or receives a decline error.,-0.64
ZD-177900,2026-08-14T23:00:00,Payment Failure,APAC,Card rejected at checkout,User tried to pay multiple times but gets stuck at the OTP screen or receives a decline error.,-0.82
ZD-428538,2026-08-15T00:00:00,Payment Failure,APAC,3DS verification failed repeatedly,User tried to pay multiple times but gets stuck at the OTP screen or receives a decline error.,-0.69
ZD-942741,2026-08-15T03:00:00,Payment Failure,APAC,3DS verification failed repeatedly,User tried to pay multiple times but gets stuck at the OTP screen or receives a decline error.,-0.68
ZD-967141,2026-08-15T03:00:00,Payment Failure,APAC,3DS verification failed repeatedly,User tried to pay multiple times but gets stuck at the OTP screen or receives a decline error.,-0.69
ZD-490581,2026-08-15T04:00:00,Payment Failure,APAC,Payment declined after entering OTP,User tried to pay multiple times but gets stuck at the OTP screen or receives a decline error.,-0.66
ZD-360747,2026-08-15T05:00:00,Payment Failure,APAC,Card rejected at checkout,User tried to pay multiple times but gets stuck at the OTP screen or receives a decline error.,-0.73
ZD-830940,2026-08-15T05:00:00,Payment Failure,APAC,Card rejected at checkout,User tried to pay multiple times but gets stuck at the OTP screen or receives a decline error.,-0.85
ZD-398488,2026-08-15T06:00:00,Refund Request,APAC,Issue with refund request,Customer reported a problem regarding refund request in APAC.,-0.13
ZD-289156,2026-08-15T07:00:00,Payment Failure,APAC,3DS verification failed repeatedly,User tried to pay multiple times but gets stuck at the OTP screen or receives a decline error.,-0.79
ZD-200651,2026-08-15T08:00:00,Payment Failure,APAC,Card rejected at checkout,User tried to pay multiple times but gets stuck at the OTP screen or receives a decline error.,-0.7
ZD-431185,2026-08-15T08:00:00,Payment Failure,APAC,3DS verification failed repeatedly,User tried to pay multiple times but gets stuck at the OTP screen or receives a decline error.,-0.72
ZD-188986,2026-08-15T08:00:00,Payment Failure,APAC,Card rejected at checkout,User tried to pay multiple times but gets stuck at the OTP screen or receives a decline error.,-0.77
ZD-949695,2026-08-15T09:00:00,Payment Failure,APAC,3DS verification failed repeatedly,User tried to pay multiple times but gets stuck at the OTP screen or receives a decline error.,-0.86
ZD-334409,2026-08-15T10:00:00,Account Access,EU,Issue with account access,Customer reported a problem regarding account access in EU.,0.74
ZD-959694,2026-08-15T11:00:00,Account Access,LATAM,Issue with account access,Customer reported a problem regarding account access in LATAM.,0.37
ZD-326871,2026-08-15T11:00:00,Mobile App Bug,EU,Issue with mobile app bug,Customer reported a problem regarding mobile app bug in EU.,-0.2
ZD-860125,2026-08-15T11:00:00,API Integration,GLOBAL,Issue with api integration,Customer reported a problem regarding api integration in GLOBAL.,-0.07
ZD-888992,2026-08-15T12:00:00,Payment Failure,APAC,Payment declined after entering OTP,User tried to pay multiple times but gets stuck at the OTP screen or receives a decline error.,-0.83
ZD-860969,2026-08-15T12:00:00,Payment Failure,APAC,3DS verification failed repeatedly,User tried to pay multiple times but gets stuck at the OTP screen or receives a decline error.,-0.69
ZD-451016,2026-08-15T13:00:00,Payment Failure,APAC,Payment declined after entering OTP,User tried to pay multiple times but gets stuck at the OTP screen or receives a decline error.,-0.61
ZD-289649,2026-08-15T14:00:00,Payment Failure,EU,Issue with payment failure,Customer reported a problem regarding payment failure in EU.,0.66
ZD-137339,2026-08-15T15:00:00,Payment Failure,APAC,Card rejected at checkout,User tried to pay multiple times but gets stuck at the OTP screen or receives a decline error.,-0.76
ZD-692431,2026-08-15T15:00:00,Payment Failure,APAC,Payment declined after entering OTP,User tried to pay multiple times but gets stuck at the OTP screen or receives a decline error.,-0.63
ZD-315969,2026-08-15T15:00:00,Order Tracking,NA,Issue with order tracking,Customer reported a problem regarding order tracking in NA.,-0.41
ZD-845378,2026-08-15T15:00:00,Payment Failure,APAC,3DS verification failed repeatedly,User tried to pay multiple times but gets stuck at the OTP screen or receives a decline error.,-0.68
ZD-934289,2026-08-15T16:00:00,Order Tracking,EMEA,Issue with order tracking,Customer reported a problem regarding order tracking in EMEA.,0.19
ZD-221149,2026-08-15T18:00:00,Payment Failure,APAC,Card rejected at checkout,User tried to pay multiple times but gets stuck at the OTP screen or receives a decline error.,-0.66
ZD-864108,2026-08-15T18:00:00,Payment Failure,APAC,Payment declined after entering OTP,User tried to pay multiple times but gets stuck at the OTP screen or receives a decline error.,-0.67
ZD-224055,2026-08-15T19:00:00,Payment Failure,APAC,3DS verification failed repeatedly,User tried to pay multiple times but gets stuck at the OTP screen or receives a decline error.,-0.71
ZD-280323,2026-08-15T20:00:00,Payment Failure,APAC,Card rejected at checkout,User tried to pay multiple times but gets stuck at the OTP screen or receives a decline error.,-0.66
ZD-321102,2026-08-15T21:00:00,Payment Failure,APAC,Card rejected at checkout,User tried to pay multiple times but gets stuck at the OTP screen or receives a decline error.,-0.89
ZD-403880,2026-08-16T00:00:00,Payment Failure,APAC,3DS verification failed repeatedly,User tried to pay multiple times but gets stuck at the OTP screen or receives a decline error.,-0.87
ZD-241420,2026-08-16T01:00:00,Payment Failure,APAC,Payment declined after entering OTP,User tried to pay multiple times but gets stuck at the OTP screen or receives a decline error.,-0.88
ZD-585760,2026-08-16T01:00:00,Payment Failure,APAC,Payment declined after entering OTP,User tried to pay multiple times but gets stuck at the OTP screen or receives a decline error.,-0.73
ZD-184838,2026-08-16T01:00:00,Payment Failure,APAC,Payment declined after entering OTP,User tried to pay multiple times but gets stuck at the OTP screen or receives a decline error.,-0.88
ZD-182370,2026-08-16T06:00:00,Payment Failure,APAC,Card rejected at checkout,User tried to pay multiple times but gets stuck at the OTP screen or receives a decline error.,-0.89
ZD-511993,2026-08-16T07:00:00,Payment Failure,APAC,3DS verification failed repeatedly,User tried to pay multiple times but gets stuck at the OTP screen or receives a decline error.,-0.63
ZD-407036,2026-08-16T07:00:00,Payment Failure,APAC,Payment declined after entering OTP,User tried to pay multiple times but gets stuck at the OTP screen or receives a decline error.,-0.89
ZD-231970,2026-08-16T08:00:00,Payment Failure,APAC,Payment declined after entering OTP,User tried to pay multiple times but gets stuck at the OTP screen or receives a decline error.,-0.71
ZD-794423,2026-08-16T09:00:00,Checkout Error,GLOBAL,Issue with checkout error,Customer reported a problem regarding checkout error in GLOBAL.,-0.14
ZD-337128,2026-08-16T09:00:00,Performance Issue,EU,Issue with performance issue,Customer reported a problem regarding performance issue in EU.,-0.15
ZD-649851,2026-08-16T09:00:00,Performance Issue,EMEA,Issue with performance issue,Customer reported a problem regarding performance issue in EMEA.,0.64
ZD-248708,2026-08-16T10:00:00,Account Access,NA,Issue with account access,Customer reported a problem regarding account access in NA.,-0.07
ZD-551214,2026-08-16T11:00:00,Payment Failure,APAC,Card rejected at checkout,User tried to pay multiple times but gets stuck at the OTP screen or receives a decline error.,-0.63
ZD-707805,2026-08-16T15:00:00,Payment Failure,APAC,Card rejected at checkout,User tried to pay multiple times but gets stuck at the OTP screen or receives a decline error.,-0.6
ZD-965338,2026-08-16T16:00:00,Payment Failure,APAC,Payment declined after entering OTP,User tried to pay multiple times but gets stuck at the OTP screen or receives a decline error.,-0.87
ZD-794517,2026-08-16T17:00:00,Payment Failure,APAC,3DS verification failed repeatedly,User tried to pay multiple times but gets stuck at the OTP screen or receives a decline error.,-0.88
ZD-983161,2026-08-16T17:00:00,Payment Failure,APAC,Card rejected at checkout,User tried to pay multiple times but gets stuck at the OTP screen or receives a decline error.,-0.65
ZD-856080,2026-08-16T21:00:00,Payment Failure,APAC,Payment declined after entering OTP,User tried to pay multiple times but gets stuck at the OTP screen or receives a decline error.,-0.82
ZD-469661,2026-08-16T23:00:00,Payment Failure,APAC,Payment declined after entering OTP,User tried to pay multiple times but gets stuck at the OTP screen or receives a decline error.,-0.89
ZD-229055,2026-08-17T01:00:00,Payment Failure,APAC,3DS verification failed repeatedly,User tried to pay multiple times but gets stuck at the OTP screen or receives a decline error.,-0.73
ZD-152218,2026-08-17T01:00:00,Payment Failure,APAC,3DS verification failed repeatedly,User tried to pay multiple times but gets stuck at the OTP screen or receives a decline error.,-0.69
ZD-338390,2026-08-17T01:00:00,Payment Failure,APAC,Card rejected at checkout,User tried to pay multiple times but gets stuck at the OTP screen or receives a decline error.,-0.76
ZD-447129,2026-08-17T05:00:00,Payment Failure,APAC,Card rejected at checkout,User tried to pay multiple times but gets stuck at the OTP screen or receives a decline error.,-0.77
ZD-409773,2026-08-17T05:00:00,Payment Failure,APAC,Card rejected at checkout,User tried to pay multiple times but gets stuck at the OTP screen or receives a decline error.,-0.65
ZD-359197,2026-08-17T06:00:00,Payment Failure,APAC,Card rejected at checkout,User tried to pay multiple times but gets stuck at the OTP screen or receives a decline error.,-0.69
ZD-298840,2026-08-17T07:00:00,Order Tracking,EU,Issue with order tracking,Customer reported a problem regarding order tracking in EU.,0.64
ZD-360166,2026-08-17T08:00:00,Checkout Error,GLOBAL,Issue with checkout error,Customer reported a problem regarding checkout error in GLOBAL.,0.54
ZD-547386,2026-08-17T08:00:00,Payment Failure,APAC,Card rejected at checkout,User tried to pay multiple times but gets stuck at the OTP screen or receives a decline error.,-0.69
ZD-209757,2026-08-17T09:00:00,Payment Failure,APAC,3DS verification failed repeatedly,User tried to pay multiple times but gets stuck at the OTP screen or receives a decline error.,-0.7
ZD-825239,2026-08-17T10:00:00,Refund Request,GLOBAL,Issue with refund request,Customer reported a problem regarding refund request in GLOBAL.,0.72
ZD-267951,2026-08-17T10:00:00,Payment Failure,APAC,Card rejected at checkout,User tried to pay multiple times but gets stuck at the OTP screen or receives a decline error.,-0.73
ZD-555310,2026-08-17T11:00:00,API Integration,APAC,Issue with api integration,Customer reported a problem regarding api integration in APAC.,-0.09
ZD-252421,2026-08-17T12:00:00,Payment Failure,APAC,Card rejected at checkout,User tried to pay multiple times but gets stuck at the OTP screen or receives a decline error.,-0.75
ZD-581208,2026-08-17T12:00:00,Performance Issue,APAC,Issue with performance issue,Customer reported a problem regarding performance issue in APAC.,0.19
ZD-131261,2026-08-17T13:00:00,Payment Failure,APAC,Card rejected at checkout,User tried to pay multiple times but gets stuck at the OTP screen or receives a decline error.,-0.68
ZD-592070,2026-08-17T14:00:00,Payment Failure,APAC,Payment declined after entering OTP,User tried to pay multiple times but gets stuck at the OTP screen or receives a decline error.,-0.77
ZD-638240,2026-08-17T14:00:00,Payment Failure,APAC,Card rejected at checkout,User tried to pay multiple times but gets stuck at the OTP screen or receives a decline error.,-0.62
ZD-227324,2026-08-17T15:00:00,Payment Failure,APAC,Payment declined after entering OTP,User tried to pay multiple times but gets stuck at the OTP screen or receives a decline error.,-0.75
ZD-414266,2026-08-17T15:00:00,Payment Failure,APAC,Card rejected at checkout,User tried to pay multiple times but gets stuck at the OTP screen or receives a decline error.,-0.86
ZD-737346,2026-08-17T16:00:00,Checkout Error,GLOBAL,Issue with checkout error,Customer reported a problem regarding checkout error in GLOBAL.,-0.41
ZD-711492,2026-08-17T16:00:00,Payment Failure,APAC,Card rejected at checkout,User tried to pay multiple times but gets stuck at the OTP screen or receives a decline error.,-0.61
ZD-668007,2026-08-17T17:00:00,Performance Issue,APAC,Issue with performance issue,Customer reported a problem regarding performance issue in APAC.,0.47
ZD-978164,2026-08-17T18:00:00,Performance Issue,GLOBAL,Issue with performance issue,Customer reported a problem regarding performance issue in GLOBAL.,0.52
ZD-296566,2026-08-17T18:00:00,API Integration,EU,Issue with api integration,Customer reported a problem regarding api integration in EU.,0.75
ZD-946644,2026-08-17T18:00:00,API Integration,NA,Issue with api integration,Customer reported a problem regarding api integration in NA.,0.55
ZD-788764,2026-08-17T19:00:00,Payment Failure,APAC,Payment declined after entering OTP,User tried to pay multiple times but gets stuck at the OTP screen or receives a decline error.,-0.88
ZD-332943,2026-08-17T19:00:00,Payment Failure,APAC,Payment declined after entering OTP,User tried to pay multiple times but gets stuck at the OTP screen or receives a decline error.,-0.67
ZD-122105,2026-08-17T20:00:00,Payment Failure,APAC,Payment declined after entering OTP,User tried to pay multiple times but gets stuck at the OTP screen or receives a decline error.,-0.6
ZD-406572,2026-08-17T22:00:00,Payment Failure,APAC,Payment declined after entering OTP,User tried to pay multiple times but gets stuck at the OTP screen or receives a decline error.,-0.6
ZD-556862,2026-08-17T23:00:00,Payment Failure,APAC,Card rejected at checkout,User tried to pay multiple times but gets stuck at the OTP screen or receives a decline error.,-0.75
ZD-184073,2026-08-17T23:00:00,Payment Failure,APAC,Card rejected at checkout,User tried to pay multiple times but gets stuck at the OTP screen or receives a decline error.,-0.84
ZD-325633,2026-08-17T23:00:00,Mobile App Bug,APAC,Issue with mobile app bug,Customer reported a problem regarding mobile app bug in APAC.,0.67
ZD-208743,2026-08-18T05:00:00,Performance Issue,LATAM,Issue with performance issue,Customer reported a problem regarding performance issue in LATAM.,0.05
ZD-720944,2026-08-18T05:00:00,Payment Failure,APAC,3DS verification failed repeatedly,User tried to pay multiple times but gets stuck at the OTP screen or receives a decline error.,-0.75
ZD-367715,2026-08-18T07:00:00,Payment Failure,APAC,Payment declined after entering OTP,User tried to pay multiple times but gets stuck at the OTP screen or receives a decline error.,-0.76
ZD-713762,2026-08-18T08:00:00,Payment Failure,APAC,Payment declined after entering OTP,User tried to pay multiple times but gets stuck at the OTP screen or receives a decline error.,-0.63
ZD-253746,2026-08-18T08:00:00,Payment Failure,GLOBAL,Issue with payment failure,Customer reported a problem regarding payment failure in GLOBAL.,0.64
ZD-735780,2026-08-18T09:00:00,Billing Inquiry,APAC,Issue with billing inquiry,Customer reported a problem regarding billing inquiry in APAC.,0.42
ZD-641167,2026-08-18T09:00:00,Account Access,LATAM,Issue with account access,Customer reported a problem regarding account access in LATAM.,-0.43
ZD-795972,2026-08-18T11:00:00,Payment Failure,APAC,Card rejected at checkout,User tried to pay multiple times but gets stuck at the OTP screen or receives a decline error.,-0.69
ZD-934962,2026-08-18T14:00:00,Payment Failure,APAC,Card rejected at checkout,User tried to pay multiple times but gets stuck at the OTP screen or receives a decline error.,-0.81
ZD-318384,2026-08-18T16:00:00,Payment Failure,APAC,Payment declined after entering OTP,User tried to pay multiple times but gets stuck at the OTP screen or receives a decline error.,-0.78
ZD-588267,2026-08-18T17:00:00,Account Access,APAC,Issue with account access,Customer reported a problem regarding account access in APAC.,-0.3
ZD-456644,2026-08-18T20:00:00,Payment Failure,APAC,Payment declined after entering OTP,User tried to pay multiple times but gets stuck at the OTP screen or receives a decline error.,-0.8
ZD-185226,2026-08-18T20:00:00,Payment Failure,APAC,Payment declined after entering OTP,User tried to pay multiple times but gets stuck at the OTP screen or receives a decline error.,-0.83
ZD-800724,2026-08-18T22:00:00,Payment Failure,APAC,3DS verification failed repeatedly,User tried to pay multiple times but gets stuck at the OTP screen or receives a decline error.,-0.64
ZD-842106,2026-08-18T22:00:00,General Support,GLOBAL,Issue with general support,Customer reported a problem regarding general support in GLOBAL.,-0.1
ZD-957727,2026-08-19T01:00:00,General Support,EU,Issue with general support,Customer reported a problem regarding general support in EU.,0.47
ZD-124492,2026-08-19T01:00:00,General Support,NA,Issue with general support,Customer reported a problem regarding general support in NA.,-0.43
ZD-760590,2026-08-19T03:00:00,Payment Failure,APAC,3DS verification failed repeatedly,User tried to pay multiple times but gets stuck at the OTP screen or receives a decline error.,-0.78
ZD-183477,2026-08-19T07:00:00,Payment Failure,APAC,3DS verification failed repeatedly,User tried to pay multiple times but gets stuck at the OTP screen or receives a decline error.,-0.91
ZD-601027,2026-08-19T08:00:00,Payment Failure,APAC,Payment declined after entering OTP,User tried to pay multiple times but gets stuck at the OTP screen or receives a decline error.,-0.69
ZD-772937,2026-08-19T11:00:00,Payment Failure,APAC,Card rejected at checkout,User tried to pay multiple times but gets stuck at the OTP screen or receives a decline error.,-0.82
ZD-518213,2026-08-19T15:00:00,Payment Failure,APAC,Card rejected at checkout,User tried to pay multiple times but gets stuck at the OTP screen or receives a decline error.,-0.69
ZD-404638,2026-08-19T15:00:00,Payment Failure,APAC,Card rejected at checkout,User tried to pay multiple times but gets stuck at the OTP screen or receives a decline error.,-0.87
ZD-679627,2026-08-19T20:00:00,Payment Failure,APAC,Issue with payment failure,Customer reported a problem regarding payment failure in APAC.,0.73
ZD-381556,2026-08-19T20:00:00,Payment Failure,APAC,Payment declined after entering OTP,User tried to pay multiple times but gets stuck at the OTP screen or receives a decline error.,-0.92
ZD-942556,2026-08-20T00:00:00,Payment Failure,APAC,Card rejected at checkout,User tried to pay multiple times but gets stuck at the OTP screen or receives a decline error.,-0.93
ZD-868194,2026-08-20T00:00:00,Order Tracking,LATAM,Issue with order tracking,Customer reported a problem regarding order tracking in LATAM.,0.66
ZD-745485,2026-08-20T02:00:00,Payment Failure,APAC,Payment declined after entering OTP,User tried to pay multiple times but gets stuck at the OTP screen or receives a decline error.,-0.93
ZD-215177,2026-08-20T02:00:00,Performance Issue,EMEA,Issue with performance issue,Customer reported a problem regarding performance issue in EMEA.,-0.44
ZD-348725,2026-08-20T03:00:00,Mobile App Bug,LATAM,Issue with mobile app bug,Customer reported a problem regarding mobile app bug in LATAM.,0.31
ZD-866494,2026-08-20T03:00:00,Payment Failure,APAC,3DS verification failed repeatedly,User tried to pay multiple times but gets stuck at the OTP screen or receives a decline error.,-0.92
ZD-725472,2026-08-20T03:00:00,Payment Failure,APAC,Payment declined after entering OTP,User tried to pay multiple times but gets stuck at the OTP screen or receives a decline error.,-0.86
ZD-915834,2026-08-20T04:00:00,Checkout Error,GLOBAL,Issue with checkout error,Customer reported a problem regarding checkout error in GLOBAL.,0.54
ZD-215643,2026-08-20T05:00:00,Payment Failure,APAC,3DS verification failed repeatedly,User tried to pay multiple times but gets stuck at the OTP screen or receives a decline error.,-0.69
ZD-812217,2026-08-20T07:00:00,Performance Issue,APAC,Issue with performance issue,Customer reported a problem regarding performance issue in APAC.,-0.5
ZD-534009,2026-08-20T08:00:00,Order Tracking,LATAM,Issue with order tracking,Customer reported a problem regarding order tracking in LATAM.,0.32
ZD-184060,2026-08-20T08:00:00,Payment Failure,APAC,Payment declined after entering OTP,User tried to pay multiple times but gets stuck at the OTP screen or receives a decline error.,-0.87
ZD-947236,2026-08-20T09:00:00,Payment Failure,APAC,3DS verification failed repeatedly,User tried to pay multiple times but gets stuck at the OTP screen or receives a decline error.,-0.89
ZD-652151,2026-08-20T09:00:00,Performance Issue,LATAM,Issue with performance issue,Customer reported a problem regarding performance issue in LATAM.,0.08
ZD-158986,2026-08-20T10:00:00,Payment Failure,APAC,Card rejected at checkout,User tried to pay multiple times but gets stuck at the OTP screen or receives a decline error.,-0.92
ZD-742066,2026-08-20T10:00:00,Payment Failure,APAC,Card rejected at checkout,User tried to pay multiple times but gets stuck at the OTP screen or receives a decline error.,-0.64
ZD-507213,2026-08-20T12:00:00,Payment Failure,APAC,Payment declined after entering OTP,User tried to pay multiple times but gets stuck at the OTP screen or receives a decline error.,-0.86
ZD-123483,2026-08-20T12:00:00,Payment Failure,APAC,Payment declined after entering OTP,User tried to pay multiple times but gets stuck at the OTP screen or receives a decline error.,-0.72
ZD-269075,2026-08-20T13:00:00,Payment Failure,APAC,3DS verification failed repeatedly,User tried to pay multiple times but gets stuck at the OTP screen or receives a decline error.,-0.69
ZD-759207,2026-08-20T13:00:00,Payment Failure,APAC,Card rejected at checkout,User tried to pay multiple times but gets stuck at the OTP screen or receives a decline error.,-0.91
ZD-341533,2026-08-20T18:00:00,Payment Failure,APAC,Payment declined after entering OTP,User tried to pay multiple times but gets stuck at the OTP screen or receives a decline error.,-0.66
ZD-920753,2026-08-20T18:00:00,Payment Failure,APAC,Payment declined after entering OTP,User tried to pay multiple times but gets stuck at the OTP screen or receives a decline error.,-0.72
ZD-901580,2026-08-20T21:00:00,Payment Failure,APAC,Card rejected at checkout,User tried to pay multiple times but gets stuck at the OTP screen or receives a decline error.,-0.79
ZD-549778,2026-08-20T23:00:00,Payment Failure,APAC,3DS verification failed repeatedly,User tried to pay multiple times but gets stuck at the OTP screen or receives a decline error.,-0.87
ZD-184758,2026-08-21T00:00:00,Billing Inquiry,EMEA,Issue with billing inquiry,Customer reported a problem regarding billing inquiry in EMEA.,0.31
ZD-892203,2026-08-21T01:00:00,Account Access,EU,Issue with account access,Customer reported a problem regarding account access in EU.,0.1
ZD-926412,2026-08-21T03:00:00,Payment Failure,APAC,3DS verification failed repeatedly,User tried to pay multiple times but gets stuck at the OTP screen or receives a decline error.,-0.84
ZD-972543,2026-08-21T04:00:00,Refund Request,EU,Issue with refund request,Customer reported a problem regarding refund request in EU.,0.63
ZD-693539,2026-08-21T04:00:00,Billing Inquiry,EU,Issue with billing inquiry,Customer reported a problem regarding billing inquiry in EU.,-0.16
ZD-231737,2026-08-21T05:00:00,Payment Failure,APAC,Payment declined after entering OTP,User tried to pay multiple times but gets stuck at the OTP screen or receives a decline error.,-0.94
ZD-495172,2026-08-21T06:00:00,Checkout Error,NA,Issue with checkout error,Customer reported a problem regarding checkout error in NA.,-0.18
ZD-910195,2026-08-21T06:00:00,Payment Failure,APAC,3DS verification failed repeatedly,User tried to pay multiple times but gets stuck at the OTP screen or receives a decline error.,-0.69
ZD-101195,2026-08-21T06:00:00,Payment Failure,APAC,Payment declined after entering OTP,User tried to pay multiple times but gets stuck at the OTP screen or receives a decline error.,-0.64
ZD-516605,2026-08-21T07:00:00,General Support,LATAM,Issue with general support,Customer reported a problem regarding general support in LATAM.,-0.03
ZD-666246,2026-08-21T07:00:00,Account Access,GLOBAL,Issue with account access,Customer reported a problem regarding account access in GLOBAL.,-0.09
ZD-264614,2026-08-21T08:00:00,Payment Failure,APAC,Payment declined after entering OTP,User tried to pay multiple times but gets stuck at the OTP screen or receives a decline error.,-0.68
ZD-827607,2026-08-21T08:00:00,Payment Failure,APAC,3DS verification failed repeatedly,User tried to pay multiple times but gets stuck at the OTP screen or receives a decline error.,-0.78
ZD-246217,2026-08-21T09:00:00,Payment Failure,APAC,Payment declined after entering OTP,User tried to pay multiple times but gets stuck at the OTP screen or receives a decline error.,-0.77
ZD-113395,2026-08-21T09:00:00,Checkout Error,LATAM,Issue with checkout error,Customer reported a problem regarding checkout error in LATAM.,-0.05
ZD-706872,2026-08-21T09:00:00,API Integration,LATAM,Issue with api integration,Customer reported a problem regarding api integration in LATAM.,-0.21
ZD-670196,2026-08-21T11:00:00,Payment Failure,APAC,Payment declined after entering OTP,User tried to pay multiple times but gets stuck at the OTP screen or receives a decline error.,-0.77
ZD-778842,2026-08-21T14:00:00,Payment Failure,APAC,Payment declined after entering OTP,User tried to pay multiple times but gets stuck at the OTP screen or receives a decline error.,-0.87
ZD-104106,2026-08-21T14:00:00,Payment Failure,APAC,3DS verification failed repeatedly,User tried to pay multiple times but gets stuck at the OTP screen or receives a decline error.,-0.77
ZD-287879,2026-08-21T15:00:00,Payment Failure,APAC,3DS verification failed repeatedly,User tried to pay multiple times but gets stuck at the OTP screen or receives a decline error.,-0.67
ZD-283715,2026-08-21T17:00:00,Payment Failure,APAC,Payment declined after entering OTP,User tried to pay multiple times but gets stuck at the OTP screen or receives a decline error.,-0.68
ZD-808938,2026-08-21T17:00:00,Payment Failure,APAC,3DS verification failed repeatedly,User tried to pay multiple times but gets stuck at the OTP screen or receives a decline error.,-0.79
ZD-291551,2026-08-21T19:00:00,Refund Request,EU,Issue with refund request,Customer reported a problem regarding refund request in EU.,0.41
ZD-676678,2026-08-21T20:00:00,Payment Failure,APAC,3DS verification failed repeatedly,User tried to pay multiple times but gets stuck at the OTP screen or receives a decline error.,-0.82
ZD-680363,2026-08-21T20:00:00,Payment Failure,APAC,Payment declined after entering OTP,User tried to pay multiple times but gets stuck at the OTP screen or receives a decline error.,-0.7
ZD-333546,2026-08-21T20:00:00,Order Tracking,GLOBAL,Issue with order tracking,Customer reported a problem regarding order tracking in GLOBAL.,0.05
ZD-836981,2026-08-21T21:00:00,Payment Failure,APAC,3DS verification failed repeatedly,User tried to pay multiple times but gets stuck at the OTP screen or receives a decline error.,-0.83
ZD-347116,2026-08-21T21:00:00,Performance Issue,APAC,Issue with performance issue,Customer reported a problem regarding performance issue in APAC.,-0.12
ZD-927684,2026-08-21T21:00:00,Payment Failure,APAC,3DS verification failed repeatedly,User tried to pay multiple times but gets stuck at the OTP screen or receives a decline error.,-0.71
ZD-499655,2026-08-21T22:00:00,Payment Failure,APAC,3DS verification failed repeatedly,User tried to pay multiple times but gets stuck at the OTP screen or receives a decline error.,-0.63
ZD-286479,2026-08-21T22:00:00,Payment Failure,APAC,3DS verification failed repeatedly,User tried to pay multiple times but gets stuck at the OTP screen or receives a decline error.,-0.68
ZD-214333,2026-08-21T23:00:00,Payment Failure,APAC,Payment declined after entering OTP,User tried to pay multiple times but gets stuck at the OTP screen or receives a decline error.,-0.75
ZD-325228,2026-08-22T01:00:00,Billing Inquiry,APAC,Issue with billing inquiry,Customer reported a problem regarding billing inquiry in APAC.,-0.48
ZD-840073,2026-08-22T04:00:00,Payment Failure,APAC,Card rejected at checkout,User tried to pay multiple times but gets stuck at the OTP screen or receives a decline error.,-0.61
ZD-331242,2026-08-22T04:00:00,Payment Failure,APAC,Card rejected at checkout,User tried to pay multiple times but gets stuck at the OTP screen or receives a decline error.,-0.87
ZD-618817,2026-08-22T04:00:00,Payment Failure,APAC,Card rejected at checkout,User tried to pay multiple times but gets stuck at the OTP screen or receives a decline error.,-0.72
ZD-267131,2026-08-22T05:00:00,Payment Failure,APAC,Payment declined after entering OTP,User tried to pay multiple times but gets stuck at the OTP screen or receives a decline error.,-0.8
ZD-919061,2026-08-22T06:00:00,Payment Failure,APAC,3DS verification failed repeatedly,User tried to pay multiple times but gets stuck at the OTP screen or receives a decline error.,-0.85
ZD-717843,2026-08-22T06:00:00,Payment Failure,APAC,3DS verification failed repeatedly,User tried to pay multiple times but gets stuck at the OTP screen or receives a decline error.,-0.93
ZD-315308,2026-08-22T09:00:00,Payment Failure,APAC,3DS verification failed repeatedly,User tried to pay multiple times but gets stuck at the OTP screen or receives a decline error.,-0.81
ZD-550693,2026-08-22T10:00:00,Refund Request,APAC,Issue with refund request,Customer reported a problem regarding refund request in APAC.,0.18
ZD-244486,2026-08-22T11:00:00,Payment Failure,APAC,3DS verification failed repeatedly,User tried to pay multiple times but gets stuck at the OTP screen or receives a decline error.,-0.6
ZD-468432,2026-08-22T11:00:00,Payment Failure,APAC,Card rejected at checkout,User tried to pay multiple times but gets stuck at the OTP screen or receives a decline error.,-0.93
ZD-967114,2026-08-22T14:00:00,Order Tracking,EMEA,Issue with order tracking,Customer reported a problem regarding order tracking in EMEA.,-0.14
ZD-559239,2026-08-22T17:00:00,Payment Failure,APAC,3DS verification failed repeatedly,User tried to pay multiple times but gets stuck at the OTP screen or receives a decline error.,-0.65
ZD-737796,2026-08-22T18:00:00,Refund Request,NA,Issue with refund request,Customer reported a problem regarding refund request in NA.,0.62
ZD-906424,2026-08-22T20:00:00,Payment Failure,APAC,Card rejected at checkout,User tried to pay multiple times but gets stuck at the OTP screen or receives a decline error.,-0.68
ZD-601112,2026-08-22T20:00:00,Payment Failure,APAC,3DS verification failed repeatedly,User tried to pay multiple times but gets stuck at the OTP screen or receives a decline error.,-0.83
ZD-524884,2026-08-23T00:00:00,Payment Failure,APAC,Payment declined after entering OTP,User tried to pay multiple times but gets stuck at the OTP screen or receives a decline error.,-0.86
ZD-458898,2026-08-23T00:00:00,Payment Failure,APAC,Card rejected at checkout,User tried to pay multiple times but gets stuck at the OTP screen or receives a decline error.,-0.92
ZD-826032,2026-08-23T01:00:00,Order Tracking,EMEA,Issue with order tracking,Customer reported a problem regarding order tracking in EMEA.,-0.41
ZD-478492,2026-08-23T01:00:00,Account Access,NA,Issue with account access,Customer reported a problem regarding account access in NA.,-0.22
ZD-537401,2026-08-23T02:00:00,Payment Failure,APAC,3DS verification failed repeatedly,User tried to pay multiple times but gets stuck at the OTP screen or receives a decline error.,-0.86
ZD-778885,2026-08-23T02:00:00,Account Access,GLOBAL,Issue with account access,Customer reported a problem regarding account access in GLOBAL.,-0.36
ZD-925524,2026-08-23T02:00:00,Payment Failure,APAC,3DS verification failed repeatedly,User tried to pay multiple times but gets stuck at the OTP screen or receives a decline error.,-0.9
ZD-433754,2026-08-23T02:00:00,Payment Failure,APAC,Card rejected at checkout,User tried to pay multiple times but gets stuck at the OTP screen or receives a decline error.,-0.61
ZD-871094,2026-08-23T02:00:00,Payment Failure,APAC,3DS verification failed repeatedly,User tried to pay multiple times but gets stuck at the OTP screen or receives a decline error.,-0.71
ZD-488772,2026-08-23T03:00:00,Payment Failure,APAC,Payment declined after entering OTP,User tried to pay multiple times but gets stuck at the OTP screen or receives a decline error.,-0.7
ZD-604144,2026-08-23T03:00:00,Payment Failure,APAC,Payment declined after entering OTP,User tried to pay multiple times but gets stuck at the OTP screen or receives a decline error.,-0.74
ZD-434623,2026-08-23T03:00:00,Billing Inquiry,NA,Issue with billing inquiry,Customer reported a problem regarding billing inquiry in NA.,0.1
ZD-238812,2026-08-23T04:00:00,Payment Failure,APAC,Payment declined after entering OTP,User tried to pay multiple times but gets stuck at the OTP screen or receives a decline error.,-0.71
ZD-734452,2026-08-23T04:00:00,Payment Failure,APAC,3DS verification failed repeatedly,User tried to pay multiple times but gets stuck at the OTP screen or receives a decline error.,-0.83
ZD-278976,2026-08-23T05:00:00,Payment Failure,APAC,Card rejected at checkout,User tried to pay multiple times but gets stuck at the OTP screen or receives a decline error.,-0.91
ZD-827487,2026-08-23T05:00:00,Payment Failure,APAC,Card rejected at checkout,User tried to pay multiple times but gets stuck at the OTP screen or receives a decline error.,-0.94
ZD-355336,2026-08-23T06:00:00,Billing Inquiry,APAC,Issue with billing inquiry,Customer reported a problem regarding billing inquiry in APAC.,-0.43
ZD-816568,2026-08-23T06:00:00,Payment Failure,APAC,Payment declined after entering OTP,User tried to pay multiple times but gets stuck at the OTP screen or receives a decline error.,-0.87
ZD-212150,2026-08-23T07:00:00,Payment Failure,APAC,Payment declined after entering OTP,User tried to pay multiple times but gets stuck at the OTP screen or receives a decline error.,-0.69
ZD-110858,2026-08-23T08:00:00,Payment Failure,APAC,Card rejected at checkout,User tried to pay multiple times but gets stuck at the OTP screen or receives a decline error.,-0.72
ZD-336118,2026-08-23T08:00:00,Payment Failure,APAC,Payment declined after entering OTP,User tried to pay multiple times but gets stuck at the OTP screen or receives a decline error.,-0.68
ZD-573714,2026-08-23T09:00:00,Payment Failure,APAC,Payment declined after entering OTP,User tried to pay multiple times but gets stuck at the OTP screen or receives a decline error.,-0.65
ZD-615532,2026-08-23T10:00:00,Payment Failure,APAC,3DS verification failed repeatedly,User tried to pay multiple times but gets stuck at the OTP screen or receives a decline error.,-0.81
ZD-880152,2026-08-23T10:00:00,Payment Failure,APAC,Card rejected at checkout,User tried to pay multiple times but gets stuck at the OTP screen or receives a decline error.,-0.82
ZD-521345,2026-08-23T10:00:00,Payment Failure,APAC,3DS verification failed repeatedly,User tried to pay multiple times but gets stuck at the OTP screen or receives a decline error.,-0.67
ZD-313184,2026-08-23T10:00:00,Payment Failure,APAC,Payment declined after entering OTP,User tried to pay multiple times but gets stuck at the OTP screen or receives a decline error.,-0.85
ZD-138875,2026-08-23T11:00:00,Payment Failure,APAC,Payment declined after entering OTP,User tried to pay multiple times but gets stuck at the OTP screen or receives a decline error.,-0.79
ZD-323391,2026-08-23T11:00:00,Order Tracking,EU,Issue with order tracking,Customer reported a problem regarding order tracking in EU.,0.24
ZD-774929,2026-08-23T11:00:00,API Integration,LATAM,Issue with api integration,Customer reported a problem regarding api integration in LATAM.,0.02
ZD-200214,2026-08-23T13:00:00,Mobile App Bug,GLOBAL,Issue with mobile app bug,Customer reported a problem regarding mobile app bug in GLOBAL.,-0.03
ZD-532632,2026-08-23T13:00:00,Account Access,APAC,Issue with account access,Customer reported a problem regarding account access in APAC.,0.5
ZD-645757,2026-08-23T14:00:00,Payment Failure,APAC,Payment declined after entering OTP,User tried to pay multiple times but gets stuck at the OTP screen or receives a decline error.,-0.64
ZD-160537,2026-08-23T14:00:00,Billing Inquiry,LATAM,Issue with billing inquiry,Customer reported a problem regarding billing inquiry in LATAM.,0.27
ZD-585689,2026-08-23T15:00:00,Billing Inquiry,EU,Issue with billing inquiry,Customer reported a problem regarding billing inquiry in EU.,0.36
ZD-977751,2026-08-23T16:00:00,Payment Failure,APAC,3DS verification failed repeatedly,User tried to pay multiple times but gets stuck at the OTP screen or receives a decline error.,-0.89
ZD-739066,2026-08-23T18:00:00,Payment Failure,APAC,3DS verification failed repeatedly,User tried to pay multiple times but gets stuck at the OTP screen or receives a decline error.,-0.64
ZD-484665,2026-08-23T18:00:00,Payment Failure,APAC,3DS verification failed repeatedly,User tried to pay multiple times but gets stuck at the OTP screen or receives a decline error.,-0.61
ZD-699723,2026-08-23T18:00:00,Payment Failure,APAC,Payment declined after entering OTP,User tried to pay multiple times but gets stuck at the OTP screen or receives a decline error.,-0.75
ZD-614375,2026-08-23T19:00:00,Payment Failure,APAC,Payment declined after entering OTP,User tried to pay multiple times but gets stuck at the OTP screen or receives a decline error.,-0.74
ZD-310313,2026-08-23T19:00:00,Payment Failure,APAC,Card rejected at checkout,User tried to pay multiple times but gets stuck at the OTP screen or receives a decline error.,-0.81
ZD-288542,2026-08-23T19:00:00,Payment Failure,APAC,Card rejected at checkout,User tried to pay multiple times but gets stuck at the OTP screen or receives a decline error.,-0.92
ZD-934020,2026-08-23T19:00:00,Payment Failure,APAC,3DS verification failed repeatedly,User tried to pay multiple times but gets stuck at the OTP screen or receives a decline error.,-0.73
ZD-260569,2026-08-23T20:00:00,Checkout Error,GLOBAL,Issue with checkout error,Customer reported a problem regarding checkout error in GLOBAL.,-0.16
ZD-864598,2026-08-23T20:00:00,Mobile App Bug,LATAM,Issue with mobile app bug,Customer reported a problem regarding mobile app bug in LATAM.,0.19
ZD-952703,2026-08-23T22:00:00,Order Tracking,GLOBAL,Issue with order tracking,Customer reported a problem regarding order tracking in GLOBAL.,-0.46
ZD-980103,2026-08-23T22:00:00,Performance Issue,NA,Issue with performance issue,Customer reported a problem regarding performance issue in NA.,-0.25
ZD-577735,2026-08-23T22:00:00,Payment Failure,APAC,3DS verification failed repeatedly,User tried to pay multiple times but gets stuck at the OTP screen or receives a decline error.,-0.77
ZD-401739,2026-08-23T22:00:00,Payment Failure,APAC,3DS verification failed repeatedly,User tried to pay multiple times but gets stuck at the OTP screen or receives a decline error.,-0.89
ZD-909994,2026-08-23T23:00:00,API Integration,NA,Issue with api integration,Customer reported a problem regarding api integration in NA.,-0.12
ZD-449240,2026-08-24T00:00:00,Payment Failure,APAC,Payment declined after entering OTP,User tried to pay multiple times but gets stuck at the OTP screen or receives a decline error.,-0.63
ZD-775320,2026-08-24T04:00:00,Payment Failure,APAC,Payment declined after entering OTP,User tried to pay multiple times but gets stuck at the OTP screen or receives a decline error.,-0.9
ZD-292693,2026-08-24T04:00:00,Payment Failure,APAC,Card rejected at checkout,User tried to pay multiple times but gets stuck at the OTP screen or receives a decline error.,-0.64
ZD-544578,2026-08-24T04:00:00,Payment Failure,APAC,Card rejected at checkout,User tried to pay multiple times but gets stuck at the OTP screen or receives a decline error.,-0.84
ZD-199069,2026-08-24T06:00:00,Payment Failure,APAC,Card rejected at checkout,User tried to pay multiple times but gets stuck at the OTP screen or receives a decline error.,-0.79
ZD-820794,2026-08-24T06:00:00,Payment Failure,APAC,Card rejected at checkout,User tried to pay multiple times but gets stuck at the OTP screen or receives a decline error.,-0.89
ZD-948082,2026-08-24T06:00:00,Payment Failure,APAC,3DS verification failed repeatedly,User tried to pay multiple times but gets stuck at the OTP screen or receives a decline error.,-0.69
ZD-119582,2026-08-24T07:00:00,General Support,LATAM,Issue with general support,Customer reported a problem regarding general support in LATAM.,0.79
ZD-347537,2026-08-24T09:00:00,General Support,NA,Issue with general support,Customer reported a problem regarding general support in NA.,-0.26
ZD-115800,2026-08-24T09:00:00,Payment Failure,APAC,3DS verification failed repeatedly,User tried to pay multiple times but gets stuck at the OTP screen or receives a decline error.,-0.86
ZD-351196,2026-08-24T09:00:00,API Integration,GLOBAL,Issue with api integration,Customer reported a problem regarding api integration in GLOBAL.,-0.36
ZD-913729,2026-08-24T10:00:00,Payment Failure,APAC,Payment declined after entering OTP,User tried to pay multiple times but gets stuck at the OTP screen or receives a decline error.,-0.91
ZD-624765,2026-08-24T11:00:00,Payment Failure,APAC,3DS verification failed repeatedly,User tried to pay multiple times but gets stuck at the OTP screen or receives a decline error.,-0.83
ZD-572878,2026-08-24T11:00:00,Payment Failure,APAC,Card rejected at checkout,User tried to pay multiple times but gets stuck at the OTP screen or receives a decline error.,-0.71
ZD-792703,2026-08-24T11:00:00,Order Tracking,EMEA,Issue with order tracking,Customer reported a problem regarding order tracking in EMEA.,-0.47
ZD-167077,2026-08-24T13:00:00,Refund Request,GLOBAL,Issue with refund request,Customer reported a problem regarding refund request in GLOBAL.,0.05
ZD-152283,2026-08-24T14:00:00,Payment Failure,APAC,Payment declined after entering OTP,User tried to pay multiple times but gets stuck at the OTP screen or receives a decline error.,-0.6
ZD-394398,2026-08-24T16:00:00,Payment Failure,APAC,Payment declined after entering OTP,User tried to pay multiple times but gets stuck at the OTP screen or receives a decline error.,-0.75
ZD-538209,2026-08-24T16:00:00,Payment Failure,APAC,Payment declined after entering OTP,User tried to pay multiple times but gets stuck at the OTP screen or receives a decline error.,-0.83
ZD-384132,2026-08-24T17:00:00,API Integration,LATAM,Issue with api integration,Customer reported a problem regarding api integration in LATAM.,-0.43
ZD-601333,2026-08-24T17:00:00,Payment Failure,APAC,3DS verification failed repeatedly,User tried to pay multiple times but gets stuck at the OTP screen or receives a decline error.,-0.81
ZD-749836,2026-08-24T17:00:00,Payment Failure,APAC,3DS verification failed repeatedly,User tried to pay multiple times but gets stuck at the OTP screen or receives a decline error.,-0.77
ZD-592529,2026-08-24T18:00:00,Payment Failure,APAC,3DS verification failed repeatedly,User tried to pay multiple times but gets stuck at the OTP screen or receives a decline error.,-0.67
ZD-874683,2026-08-24T19:00:00,Payment Failure,APAC,Payment declined after entering OTP,User tried to pay multiple times but gets stuck at the OTP screen or receives a decline error.,-0.81
ZD-901743,2026-08-24T19:00:00,Payment Failure,APAC,3DS verification failed repeatedly,User tried to pay multiple times but gets stuck at the OTP screen or receives a decline error.,-0.79
ZD-768417,2026-08-24T20:00:00,Payment Failure,NA,Issue with payment failure,Customer reported a problem regarding payment failure in NA.,-0.2
ZD-944734,2026-08-24T20:00:00,Payment Failure,APAC,Card rejected at checkout,User tried to pay multiple times but gets stuck at the OTP screen or receives a decline error.,-0.94
ZD-420728,2026-08-24T21:00:00,General Support,EMEA,Issue with general support,Customer reported a problem regarding general support in EMEA.,-0.33
ZD-904247,2026-08-24T23:00:00,Checkout Error,EMEA,Issue with checkout error,Customer reported a problem regarding checkout error in EMEA.,0.52
ZD-403688,2026-08-24T23:00:00,Payment Failure,APAC,3DS verification failed repeatedly,User tried to pay multiple times but gets stuck at the OTP screen or receives a decline error.,-0.81
ZD-815742,2026-08-25T00:00:00,Payment Failure,APAC,Card rejected at checkout,User tried to pay multiple times but gets stuck at the OTP screen or receives a decline error.,-0.87
ZD-593840,2026-08-25T00:00:00,Payment Failure,APAC,Payment declined after entering OTP,User tried to pay multiple times but gets stuck at the OTP screen or receives a decline error.,-0.62
ZD-232286,2026-08-25T00:00:00,Payment Failure,APAC,3DS verification failed repeatedly,User tried to pay multiple times but gets stuck at the OTP screen or receives a decline error.,-0.72
ZD-894198,2026-08-25T03:00:00,Mobile App Bug,EU,Issue with mobile app bug,Customer reported a problem regarding mobile app bug in EU.,0.38
ZD-250708,2026-08-25T03:00:00,Payment Failure,APAC,3DS verification failed repeatedly,User tried to pay multiple times but gets stuck at the OTP screen or receives a decline error.,-0.85
ZD-147556,2026-08-25T03:00:00,Payment Failure,APAC,Card rejected at checkout,User tried to pay multiple times but gets stuck at the OTP screen or receives a decline error.,-0.73
ZD-926029,2026-08-25T05:00:00,Payment Failure,APAC,Card rejected at checkout,User tried to pay multiple times but gets stuck at the OTP screen or receives a decline error.,-0.86
ZD-642925,2026-08-25T05:00:00,Checkout Error,GLOBAL,Issue with checkout error,Customer reported a problem regarding checkout error in GLOBAL.,-0.45
ZD-305046,2026-08-25T05:00:00,Payment Failure,APAC,Payment declined after entering OTP,User tried to pay multiple times but gets stuck at the OTP screen or receives a decline error.,-0.63
ZD-642967,2026-08-25T05:00:00,Payment Failure,APAC,Card rejected at checkout,User tried to pay multiple times but gets stuck at the OTP screen or receives a decline error.,-0.86
ZD-442510,2026-08-25T08:00:00,Order Tracking,GLOBAL,Issue with order tracking,Customer reported a problem regarding order tracking in GLOBAL.,-0.21
ZD-799196,2026-08-25T08:00:00,General Support,APAC,Issue with general support,Customer reported a problem regarding general support in APAC.,-0.31
ZD-430657,2026-08-25T08:00:00,Mobile App Bug,APAC,Issue with mobile app bug,Customer reported a problem regarding mobile app bug in APAC.,0.3
ZD-527457,2026-08-25T09:00:00,Refund Request,EU,Issue with refund request,Customer reported a problem regarding refund request in EU.,0.35
ZD-964485,2026-08-25T10:00:00,Payment Failure,APAC,3DS verification failed repeatedly,User tried to pay multiple times but gets stuck at the OTP screen or receives a decline error.,-0.86
ZD-213922,2026-08-25T11:00:00,Billing Inquiry,EMEA,Issue with billing inquiry,Customer reported a problem regarding billing inquiry in EMEA.,0.03
ZD-564656,2026-08-25T13:00:00,Payment Failure,APAC,Card rejected at checkout,User tried to pay multiple times but gets stuck at the OTP screen or receives a decline error.,-0.81
ZD-193198,2026-08-25T13:00:00,Payment Failure,APAC,Payment declined after entering OTP,User tried to pay multiple times but gets stuck at the OTP screen or receives a decline error.,-0.89
ZD-520976,2026-08-25T16:00:00,Payment Failure,APAC,Card rejected at checkout,User tried to pay multiple times but gets stuck at the OTP screen or receives a decline error.,-0.9
ZD-713053,2026-08-25T17:00:00,Payment Failure,APAC,Card rejected at checkout,User tried to pay multiple times but gets stuck at the OTP screen or receives a decline error.,-0.83
ZD-966732,2026-08-25T18:00:00,Order Tracking,EU,Issue with order tracking,Customer reported a problem regarding order tracking in EU.,0.19
ZD-895041,2026-08-25T18:00:00,General Support,APAC,Issue with general support,Customer reported a problem regarding general support in APAC.,0.38
ZD-333275,2026-08-25T19:00:00,Payment Failure,APAC,Payment declined after entering OTP,User tried to pay multiple times but gets stuck at the OTP screen or receives a decline error.,-0.77
ZD-910986,2026-08-25T21:00:00,Payment Failure,APAC,Card rejected at checkout,User tried to pay multiple times but gets stuck at the OTP screen or receives a decline error.,-0.81
ZD-930691,2026-08-25T22:00:00,Payment Failure,APAC,Card rejected at checkout,User tried to pay multiple times but gets stuck at the OTP screen or receives a decline error.,-0.68
ZD-616863,2026-08-25T22:00:00,Payment Failure,APAC,3DS verification failed repeatedly,User tried to pay multiple times but gets stuck at the OTP screen or receives a decline error.,-0.72
ZD-426186,2026-08-25T23:00:00,API Integration,LATAM,Issue with api integration,Customer reported a problem regarding api integration in LATAM.,0.15
ZD-649019,2026-08-25T23:00:00,Payment Failure,APAC,Card rejected at checkout,User tried to pay multiple times but gets stuck at the OTP screen or receives a decline error.,-0.87
ZD-970027,2026-08-26T00:00:00,Payment Failure,APAC,3DS verification failed repeatedly,User tried to pay multiple times but gets stuck at the OTP screen or receives a decline error.,-0.87
ZD-471688,2026-08-26T01:00:00,Payment Failure,APAC,Payment declined after entering OTP,User tried to pay multiple times but gets stuck at the OTP screen or receives a decline error.,-0.94
ZD-121842,2026-08-26T02:00:00,Payment Failure,APAC,Payment declined after entering OTP,User tried to pay multiple times but gets stuck at the OTP screen or receives a decline error.,-0.94
ZD-505002,2026-08-26T03:00:00,Payment Failure,APAC,Card rejected at checkout,User tried to pay multiple times but gets stuck at the OTP screen or receives a decline error.,-0.82
ZD-864246,2026-08-26T03:00:00,Payment Failure,APAC,Card rejected at checkout,User tried to pay multiple times but gets stuck at the OTP screen or receives a decline error.,-0.67
ZD-788312,2026-08-26T03:00:00,General Support,EMEA,Issue with general support,Customer reported a problem regarding general support in EMEA.,0.28
ZD-145432,2026-08-26T04:00:00,Payment Failure,APAC,Card rejected at checkout,User tried to pay multiple times but gets stuck at the OTP screen or receives a decline error.,-0.78
ZD-496745,2026-08-26T05:00:00,Performance Issue,LATAM,Issue with performance issue,Customer reported a problem regarding performance issue in LATAM.,-0.13
ZD-123913,2026-08-26T05:00:00,Payment Failure,APAC,3DS verification failed repeatedly,User tried to pay multiple times but gets stuck at the OTP screen or receives a decline error.,-0.7
ZD-973709,2026-08-26T06:00:00,API Integration,LATAM,Issue with api integration,Customer reported a problem regarding api integration in LATAM.,0.02
ZD-290497,2026-08-26T08:00:00,Payment Failure,APAC,Card rejected at checkout,User tried to pay multiple times but gets stuck at the OTP screen or receives a decline error.,-0.67
ZD-390885,2026-08-26T08:00:00,Payment Failure,APAC,3DS verification failed repeatedly,User tried to pay multiple times but gets stuck at the OTP screen or receives a decline error.,-0.84
ZD-535190,2026-08-26T09:00:00,Payment Failure,APAC,3DS verification failed repeatedly,User tried to pay multiple times but gets stuck at the OTP screen or receives a decline error.,-0.65
ZD-163753,2026-08-26T09:00:00,Payment Failure,APAC,Card rejected at checkout,User tried to pay multiple times but gets stuck at the OTP screen or receives a decline error.,-0.65
ZD-371447,2026-08-26T10:00:00,Payment Failure,APAC,Payment declined after entering OTP,User tried to pay multiple times but gets stuck at the OTP screen or receives a decline error.,-0.78
ZD-267262,2026-08-26T12:00:00,Checkout Error,GLOBAL,Issue with checkout error,Customer reported a problem regarding checkout error in GLOBAL.,-0.02
ZD-120302,2026-08-26T12:00:00,Payment Failure,APAC,3DS verification failed repeatedly,User tried to pay multiple times but gets stuck at the OTP screen or receives a decline error.,-0.93
ZD-621480,2026-08-26T12:00:00,General Support,APAC,Issue with general support,Customer reported a problem regarding general support in APAC.,0.37
ZD-967519,2026-08-26T14:00:00,Payment Failure,APAC,3DS verification failed repeatedly,User tried to pay multiple times but gets stuck at the OTP screen or receives a decline error.,-0.65
ZD-550864,2026-08-26T15:00:00,Payment Failure,APAC,Payment declined after entering OTP,User tried to pay multiple times but gets stuck at the OTP screen or receives a decline error.,-0.89
ZD-531398,2026-08-26T16:00:00,Refund Request,LATAM,Issue with refund request,Customer reported a problem regarding refund request in LATAM.,-0.4
ZD-543412,2026-08-26T16:00:00,Refund Request,NA,Issue with refund request,Customer reported a problem regarding refund request in NA.,0.16
ZD-728169,2026-08-26T17:00:00,General Support,NA,Issue with general support,Customer reported a problem regarding general support in NA.,-0.4
ZD-581915,2026-08-26T18:00:00,Payment Failure,APAC,Payment declined after entering OTP,User tried to pay multiple times but gets stuck at the OTP screen or receives a decline error.,-0.82
ZD-890042,2026-08-26T19:00:00,Payment Failure,NA,Issue with payment failure,Customer reported a problem regarding payment failure in NA.,0.34
ZD-412789,2026-08-26T19:00:00,Performance Issue,LATAM,Issue with performance issue,Customer reported a problem regarding performance issue in LATAM.,0.32
ZD-200589,2026-08-26T20:00:00,General Support,LATAM,Issue with general support,Customer reported a problem regarding general support in LATAM.,0.26
ZD-649621,2026-08-26T20:00:00,Payment Failure,APAC,3DS verification failed repeatedly,User tried to pay multiple times but gets stuck at the OTP screen or receives a decline error.,-0.91
ZD-917949,2026-08-26T23:00:00,Payment Failure,APAC,3DS verification failed repeatedly,User tried to pay multiple times but gets stuck at the OTP screen or receives a decline error.,-0.74
ZD-922280,2026-08-26T23:00:00,Payment Failure,APAC,3DS verification failed repeatedly,User tried to pay multiple times but gets stuck at the OTP screen or receives a decline error.,-0.71
ZD-390376,2026-08-27T03:00:00,Payment Failure,APAC,Card rejected at checkout,User tried to pay multiple times but gets stuck at the OTP screen or receives a decline error.,-0.8
ZD-804752,2026-08-27T03:00:00,Payment Failure,APAC,3DS verification failed repeatedly,User tried to pay multiple times but gets stuck at the OTP screen or receives a decline error.,-0.63
ZD-518034,2026-08-27T05:00:00,Payment Failure,APAC,Payment declined after entering OTP,User tried to pay multiple times but gets stuck at the OTP screen or receives a decline error.,-0.86
ZD-161166,2026-08-27T07:00:00,Payment Failure,APAC,Card rejected at checkout,User tried to pay multiple times but gets stuck at the OTP screen or receives a decline error.,-0.64
ZD-757582,2026-08-27T09:00:00,Payment Failure,APAC,Card rejected at checkout,User tried to pay multiple times but gets stuck at the OTP screen or receives a decline error.,-0.75
ZD-380836,2026-08-27T09:00:00,Checkout Error,NA,Issue with checkout error,Customer reported a problem regarding checkout error in NA.,0.66
ZD-673824,2026-08-27T09:00:00,Payment Failure,APAC,Payment declined after entering OTP,User tried to pay multiple times but gets stuck at the OTP screen or receives a decline error.,-0.93
ZD-988594,2026-08-27T10:00:00,Checkout Error,EMEA,Issue with checkout error,Customer reported a problem regarding checkout error in EMEA.,0.44
ZD-423818,2026-08-27T13:00:00,Payment Failure,APAC,Card rejected at checkout,User tried to pay multiple times but gets stuck at the OTP screen or receives a decline error.,-0.76
ZD-235207,2026-08-27T13:00:00,API Integration,LATAM,Issue with api integration,Customer reported a problem regarding api integration in LATAM.,0.11
ZD-145723,2026-08-27T14:00:00,Payment Failure,APAC,Payment declined after entering OTP,User tried to pay multiple times but gets stuck at the OTP screen or receives a decline error.,-0.61
ZD-402551,2026-08-27T15:00:00,Mobile App Bug,GLOBAL,Issue with mobile app bug,Customer reported a problem regarding mobile app bug in GLOBAL.,0.6
ZD-889946,2026-08-27T16:00:00,Payment Failure,APAC,Card rejected at checkout,User tried to pay multiple times but gets stuck at the OTP screen or receives a decline error.,-0.89
ZD-311011,2026-08-27T18:00:00,Account Access,EMEA,Issue with account access,Customer reported a problem regarding account access in EMEA.,0.25
ZD-236606,2026-08-27T19:00:00,Refund Request,LATAM,Issue with refund request,Customer reported a problem regarding refund request in LATAM.,0.66
ZD-940619,2026-08-27T19:00:00,Mobile App Bug,GLOBAL,Issue with mobile app bug,Customer reported a problem regarding mobile app bug in GLOBAL.,0.35
ZD-837799,2026-08-27T20:00:00,Order Tracking,APAC,Issue with order tracking,Customer reported a problem regarding order tracking in APAC.,0.65
ZD-717398,2026-08-27T23:00:00,API Integration,NA,Issue with api integration,Customer reported a problem regarding api integration in NA.,0.22
ZD-360227,2026-08-28T00:00:00,Mobile App Bug,APAC,Issue with mobile app bug,Customer reported a problem regarding mobile app bug in APAC.,0.26
ZD-662791,2026-08-28T01:00:00,Payment Failure,APAC,Payment declined after entering OTP,User tried to pay multiple times but gets stuck at the OTP screen or receives a decline error.,-0.85
ZD-899938,2026-08-28T01:00:00,Payment Failure,APAC,Payment declined after entering OTP,User tried to pay multiple times but gets stuck at the OTP screen or receives a decline error.,-0.74
ZD-723729,2026-08-28T01:00:00,Payment Failure,APAC,Payment declined after entering OTP,User tried to pay multiple times but gets stuck at the OTP screen or receives a decline error.,-0.63
ZD-121965,2026-08-28T02:00:00,Payment Failure,APAC,Payment declined after entering OTP,User tried to pay multiple times but gets stuck at the OTP screen or receives a decline error.,-0.91
ZD-623932,2026-08-28T02:00:00,Payment Failure,APAC,Payment declined after entering OTP,User tried to pay multiple times but gets stuck at the OTP screen or receives a decline error.,-0.84
ZD-946452,2026-08-28T02:00:00,Payment Failure,APAC,3DS verification failed repeatedly,User tried to pay multiple times but gets stuck at the OTP screen or receives a decline error.,-0.74
ZD-696699,2026-08-28T02:00:00,Payment Failure,GLOBAL,Issue with payment failure,Customer reported a problem regarding payment failure in GLOBAL.,0.62
ZD-862393,2026-08-28T03:00:00,Account Access,LATAM,Issue with account access,Customer reported a problem regarding account access in LATAM.,0.66
ZD-465188,2026-08-28T04:00:00,Payment Failure,APAC,Payment declined after entering OTP,User tried to pay multiple times but gets stuck at the OTP screen or receives a decline error.,-0.67
ZD-900511,2026-08-28T04:00:00,Payment Failure,APAC,3DS verification failed repeatedly,User tried to pay multiple times but gets stuck at the OTP screen or receives a decline error.,-0.61
ZD-989418,2026-08-28T04:00:00,General Support,EU,Issue with general support,Customer reported a problem regarding general support in EU.,0.26
ZD-171834,2026-08-28T05:00:00,Payment Failure,APAC,Card rejected at checkout,User tried to pay multiple times but gets stuck at the OTP screen or receives a decline error.,-0.67
ZD-953121,2026-08-28T05:00:00,Checkout Error,NA,Issue with checkout error,Customer reported a problem regarding checkout error in NA.,0.77
ZD-328837,2026-08-28T05:00:00,Payment Failure,APAC,Payment declined after entering OTP,User tried to pay multiple times but gets stuck at the OTP screen or receives a decline error.,-0.9
ZD-734230,2026-08-28T06:00:00,Payment Failure,APAC,Card rejected at checkout,User tried to pay multiple times but gets stuck at the OTP screen or receives a decline error.,-0.82
ZD-489304,2026-08-28T07:00:00,Payment Failure,APAC,Payment declined after entering OTP,User tried to pay multiple times but gets stuck at the OTP screen or receives a decline error.,-0.85
ZD-181674,2026-08-28T07:00:00,General Support,APAC,Issue with general support,Customer reported a problem regarding general support in APAC.,-0.49
ZD-698621,2026-08-28T07:00:00,Payment Failure,APAC,3DS verification failed repeatedly,User tried to pay multiple times but gets stuck at the OTP screen or receives a decline error.,-0.63
ZD-176597,2026-08-28T07:00:00,Payment Failure,APAC,3DS verification failed repeatedly,User tried to pay multiple times but gets stuck at the OTP screen or receives a decline error.,-0.8
ZD-537547,2026-08-28T08:00:00,Payment Failure,APAC,Card rejected at checkout,User tried to pay multiple times but gets stuck at the OTP screen or receives a decline error.,-0.6
ZD-229835,2026-08-28T08:00:00,Payment Failure,EMEA,Issue with payment failure,Customer reported a problem regarding payment failure in EMEA.,0.77
ZD-442210,2026-08-28T08:00:00,API Integration,NA,Issue with api integration,Customer reported a problem regarding api integration in NA.,-0.37
ZD-471344,2026-08-28T11:00:00,Payment Failure,APAC,Payment declined after entering OTP,User tried to pay multiple times but gets stuck at the OTP screen or receives a decline error.,-0.63
ZD-954733,2026-08-28T12:00:00,Performance Issue,EMEA,Issue with performance issue,Customer reported a problem regarding performance issue in EMEA.,0.01
ZD-473958,2026-08-28T12:00:00,Payment Failure,APAC,Payment declined after entering OTP,User tried to pay multiple times but gets stuck at the OTP screen or receives a decline error.,-0.83
ZD-656979,2026-08-28T12:00:00,Payment Failure,APAC,Payment declined after entering OTP,User tried to pay multiple times but gets stuck at the OTP screen or receives a decline error.,-0.93
ZD-515389,2026-08-28T13:00:00,Payment Failure,APAC,Card rejected at checkout,User tried to pay multiple times but gets stuck at the OTP screen or receives a decline error.,-0.94
ZD-796126,2026-08-28T13:00:00,Payment Failure,APAC,Card rejected at checkout,User tried to pay multiple times but gets stuck at the OTP screen or receives a decline error.,-0.88
ZD-867403,2026-08-28T14:00:00,Payment Failure,APAC,Payment declined after entering OTP,User tried to pay multiple times but gets stuck at the OTP screen or receives a decline error.,-0.66
ZD-674085,2026-08-28T14:00:00,Payment Failure,APAC,Card rejected at checkout,User tried to pay multiple times but gets stuck at the OTP screen or receives a decline error.,-0.69
ZD-490285,2026-08-28T15:00:00,Order Tracking,EU,Issue with order tracking,Customer reported a problem regarding order tracking in EU.,0.46
ZD-928280,2026-08-28T16:00:00,Payment Failure,APAC,Card rejected at checkout,User tried to pay multiple times but gets stuck at the OTP screen or receives a decline error.,-0.82
ZD-955472,2026-08-28T17:00:00,Payment Failure,APAC,3DS verification failed repeatedly,User tried to pay multiple times but gets stuck at the OTP screen or receives a decline error.,-0.94
ZD-758424,2026-08-28T17:00:00,Payment Failure,APAC,3DS verification failed repeatedly,User tried to pay multiple times but gets stuck at the OTP screen or receives a decline error.,-0.85
ZD-880720,2026-08-28T18:00:00,Payment Failure,APAC,Card rejected at checkout,User tried to pay multiple times but gets stuck at the OTP screen or receives a decline error.,-0.93
ZD-835357,2026-08-28T19:00:00,Payment Failure,APAC,Card rejected at checkout,User tried to pay multiple times but gets stuck at the OTP screen or receives a decline error.,-0.66
ZD-452092,2026-08-28T19:00:00,Payment Failure,APAC,Card rejected at checkout,User tried to pay multiple times but gets stuck at the OTP screen or receives a decline error.,-0.61
ZD-396247,2026-08-28T20:00:00,Payment Failure,APAC,Card rejected at checkout,User tried to pay multiple times but gets stuck at the OTP screen or receives a decline error.,-0.74
ZD-941239,2026-08-28T20:00:00,Account Access,APAC,Issue with account access,Customer reported a problem regarding account access in APAC.,0.45
ZD-520442,2026-08-28T21:00:00,Payment Failure,APAC,Card rejected at checkout,User tried to pay multiple times but gets stuck at the OTP screen or receives a decline error.,-0.93
ZD-111023,2026-08-28T21:00:00,Payment Failure,APAC,Payment declined after entering OTP,User tried to pay multiple times but gets stuck at the OTP screen or receives a decline error.,-0.75
ZD-723622,2026-08-28T21:00:00,Mobile App Bug,EU,Issue with mobile app bug,Customer reported a problem regarding mobile app bug in EU.,0.28
ZD-365790,2026-08-28T21:00:00,General Support,APAC,Issue with general support,Customer reported a problem regarding general support in APAC.,0.51
ZD-802205,2026-08-28T21:00:00,Payment Failure,APAC,Payment declined after entering OTP,User tried to pay multiple times but gets stuck at the OTP screen or receives a decline error.,-0.75
ZD-848402,2026-08-28T22:00:00,Payment Failure,APAC,Card rejected at checkout,User tried to pay multiple times but gets stuck at the OTP screen or receives a decline error.,-0.83
ZD-427191,2026-08-28T22:00:00,Payment Failure,NA,Issue with payment failure,Customer reported a problem regarding payment failure in NA.,-0.12
ZD-385293,2026-08-28T23:00:00,Payment Failure,APAC,Card rejected at checkout,User tried to pay multiple times but gets stuck at the OTP screen or receives a decline error.,-0.7
ZD-536550,2026-08-28T23:00:00,Payment Failure,APAC,3DS verification failed repeatedly,User tried to pay multiple times but gets stuck at the OTP screen or receives a decline error.,-0.68
ZD-787538,2026-08-28T23:00:00,Payment Failure,APAC,Card rejected at checkout,User tried to pay multiple times but gets stuck at the OTP screen or receives a decline error.,-0.89
